 {"type" : "FeatureCollection", "features" : [{"type" : "Feature", "geometry" : {"type":"Polygon","coordinates":[[[-73.326233,-37.489721],[-73.326604,-37.489444],[-73.327132,-37.490122],[-73.327239,-37.490208],[-73.327128,-37.49029],[-73.327053,-37.490356],[-73.327104,-37.490412],[-73.326928,-37.490601],[-73.326826,-37.490497],[-73.326233,-37.489721]]]}, "properties" : {"id" : "120-120.a", "nombre_bloque" : "120.a", "territorio_padre" : 120, "color" : null}}, {"type" : "Feature", "geometry" : {"type":"Polygon","coordinates":[[[-73.326787,-37.490531],[-73.326879,-37.490625],[-73.326671,-37.490763],[-73.326627,-37.490699],[-73.3264,-37.49079],[-73.325763,-37.489981],[-73.326165,-37.489765],[-73.326787,-37.490531]]]}, "properties" : {"id" : "120-120.b", "nombre_bloque" : "120.b", "territorio_padre" : 120, "color" : null}}, {"type" : "Feature", "geometry" : {"type":"Polygon","coordinates":[[[-73.3257432,-37.4900198],[-73.3263782,-37.4908178],[-73.3264535,-37.4908908],[-73.3261048,-37.4911776],[-73.3253092,-37.4902498],[-73.3257432,-37.4900198]]]}, "properties" : {"id" : "120-120.c", "nombre_bloque" : "120.c", "territorio_padre" : 120, "color" : null}}, {"type" : "Feature", "geometry" : {"type":"Polygon","coordinates":[[[-73.3264856,-37.4908805],[-73.326419,-37.490803],[-73.326626,-37.490729],[-73.326685,-37.490793],[-73.326876,-37.49064],[-73.327004,-37.490757],[-73.326646,-37.491045],[-73.32669,-37.491092],[-73.326903,-37.490936],[-73.327077,-37.49078],[-73.327084,-37.490736],[-73.326934,-37.490619],[-73.327126,-37.490413],[-73.327072,-37.490375],[-73.327232,-37.490247],[-73.32763,-37.490562],[-73.327312,-37.490941],[-73.3267534,-37.4912056],[-73.3265865,-37.4910472],[-73.3264856,-37.4908805]]]}, "properties" : {"id" : "120-120.d", "nombre_bloque" : "120.d", "territorio_padre" : 120, "color" : null}}, {"type" : "Feature", "geometry" : {"type":"Polygon","coordinates":[[[-73.3256426,-37.4899704],[-73.325223,-37.4901845],[-73.3244303,-37.4891271],[-73.3248443,-37.4889191],[-73.3256426,-37.4899704]]]}, "properties" : {"id" : "121-121.a", "nombre_bloque" : "121.a", "territorio_padre" : 121, "color" : null}}, {"type" : "Feature", "geometry" : {"type":"Polygon","coordinates":[[[-73.325077,-37.490082],[-73.324673,-37.490288],[-73.323965,-37.489362],[-73.32439,-37.489148],[-73.325077,-37.490082]]]}, "properties" : {"id" : "121-121.b", "nombre_bloque" : "121.b", "territorio_padre" : 121, "color" : null}}, {"type" : "Feature", "geometry" : {"type":"Polygon","coordinates":[[[-73.3247061,-37.4904133],[-73.3242928,-37.4906055],[-73.323467,-37.489615],[-73.323892,-37.489391],[-73.3247061,-37.4904133]]]}, "properties" : {"id" : "121-121.c", "nombre_bloque" : "121.c", "territorio_padre" : 121, "color" : null}}, {"type" : "Feature", "geometry" : {"type":"Polygon","coordinates":[[[-73.324812,-37.490461],[-73.32522,-37.490259],[-73.325923,-37.491121],[-73.325493,-37.491335],[-73.324812,-37.490461]]]}, "properties" : {"id" : "122-122.a", "nombre_bloque" : "122.a", "territorio_padre" : 122, "color" : null}}, {"type" : "Feature", "geometry" : {"type":"Polygon","coordinates":[[[-73.325406,-37.491295],[-73.325468,-37.491385],[-73.325041,-37.491623],[-73.324905,-37.491458],[-73.324901,-37.491409],[-73.324868,-37.491368],[-73.324437,-37.490864],[-73.324317,-37.490684],[-73.324757,-37.490492],[-73.325406,-37.491295]]]}, "properties" : {"id" : "122-122.b", "nombre_bloque" : "122.b", "territorio_padre" : 122, "color" : null}}, {"type" : "Feature", "geometry" : {"type":"Polygon","coordinates":[[[-73.325059,-37.491644],[-73.325479,-37.491406],[-73.325486,-37.491338],[-73.325927,-37.491131],[-73.32606,-37.491305],[-73.326235,-37.491534],[-73.325382,-37.492066],[-73.325059,-37.491644]]]}, "properties" : {"id" : "122-122.c", "nombre_bloque" : "122.c", "territorio_padre" : 122, "color" : null}}, {"type" : "Feature", "geometry" : {"type":"Polygon","coordinates":[[[-73.3264381,-37.4917754],[-73.3259436,-37.4923218],[-73.3256857,-37.4923956],[-73.3254147,-37.4924695],[-73.3251696,-37.4926055],[-73.3249995,-37.4926675],[-73.3246964,-37.4927935],[-73.3245583,-37.492808],[-73.3244628,-37.4928013],[-73.3243816,-37.4927831],[-73.3243366,-37.4927148],[-73.3243124,-37.4926484],[-73.3246671,-37.4925264],[-73.3254141,-37.4921654],[-73.3262941,-37.4915684],[-73.3264381,-37.4917754]]]}, "properties" : {"id" : "122-122.d", "nombre_bloque" : "122.d", "territorio_padre" : 122, "color" : null}}, {"type" : "Feature", "geometry" : {"type":"Polygon","coordinates":[[[-73.3253761,-37.4921535],[-73.3256068,-37.4923961],[-73.3252393,-37.4925515],[-73.3249952,-37.4926515],[-73.3246948,-37.4927664],[-73.3245044,-37.4927984],[-73.3243917,-37.4927771],[-73.324322,-37.4926451],[-73.3245151,-37.4925706],[-73.3247136,-37.492477],[-73.3249282,-37.4923791],[-73.3251106,-37.4922855],[-73.3253761,-37.4921535]]]}, "properties" : {"id" : "122-122.e", "nombre_bloque" : "122.e", "territorio_padre" : 122, "color" : null}}, {"type" : "Feature", "geometry" : {"type":"Polygon","coordinates":[[[-73.323613,-37.489948],[-73.322281,-37.490619],[-73.322141,-37.490229],[-73.32339,-37.489643],[-73.323613,-37.489948]]]}, "properties" : {"id" : "123-123.a", "nombre_bloque" : "123.a", "territorio_padre" : 123, "color" : null}}, {"type" : "Feature", "geometry" : {"type":"Polygon","coordinates":[[[-73.323684,-37.490019],[-73.323952,-37.490366],[-73.323452,-37.490586],[-73.322448,-37.491049],[-73.32234,-37.490689],[-73.323684,-37.490019]]]}, "properties" : {"id" : "123-123.b", "nombre_bloque" : "123.b", "territorio_padre" : 123, "color" : null}}, {"type" : "Feature", "geometry" : {"type":"Polygon","coordinates":[[[-73.324172,-37.490633],[-73.323715,-37.490882],[-73.32352,-37.490624],[-73.32398,-37.490403],[-73.324172,-37.490633]]]}, "properties" : {"id" : "123-123.c", "nombre_bloque" : "123.c", "territorio_padre" : 123, "color" : null}}, {"type" : "Feature", "geometry" : {"type":"Polygon","coordinates":[[[-73.323455,-37.490656],[-73.323697,-37.490981],[-73.322555,-37.491557],[-73.322475,-37.491135],[-73.323455,-37.490656]]]}, "properties" : {"id" : "123-123.d", "nombre_bloque" : "123.d", "territorio_padre" : 123, "color" : null}}, {"type" : "Feature", "geometry" : {"type":"Polygon","coordinates":[[[-73.323998,-37.491357],[-73.322647,-37.492019],[-73.322575,-37.491618],[-73.323747,-37.491029],[-73.323998,-37.491357]]]}, "properties" : {"id" : "124-124.a", "nombre_bloque" : "124.a", "territorio_padre" : 124, "color" : null}}, {"type" : "Feature", "geometry" : {"type":"Polygon","coordinates":[[[-73.324043,-37.491404],[-73.324303,-37.491736],[-73.323436,-37.492201],[-73.3231135,-37.4923475],[-73.322791,-37.492494],[-73.322672,-37.492534],[-73.322635,-37.492475],[-73.322573,-37.492133],[-73.324043,-37.491404]]]}, "properties" : {"id" : "124-124.b", "nombre_bloque" : "124.b", "territorio_padre" : 124, "color" : null}}, {"type" : "Feature", "geometry" : {"type":"Polygon","coordinates":[[[-73.32504,-37.491747],[-73.323719,-37.492428],[-73.323749,-37.492475],[-73.325072,-37.491799],[-73.325322,-37.492113],[-73.324797,-37.492383],[-73.324392,-37.492587],[-73.323764,-37.492777],[-73.323557,-37.49279],[-73.323212,-37.492827],[-73.322853,-37.492857],[-73.322807,-37.492843],[-73.322656,-37.492817],[-73.322639,-37.492624],[-73.322836,-37.492541],[-73.323331,-37.492304],[-73.323949,-37.491996],[-73.32432,-37.4918],[-73.324739,-37.491608],[-73.324867,-37.49153],[-73.32504,-37.491747]]]}, "properties" : {"id" : "124-124.c", "nombre_bloque" : "124.c", "territorio_padre" : 124, "color" : null}}, {"type" : "Feature", "geometry" : {"type":"MultiPolygon","coordinates":[[[[-73.3212045,-37.4924386],[-73.3225082,-37.4925221],[-73.321315,-37.4920467],[-73.3212045,-37.4924386]]],[[[-73.321315,-37.4920467],[-73.3212047,-37.4924538],[-73.3212045,-37.4924386],[-73.321315,-37.4920467]]],[[[-73.3213901,-37.4921021],[-73.3211989,-37.4919399],[-73.3211117,-37.4916574],[-73.320822,-37.4911579],[-73.32088,-37.4910229],[-73.320971,-37.4908859],[-73.321007,-37.4908009],[-73.321202,-37.4906519],[-73.321518,-37.4905469],[-73.32175,-37.4904479],[-73.322046,-37.4902959],[-73.32218,-37.4907799],[-73.322206,-37.4909089],[-73.3224,-37.4917129],[-73.322509,-37.4923409],[-73.322511,-37.4925509],[-73.3213901,-37.4921021]]]]}, "properties" : {"id" : "125-125.a", "nombre_bloque" : "125.a", "territorio_padre" : 125, "color" : null}}, {"type" : "Feature", "geometry" : {"type":"Polygon","coordinates":[[[-73.322572,-37.492706],[-73.322624,-37.493072],[-73.32214,-37.493294],[-73.32188,-37.493391],[-73.321746,-37.493483],[-73.321475,-37.493719],[-73.321318,-37.493832],[-73.321218,-37.493874],[-73.321078,-37.493906],[-73.321032,-37.493832],[-73.321408,-37.493396],[-73.321643,-37.493164],[-73.322133,-37.492923],[-73.322477,-37.492719],[-73.322572,-37.492706]]]}, "properties" : {"id" : "125-125.b", "nombre_bloque" : "125.b", "territorio_padre" : 125, "color" : null}}, {"type" : "Feature", "geometry" : {"type":"Polygon","coordinates":[[[-73.32235,-37.493412],[-73.322419,-37.493458],[-73.322479,-37.493552],[-73.322503,-37.49372],[-73.321827,-37.494187],[-73.321588,-37.494348],[-73.321441,-37.494415],[-73.321135,-37.494519],[-73.321018,-37.494349],[-73.321261,-37.49416],[-73.321302,-37.493979],[-73.321512,-37.493802],[-73.321687,-37.493629],[-73.321865,-37.493499],[-73.322178,-37.493427],[-73.32235,-37.493412]]]}, "properties" : {"id" : "125-125.c", "nombre_bloque" : "125.c", "territorio_padre" : 125, "color" : null}}, {"type" : "Feature", "geometry" : {"type":"Polygon","coordinates":[[[-73.322759,-37.493984],[-73.322665,-37.49406],[-73.322227,-37.494341],[-73.322071,-37.494422],[-73.321718,-37.494648],[-73.321536,-37.494749],[-73.321397,-37.494965],[-73.321065,-37.494795],[-73.321194,-37.494546],[-73.321402,-37.494491],[-73.321542,-37.49443],[-73.321752,-37.494302],[-73.321991,-37.494133],[-73.322179,-37.494008],[-73.322359,-37.493874],[-73.322557,-37.493751],[-73.322759,-37.493984]]]}, "properties" : {"id" : "125-125.d", "nombre_bloque" : "125.d", "territorio_padre" : 125, "color" : null}}, {"type" : "Feature", "geometry" : {"type":"Polygon","coordinates":[[[-73.322951,-37.494761],[-73.322334,-37.494991],[-73.32211,-37.4951],[-73.321766,-37.495],[-73.321824,-37.494639],[-73.322055,-37.494467],[-73.322088,-37.494518],[-73.322303,-37.494342],[-73.32269,-37.494097],[-73.322817,-37.494084],[-73.322951,-37.494761]]]}, "properties" : {"id" : "125-125.e", "nombre_bloque" : "125.e", "territorio_padre" : 125, "color" : null}}, {"type" : "Feature", "geometry" : {"type":"Polygon","coordinates":[[[-73.318678,-37.495955],[-73.318505,-37.495776],[-73.318633,-37.494992],[-73.31895,-37.494659],[-73.319238,-37.494259],[-73.319812,-37.493996],[-73.320266,-37.493697],[-73.320486,-37.493763],[-73.320831,-37.4939],[-73.320616,-37.494149],[-73.320108,-37.494619],[-73.318678,-37.495955]]]}, "properties" : {"id" : "125-125.f", "nombre_bloque" : "125.f", "territorio_padre" : 125, "color" : null}}, {"type" : "Feature", "geometry" : {"type":"Polygon","coordinates":[[[-73.320781,-37.494433],[-73.320334,-37.494996],[-73.319896,-37.495678],[-73.319855,-37.495975],[-73.319635,-37.496572],[-73.319444,-37.497328],[-73.31933,-37.497522],[-73.318868,-37.497995],[-73.318663,-37.498202],[-73.31847,-37.498415],[-73.318299,-37.499018],[-73.318267,-37.499231],[-73.318255,-37.499236],[-73.317934,-37.4995],[-73.317618,-37.499567],[-73.317173,-37.500287],[-73.316038,-37.500438],[-73.315821,-37.500214],[-73.31621,-37.499626],[-73.316409,-37.499407],[-73.31669,-37.499009],[-73.31686,-37.498836],[-73.317094,-37.498474],[-73.317528,-37.497878],[-73.317715,-37.497626],[-73.318102,-37.497156],[-73.318547,-37.496519],[-73.318717,-37.496238],[-73.318852,-37.496174],[-73.318912,-37.495959],[-73.319692,-37.495126],[-73.320666,-37.49428],[-73.320781,-37.494433]]]}, "properties" : {"id" : "125-125.g", "nombre_bloque" : "125.g", "territorio_padre" : 125, "color" : null}}, {"type" : "Feature", "geometry" : {"type":"Polygon","coordinates":[[[-73.315751,-37.500204],[-73.315343,-37.500155],[-73.315622,-37.499351],[-73.315715,-37.498885],[-73.315851,-37.498537],[-73.316065,-37.498177],[-73.316296,-37.497871],[-73.316621,-37.497491],[-73.316911,-37.497297],[-73.317582,-37.496992],[-73.318049,-37.49666],[-73.318267,-37.496783],[-73.317657,-37.497567],[-73.317259,-37.498081],[-73.31683,-37.498729],[-73.316462,-37.499178],[-73.316109,-37.499633],[-73.315751,-37.500204]]]}, "properties" : {"id" : "125-125.h", "nombre_bloque" : "125.h", "territorio_padre" : 125, "color" : null}}, {"type" : "Feature", "geometry" : {"type":"Polygon","coordinates":[[[-73.3465706,-37.5168917],[-73.3467261,-37.5170746],[-73.346812,-37.5172193],[-73.3468871,-37.517432],[-73.3469461,-37.517649],[-73.3469944,-37.5178703],[-73.3470212,-37.5180022],[-73.3471177,-37.5181341],[-73.3470051,-37.5182447],[-73.3467851,-37.5179852],[-73.3465974,-37.517432],[-73.346533,-37.5170874],[-73.3465062,-37.51693],[-73.3465706,-37.5168917]]]}, "properties" : {"id" : "126-126.a", "nombre_bloque" : "126.a", "territorio_padre" : 126, "color" : null}}, {"type" : "Feature", "geometry" : {"type":"Polygon","coordinates":[[[-73.345628,-37.516689],[-73.345804,-37.516761],[-73.345992,-37.516834],[-73.346074,-37.516889],[-73.34623,-37.516965],[-73.346315,-37.517127],[-73.346498,-37.517594],[-73.346629,-37.517852],[-73.346723,-37.518075],[-73.346868,-37.518353],[-73.346947,-37.518636],[-73.346941,-37.518697],[-73.346937,-37.518741],[-73.346927,-37.518795],[-73.346906,-37.518852],[-73.346899,-37.518915],[-73.346894,-37.518975],[-73.346893,-37.518989],[-73.346895,-37.51904],[-73.34694,-37.519069],[-73.346993,-37.519118],[-73.346966,-37.51916],[-73.346922,-37.519164],[-73.346851,-37.519163],[-73.346749,-37.519124],[-73.346628,-37.51907],[-73.346529,-37.51902],[-73.346499,-37.51897],[-73.346427,-37.518833],[-73.346386,-37.518739],[-73.34633,-37.518643],[-73.346289,-37.518561],[-73.34626,-37.518515],[-73.34625,-37.518451],[-73.346237,-37.518412],[-73.346234,-37.518375],[-73.34623,-37.518331],[-73.346211,-37.518283],[-73.346198,-37.518213],[-73.346192,-37.51815],[-73.346177,-37.518119],[-73.346135,-37.518113],[-73.346064,-37.518116],[-73.346009,-37.518121],[-73.345944,-37.5181],[-73.345892,-37.518081],[-73.345843,-37.518055],[-73.345793,-37.518013],[-73.345738,-37.517949],[-73.345716,-37.517907],[-73.345664,-37.517625],[-73.345509,-37.517224],[-73.345519,-37.517201],[-73.345526,-37.517146],[-73.34545,-37.516744],[-73.345628,-37.516689]]]}, "properties" : {"id" : "126-126.b", "nombre_bloque" : "126.b", "territorio_padre" : 126, "color" : null}}, {"type" : "Feature", "geometry" : {"type":"Polygon","coordinates":[[[-73.34541,-37.517902],[-73.345299,-37.517887],[-73.345285,-37.517889],[-73.345273,-37.517891],[-73.345266,-37.517892],[-73.345191,-37.51789],[-73.345103,-37.517903],[-73.344931,-37.517944],[-73.344814,-37.517984],[-73.344712,-37.517967],[-73.344608,-37.517985],[-73.344535,-37.518083],[-73.344323,-37.517877],[-73.34424,-37.517689],[-73.344397,-37.517641],[-73.344629,-37.517552],[-73.344874,-37.517453],[-73.345047,-37.517402],[-73.345316,-37.517332],[-73.345468,-37.517278],[-73.345537,-37.517405],[-73.345578,-37.517589],[-73.345624,-37.517705],[-73.345666,-37.517897],[-73.34541,-37.517902]]]}, "properties" : {"id" : "126-126.c", "nombre_bloque" : "126.c", "territorio_padre" : 126, "color" : null}}, {"type" : "Feature", "geometry" : {"type":"Polygon","coordinates":[[[-73.3432,-37.517474],[-73.343848,-37.517237],[-73.343971,-37.517205],[-73.344196,-37.517132],[-73.344575,-37.517051],[-73.344839,-37.516977],[-73.3451,-37.516883],[-73.345386,-37.516768],[-73.345413,-37.516912],[-73.345438,-37.517025],[-73.345455,-37.517121],[-73.345455,-37.517186],[-73.345417,-37.517229],[-73.345337,-37.517264],[-73.345099,-37.517328],[-73.344778,-37.517423],[-73.344545,-37.517524],[-73.344362,-37.517598],[-73.344193,-37.517644],[-73.344073,-37.517665],[-73.343887,-37.517695],[-73.343756,-37.517707],[-73.343595,-37.517716],[-73.343394,-37.517731],[-73.343221,-37.517726],[-73.343083,-37.517725],[-73.342848,-37.517701],[-73.34265,-37.51765],[-73.342838,-37.517573],[-73.3432,-37.517474]]]}, "properties" : {"id" : "126-126.d", "nombre_bloque" : "126.d", "territorio_padre" : 126, "color" : null}}, {"type" : "Feature", "geometry" : {"type":"Polygon","coordinates":[[[-73.339223,-37.51765],[-73.340144,-37.517613],[-73.340422,-37.517641],[-73.340853,-37.517667],[-73.341329,-37.517618],[-73.34223,-37.517684],[-73.342554,-37.517679],[-73.342711,-37.517726],[-73.342957,-37.517778],[-73.343214,-37.517782],[-73.343565,-37.517773],[-73.343918,-37.517753],[-73.344167,-37.517715],[-73.344241,-37.518002],[-73.344188,-37.518008],[-73.34411,-37.518002],[-73.344096,-37.518002],[-73.343991,-37.518004],[-73.343842,-37.518077],[-73.343763,-37.518119],[-73.343581,-37.518173],[-73.343382,-37.518164],[-73.343096,-37.518162],[-73.342847,-37.518215],[-73.342393,-37.5182],[-73.342228,-37.518157],[-73.341992,-37.518163],[-73.341735,-37.518229],[-73.341577,-37.518245],[-73.341522,-37.518239],[-73.341309,-37.518229],[-73.341176,-37.518248],[-73.341047,-37.51828],[-73.340913,-37.51835],[-73.340784,-37.518391],[-73.34074,-37.518441],[-73.340694,-37.518445],[-73.340586,-37.518458],[-73.340427,-37.518485],[-73.340246,-37.518494],[-73.339994,-37.518341],[-73.339877,-37.518393],[-73.339815,-37.518475],[-73.339734,-37.518545],[-73.339552,-37.518539],[-73.339466,-37.518404],[-73.339366,-37.51827],[-73.339228,-37.518113],[-73.339089,-37.517951],[-73.338931,-37.517684],[-73.339223,-37.51765]]]}, "properties" : {"id" : "126-126.e", "nombre_bloque" : "126.e", "territorio_padre" : 126, "color" : null}}, {"type" : "Feature", "geometry" : {"type":"Polygon","coordinates":[[[-73.338853,-37.517677],[-73.338991,-37.517913],[-73.339051,-37.517993],[-73.339142,-37.518112],[-73.339265,-37.518254],[-73.339336,-37.51834],[-73.339427,-37.51845],[-73.33949,-37.518551],[-73.339525,-37.518617],[-73.339532,-37.518705],[-73.339544,-37.51881],[-73.339545,-37.518921],[-73.339545,-37.519004],[-73.338849,-37.519526],[-73.338491,-37.518884],[-73.338389,-37.518745],[-73.338289,-37.518579],[-73.338533,-37.518379],[-73.338718,-37.518186],[-73.338856,-37.517996],[-73.338853,-37.517677]]]}, "properties" : {"id" : "126-126.f", "nombre_bloque" : "126.f", "territorio_padre" : 126, "color" : null}}, {"type" : "Feature", "geometry" : {"type":"Polygon","coordinates":[[[-73.346329,-37.515748],[-73.346359,-37.515881],[-73.346254,-37.516074],[-73.346157,-37.516202],[-73.346043,-37.516245],[-73.34593,-37.516259],[-73.345791,-37.516299],[-73.345699,-37.516365],[-73.345638,-37.51642],[-73.34562,-37.516479],[-73.345644,-37.516616],[-73.344948,-37.516886],[-73.344624,-37.516979],[-73.344076,-37.517098],[-73.343786,-37.517198],[-73.343425,-37.517334],[-73.342874,-37.517502],[-73.342555,-37.51762],[-73.342353,-37.517635],[-73.342003,-37.517599],[-73.341376,-37.517553],[-73.34108,-37.517595],[-73.340768,-37.517613],[-73.340536,-37.517613],[-73.340194,-37.517562],[-73.339859,-37.517566],[-73.339761,-37.517581],[-73.339664,-37.517517],[-73.339465,-37.517423],[-73.33905,-37.517213],[-73.339017,-37.517195],[-73.338977,-37.517199],[-73.338942,-37.51721],[-73.338896,-37.517245],[-73.33887,-37.517292],[-73.338859,-37.51731],[-73.338709,-37.517128],[-73.338685,-37.517047],[-73.338668,-37.516981],[-73.338622,-37.516917],[-73.338558,-37.516858],[-73.338451,-37.516767],[-73.33834,-37.516697],[-73.338219,-37.516578],[-73.337895,-37.516403],[-73.338268,-37.516119],[-73.338933,-37.516302],[-73.339214,-37.516438],[-73.339335,-37.516571],[-73.339428,-37.516697],[-73.339573,-37.516837],[-73.339726,-37.516941],[-73.339876,-37.517031],[-73.34,-37.517089],[-73.340195,-37.517122],[-73.340384,-37.51718],[-73.340528,-37.517188],[-73.340678,-37.517196],[-73.340964,-37.517172],[-73.341202,-37.517127],[-73.341392,-37.517145],[-73.341668,-37.51716],[-73.341812,-37.517225],[-73.342095,-37.517313],[-73.34228,-37.517368],[-73.342472,-37.517395],[-73.342625,-37.517419],[-73.342943,-37.517338],[-73.343024,-37.517289],[-73.343187,-37.517199],[-73.343456,-37.517057],[-73.343595,-37.51696],[-73.343659,-37.516877],[-73.343825,-37.516799],[-73.343941,-37.516731],[-73.34401,-37.516704],[-73.34414,-37.516685],[-73.34427,-37.516645],[-73.344356,-37.516619],[-73.344444,-37.516613],[-73.34446,-37.516611],[-73.344583,-37.516579],[-73.344647,-37.516572],[-73.344758,-37.516535],[-73.34478,-37.516528],[-73.34484,-37.516501],[-73.344855,-37.516497],[-73.344967,-37.516448],[-73.345035,-37.516408],[-73.345039,-37.516403],[-73.345071,-37.516375],[-73.345112,-37.516339],[-73.345134,-37.516294],[-73.345155,-37.516231],[-73.345164,-37.516157],[-73.345537,-37.515998],[-73.346329,-37.515748]]]}, "properties" : {"id" : "126-126.g", "nombre_bloque" : "126.g", "territorio_padre" : 126, "color" : null}}, {"type" : "Feature", "geometry" : {"type":"Polygon","coordinates":[[[-73.34727,-37.520092],[-73.347494,-37.521362],[-73.347069,-37.5226],[-73.346327,-37.523335],[-73.346005,-37.523595],[-73.345658,-37.523725],[-73.344882,-37.52318],[-73.344553,-37.5223],[-73.345729,-37.521858],[-73.34635,-37.521657],[-73.346932,-37.521322],[-73.346963,-37.520673],[-73.34727,-37.520092]]]}, "properties" : {"id" : "126-126.h", "nombre_bloque" : "126.h", "territorio_padre" : 126, "color" : null}}, {"type" : "Feature", "geometry" : {"type":"Polygon","coordinates":[[[-73.40669,-37.502465],[-73.406552,-37.501067],[-73.406473,-37.499607],[-73.407791,-37.499192],[-73.411149,-37.500294],[-73.413815,-37.499778],[-73.415144,-37.499582],[-73.41652,-37.500281],[-73.418972,-37.498989],[-73.421326,-37.498533],[-73.422296,-37.499121],[-73.42373,-37.500663],[-73.426042,-37.502327],[-73.427047,-37.503142],[-73.426766,-37.504485],[-73.426058,-37.50484],[-73.423597,-37.503801],[-73.419911,-37.503324],[-73.416817,-37.503349],[-73.410876,-37.503393],[-73.40716,-37.5043],[-73.40669,-37.502465]]]}, "properties" : {"id" : "0-Foraction", "nombre_bloque" : "Foraction", "territorio_padre" : 0, "color" : null}}, {"type" : "Feature", "geometry" : {"type":"Polygon","coordinates":[[[-73.407755,-37.505026],[-73.408664,-37.504746],[-73.410546,-37.506543],[-73.411399,-37.507785],[-73.413835,-37.507139],[-73.414273,-37.50736],[-73.414434,-37.508585],[-73.416002,-37.508534],[-73.416879,-37.509384],[-73.417505,-37.509766],[-73.414911,-37.510863],[-73.412313,-37.511042],[-73.411449,-37.511687],[-73.412402,-37.512998],[-73.411761,-37.513658],[-73.410699,-37.513163],[-73.409832,-37.512727],[-73.409074,-37.512025],[-73.409193,-37.511075],[-73.409386,-37.510225],[-73.408594,-37.508764],[-73.408955,-37.507658],[-73.408694,-37.506614],[-73.407755,-37.505026]]]}, "properties" : {"id" : "0-Acceso Pichi Arauco", "nombre_bloque" : "Acceso Pichi Arauco", "territorio_padre" : 0, "color" : null}}, {"type" : "Feature", "geometry" : {"type":"Polygon","coordinates":[[[-73.412909,-37.514225],[-73.413285,-37.512438],[-73.41454,-37.511883],[-73.415924,-37.511054],[-73.417265,-37.51043],[-73.418958,-37.509992],[-73.420706,-37.509416],[-73.422728,-37.510474],[-73.423586,-37.509744],[-73.425162,-37.509213],[-73.427555,-37.508361],[-73.432124,-37.506763],[-73.433302,-37.506143],[-73.43335,-37.506944],[-73.435092,-37.50751],[-73.436361,-37.512121],[-73.433097,-37.513976],[-73.430155,-37.514999],[-73.426321,-37.514974],[-73.421608,-37.514144],[-73.420014,-37.513885],[-73.41917,-37.514301],[-73.414972,-37.515671],[-73.41428,-37.515046],[-73.412909,-37.514225]]]}, "properties" : {"id" : "0-Camino Vecinal", "nombre_bloque" : "Camino Vecinal", "territorio_padre" : 0, "color" : null}}, {"type" : "Feature", "geometry" : {"type":"Polygon","coordinates":[[[-73.415093,-37.515884],[-73.420022,-37.514048],[-73.423791,-37.515267],[-73.42644,-37.515569],[-73.428747,-37.515735],[-73.430904,-37.515503],[-73.431848,-37.515542],[-73.433363,-37.515128],[-73.434149,-37.517546],[-73.431532,-37.51779],[-73.429676,-37.517974],[-73.428459,-37.517684],[-73.426283,-37.518401],[-73.422376,-37.519666],[-73.417783,-37.522176],[-73.417657,-37.521584],[-73.417321,-37.520757],[-73.416945,-37.520075],[-73.416632,-37.519586],[-73.416157,-37.518776],[-73.415933,-37.51814],[-73.415738,-37.51728],[-73.415566,-37.516706],[-73.415093,-37.515884]]]}, "properties" : {"id" : "0-Caletera", "nombre_bloque" : "Caletera", "territorio_padre" : 0, "color" : null}}, {"type" : "Feature", "geometry" : {"type":"Polygon","coordinates":[[[-73.428785,-37.520194],[-73.43321,-37.522024],[-73.43751,-37.524903],[-73.439805,-37.527002],[-73.440419,-37.529374],[-73.439594,-37.531996],[-73.433137,-37.531861],[-73.430041,-37.531504],[-73.427251,-37.531472],[-73.425674,-37.530875],[-73.422054,-37.530907],[-73.420452,-37.527861],[-73.420006,-37.526943],[-73.419446,-37.525878],[-73.418401,-37.523787],[-73.417844,-37.522778],[-73.428785,-37.520194]]]}, "properties" : {"id" : "0-Camino al Río A", "nombre_bloque" : "Camino al Río A", "territorio_padre" : 0, "color" : null}}, {"type" : "Feature", "geometry" : {"type":"Polygon","coordinates":[[[-73.419891,-37.527186],[-73.420998,-37.529421],[-73.420998,-37.529449],[-73.421952,-37.531175],[-73.42232,-37.53204],[-73.422639,-37.532754],[-73.422904,-37.533391],[-73.423321,-37.534123],[-73.423662,-37.534533],[-73.423988,-37.5349],[-73.424235,-37.535246],[-73.424646,-37.53578],[-73.425395,-37.536804],[-73.425871,-37.537421],[-73.426354,-37.538101],[-73.426542,-37.538398],[-73.42699,-37.539319],[-73.427248,-37.539652],[-73.428144,-37.540301],[-73.423148,-37.540109],[-73.422583,-37.539463],[-73.422339,-37.53917],[-73.421895,-37.538729],[-73.421578,-37.538327],[-73.42123,-37.537519],[-73.420981,-37.536922],[-73.420385,-37.5356],[-73.420183,-37.535027],[-73.420155,-37.534264],[-73.420237,-37.533884],[-73.420267,-37.533467],[-73.420238,-37.533078],[-73.420111,-37.532714],[-73.419718,-37.532153],[-73.419147,-37.531495],[-73.418912,-37.531163],[-73.418744,-37.530785],[-73.418682,-37.530422],[-73.418681,-37.529703],[-73.418529,-37.529122],[-73.418204,-37.528468],[-73.418017,-37.528066],[-73.417844,-37.527703],[-73.417736,-37.527294],[-73.417658,-37.525347],[-73.418206,-37.525311],[-73.418497,-37.525215],[-73.418771,-37.525045],[-73.418898,-37.525077],[-73.419891,-37.527186]]]}, "properties" : {"id" : "0-Camino al Río B", "nombre_bloque" : "Camino al Río B", "territorio_padre" : 0, "color" : null}}, {"type" : "Feature", "geometry" : {"type":"Polygon","coordinates":[[[-73.417874,-37.52309],[-73.418751,-37.524826],[-73.418655,-37.524954],[-73.41833,-37.525162],[-73.418004,-37.525222],[-73.4177,-37.52522],[-73.417657,-37.523951],[-73.417642,-37.52354],[-73.417646,-37.523107],[-73.417679,-37.523018],[-73.417874,-37.52309]]]}, "properties" : {"id" : "0-Rotonda", "nombre_bloque" : "Rotonda", "territorio_padre" : 0, "color" : null}}, {"type" : "Feature", "geometry" : {"type":"Polygon","coordinates":[[[-73.417985,-37.528843],[-73.418067,-37.529181],[-73.418295,-37.529739],[-73.418281,-37.530337],[-73.41843,-37.530991],[-73.418688,-37.531571],[-73.419196,-37.532079],[-73.419782,-37.53291],[-73.419954,-37.533343],[-73.419846,-37.534145],[-73.419771,-37.53483],[-73.417799,-37.535127],[-73.416689,-37.534401],[-73.414231,-37.531918],[-73.413197,-37.532848],[-73.412381,-37.532259],[-73.410553,-37.528501],[-73.412029,-37.528251],[-73.414717,-37.528052],[-73.415362,-37.528174],[-73.416843,-37.528195],[-73.41691,-37.528159],[-73.41747,-37.528003],[-73.417985,-37.528843]]]}, "properties" : {"id" : "0-Los Mañíos", "nombre_bloque" : "Los Mañíos", "territorio_padre" : 0, "color" : null}}, {"type" : "Feature", "geometry" : {"type":"Polygon","coordinates":[[[-73.416432,-37.527282],[-73.414309,-37.523643],[-73.413734,-37.522645],[-73.413153,-37.522412],[-73.412789,-37.521766],[-73.413508,-37.520963],[-73.414859,-37.520408],[-73.416081,-37.519842],[-73.41683,-37.521069],[-73.417021,-37.52163],[-73.417075,-37.52219],[-73.417082,-37.523471],[-73.416989,-37.524938],[-73.41697,-37.525769],[-73.416935,-37.526649],[-73.417206,-37.527361],[-73.416432,-37.527282]]]}, "properties" : {"id" : "0-Copa de Agua", "nombre_bloque" : "Copa de Agua", "territorio_padre" : 0, "color" : null}}, {"type" : "Feature", "geometry" : {"type":"Polygon","coordinates":[[[-73.414875,-37.517757],[-73.413485,-37.516857],[-73.41246,-37.516384],[-73.411022,-37.515818],[-73.409515,-37.515178],[-73.408403,-37.514792],[-73.409138,-37.512921],[-73.409482,-37.512923],[-73.409879,-37.513229],[-73.410779,-37.513678],[-73.411863,-37.514211],[-73.412794,-37.514627],[-73.413528,-37.51505],[-73.414129,-37.515463],[-73.414622,-37.515978],[-73.415005,-37.516534],[-73.415145,-37.516821],[-73.41524,-37.5174],[-73.41514,-37.517728],[-73.414875,-37.517757]]]}, "properties" : {"id" : "0-Camino Viejo", "nombre_bloque" : "Camino Viejo", "territorio_padre" : 0, "color" : null}}, {"type" : "Feature", "geometry" : {"type":"Polygon","coordinates":[[[-73.425199,-37.543577],[-73.428007,-37.544003],[-73.429696,-37.544505],[-73.430608,-37.545388],[-73.430701,-37.546568],[-73.430424,-37.547366],[-73.428744,-37.548397],[-73.426246,-37.546406],[-73.42309,-37.54775],[-73.422633,-37.546258],[-73.423691,-37.546355],[-73.424422,-37.546226],[-73.424904,-37.546081],[-73.425393,-37.545633],[-73.425576,-37.54503],[-73.425642,-37.544573],[-73.425199,-37.543577]]]}, "properties" : {"id" : "0-Puente Trongol", "nombre_bloque" : "Puente Trongol", "territorio_padre" : 0, "color" : null}}, {"type" : "Feature", "geometry" : {"type":"Polygon","coordinates":[[[-73.420764,-37.551126],[-73.41956,-37.554989],[-73.418731,-37.557913],[-73.421795,-37.558907],[-73.426444,-37.558409],[-73.427134,-37.561309],[-73.430773,-37.563887],[-73.43003,-37.565951],[-73.427259,-37.56502],[-73.424958,-37.564055],[-73.419554,-37.561329],[-73.417568,-37.561357],[-73.416214,-37.563358],[-73.415612,-37.563112],[-73.415475,-37.561771],[-73.414814,-37.560374],[-73.414131,-37.55871],[-73.412977,-37.555466],[-73.412987,-37.555045],[-73.413218,-37.554286],[-73.413636,-37.55341],[-73.413802,-37.552644],[-73.413806,-37.551992],[-73.413894,-37.551105],[-73.416999,-37.548794],[-73.420764,-37.551126]]]}, "properties" : {"id" : "0-Villa Los Ríos", "nombre_bloque" : "Villa Los Ríos", "territorio_padre" : 0, "color" : null}}, {"type" : "Feature", "geometry" : {"type":"Polygon","coordinates":[[[-73.417549,-37.547836],[-73.412665,-37.551687],[-73.412224,-37.552718],[-73.412001,-37.553805],[-73.412182,-37.554615],[-73.412525,-37.555674],[-73.413432,-37.558154],[-73.41411,-37.559546],[-73.41478,-37.561578],[-73.409423,-37.561915],[-73.408606,-37.559557],[-73.406778,-37.558582],[-73.406441,-37.55723],[-73.400993,-37.557999],[-73.401578,-37.56119],[-73.400425,-37.562214],[-73.395311,-37.560668],[-73.390349,-37.56195],[-73.389124,-37.558113],[-73.392587,-37.556813],[-73.396383,-37.553023],[-73.401066,-37.553445],[-73.40598,-37.551068],[-73.404728,-37.547165],[-73.408388,-37.545486],[-73.414333,-37.545654],[-73.417341,-37.545462],[-73.417553,-37.546548],[-73.417549,-37.547836]]]}, "properties" : {"id" : "0-Camino a Trongol", "nombre_bloque" : "Camino a Trongol", "territorio_padre" : 0, "color" : null}}, {"type" : "Feature", "geometry" : {"type":"Polygon","coordinates":[[[-73.36224,-37.561702],[-73.362874,-37.561671],[-73.362938,-37.562229],[-73.363081,-37.56293],[-73.363468,-37.5633],[-73.363915,-37.56372],[-73.363397,-37.56418],[-73.362562,-37.565019],[-73.36265,-37.56475],[-73.362785,-37.564397],[-73.362879,-37.563998],[-73.362883,-37.56364],[-73.362808,-37.563213],[-73.362618,-37.562753],[-73.362427,-37.562221],[-73.36224,-37.561702]]]}, "properties" : {"id" : "129-129.a", "nombre_bloque" : "129.a", "territorio_padre" : 129, "color" : null}}, {"type" : "Feature", "geometry" : {"type":"Polygon","coordinates":[[[-73.365771,-37.564185],[-73.365456,-37.564279],[-73.365093,-37.564463],[-73.364803,-37.564609],[-73.364591,-37.564729],[-73.364468,-37.564832],[-73.364289,-37.564973],[-73.364151,-37.565151],[-73.364009,-37.565373],[-73.363869,-37.565583],[-73.363749,-37.565848],[-73.363612,-37.566236],[-73.363502,-37.566545],[-73.363433,-37.56673],[-73.363383,-37.566985],[-73.363332,-37.56724],[-73.363203,-37.567487],[-73.362806,-37.567799],[-73.362685,-37.567917],[-73.362584,-37.568048],[-73.36253,-37.568157],[-73.362497,-37.568361],[-73.362418,-37.56861],[-73.362272,-37.568903],[-73.362076,-37.569198],[-73.361762,-37.569474],[-73.361416,-37.569841],[-73.361074,-37.569576],[-73.360687,-37.569342],[-73.360681,-37.56879],[-73.361069,-37.568532],[-73.361657,-37.568268],[-73.362588,-37.567587],[-73.363257,-37.56703],[-73.36331,-37.566635],[-73.363215,-37.566355],[-73.362994,-37.565855],[-73.362832,-37.565693],[-73.362893,-37.565182],[-73.36326,-37.564729],[-73.363842,-37.564286],[-73.364173,-37.564032],[-73.364538,-37.563907],[-73.36603,-37.564136],[-73.365771,-37.564185]]]}, "properties" : {"id" : "129-129.b", "nombre_bloque" : "129.b", "territorio_padre" : 129, "color" : null}}, {"type" : "Feature", "geometry" : {"type":"Polygon","coordinates":[[[-73.362416,-37.564787],[-73.362315,-37.565279],[-73.362213,-37.565577],[-73.362051,-37.566025],[-73.361891,-37.566489],[-73.361849,-37.566723],[-73.361755,-37.567086],[-73.36159,-37.567478],[-73.361461,-37.567702],[-73.36128,-37.567842],[-73.36107,-37.567988],[-73.36066,-37.568213],[-73.360466,-37.568298],[-73.36014,-37.567168],[-73.360259,-37.566312],[-73.360293,-37.565414],[-73.36061,-37.565059],[-73.361629,-37.565161],[-73.361678,-37.565059],[-73.361682,-37.564931],[-73.361699,-37.564781],[-73.361768,-37.564723],[-73.361921,-37.564679],[-73.362137,-37.564708],[-73.362309,-37.564745],[-73.362416,-37.564787]]]}, "properties" : {"id" : "129-129.c", "nombre_bloque" : "129.c", "territorio_padre" : 129, "color" : null}}, {"type" : "Feature", "geometry" : {"type":"Polygon","coordinates":[[[-73.362246,-37.564683],[-73.362095,-37.564649],[-73.361942,-37.564644],[-73.361858,-37.564649],[-73.361748,-37.564683],[-73.361676,-37.564729],[-73.36163,-37.564777],[-73.361614,-37.56486],[-73.361616,-37.564998],[-73.361589,-37.565107],[-73.360698,-37.565012],[-73.360747,-37.564642],[-73.361238,-37.564035],[-73.361499,-37.563732],[-73.361592,-37.563482],[-73.361557,-37.563181],[-73.361624,-37.56299],[-73.36178,-37.563058],[-73.361817,-37.563142],[-73.361907,-37.563346],[-73.362121,-37.563747],[-73.362168,-37.563892],[-73.362259,-37.563966],[-73.362646,-37.564148],[-73.362435,-37.564728],[-73.362246,-37.564683]]]}, "properties" : {"id" : "129-129.d", "nombre_bloque" : "129.d", "territorio_padre" : 129, "color" : null}}, {"type" : "Feature", "geometry" : {"type":"Polygon","coordinates":[[[-73.362111,-37.561948],[-73.36114,-37.562195],[-73.36073,-37.562211],[-73.360056,-37.562164],[-73.359821,-37.562127],[-73.359431,-37.562026],[-73.359056,-37.562007],[-73.358656,-37.562089],[-73.3582,-37.562198],[-73.357951,-37.562356],[-73.357755,-37.562487],[-73.357534,-37.562655],[-73.357266,-37.562856],[-73.356878,-37.563423],[-73.356748,-37.563509],[-73.356559,-37.563564],[-73.35633,-37.563608],[-73.356011,-37.563653],[-73.35588,-37.563671],[-73.355665,-37.563766],[-73.35541,-37.5639],[-73.355213,-37.563925],[-73.354987,-37.564012],[-73.354783,-37.564094],[-73.354494,-37.564149],[-73.354159,-37.564175],[-73.353992,-37.564141],[-73.353718,-37.564009],[-73.353517,-37.563925],[-73.353439,-37.563903],[-73.353207,-37.563885],[-73.352781,-37.563927],[-73.352523,-37.563943],[-73.352121,-37.563932],[-73.351883,-37.563915],[-73.351752,-37.563879],[-73.351435,-37.563788],[-73.35112,-37.563705],[-73.351008,-37.563508],[-73.350969,-37.563457],[-73.35081,-37.563432],[-73.350488,-37.563483],[-73.349957,-37.563548],[-73.349406,-37.563154],[-73.349307,-37.563005],[-73.350647,-37.563144],[-73.351328,-37.563245],[-73.351753,-37.563236],[-73.352198,-37.563115],[-73.352623,-37.562946],[-73.353299,-37.562474],[-73.354262,-37.562842],[-73.354696,-37.56296],[-73.355281,-37.563058],[-73.355652,-37.563052],[-73.355882,-37.562907],[-73.356098,-37.562803],[-73.356362,-37.562748],[-73.356582,-37.562749],[-73.356795,-37.562738],[-73.357035,-37.562694],[-73.35719,-37.562599],[-73.357439,-37.562396],[-73.357472,-37.562162],[-73.357567,-37.561991],[-73.357676,-37.561852],[-73.357775,-37.561816],[-73.358003,-37.561809],[-73.358247,-37.561797],[-73.358466,-37.561761],[-73.358887,-37.561666],[-73.359042,-37.561598],[-73.360458,-37.561755],[-73.360951,-37.561697],[-73.361353,-37.561607],[-73.361371,-37.561605],[-73.362012,-37.561521],[-73.362111,-37.561948]]]}, "properties" : {"id" : "129-129.e", "nombre_bloque" : "129.e", "territorio_padre" : 129, "color" : null}}, {"type" : "Feature", "geometry" : {"type":"Polygon","coordinates":[[[-73.351538,-37.563879],[-73.351527,-37.563896],[-73.351199,-37.564155],[-73.350803,-37.56439],[-73.35079,-37.564393],[-73.350577,-37.564468],[-73.350353,-37.564518],[-73.349986,-37.564558],[-73.349468,-37.564622],[-73.348532,-37.564762],[-73.347777,-37.56582],[-73.347455,-37.566996],[-73.346045,-37.567438],[-73.34571,-37.566546],[-73.34685,-37.565345],[-73.347455,-37.564932],[-73.347781,-37.564455],[-73.34788,-37.56396],[-73.348046,-37.563799],[-73.348299,-37.563279],[-73.348501,-37.563023],[-73.348738,-37.56299],[-73.349193,-37.56301],[-73.349349,-37.56322],[-73.349853,-37.563596],[-73.350516,-37.563537],[-73.350787,-37.563493],[-73.350925,-37.563506],[-73.350993,-37.563637],[-73.351061,-37.563745],[-73.351538,-37.563879]]]}, "properties" : {"id" : "129-129.f", "nombre_bloque" : "129.f", "territorio_padre" : 129, "color" : null}}, {"type" : "Feature", "geometry" : {"type":"Polygon","coordinates":[[[-73.3522,-37.564004],[-73.352183,-37.564337],[-73.351586,-37.564731],[-73.351007,-37.56482],[-73.350756,-37.565183],[-73.349372,-37.565158],[-73.348834,-37.564813],[-73.349628,-37.564674],[-73.350451,-37.564588],[-73.350898,-37.564426],[-73.351263,-37.564218],[-73.351623,-37.563922],[-73.3522,-37.564004]]]}, "properties" : {"id" : "129-129.g", "nombre_bloque" : "129.g", "territorio_padre" : 129, "color" : null}}, {"type" : "Feature", "geometry" : {"type":"Polygon","coordinates":[[[-73.360457,-37.568429],[-73.360465,-37.569081],[-73.360563,-37.569312],[-73.360648,-37.569444],[-73.361015,-37.569634],[-73.361376,-37.569917],[-73.361553,-37.570089],[-73.361082,-37.570504],[-73.360519,-37.570663],[-73.35999,-37.570116],[-73.359606,-37.570401],[-73.359261,-37.570561],[-73.359309,-37.570764],[-73.359207,-37.570976],[-73.359231,-37.571298],[-73.358703,-37.571663],[-73.358445,-37.572075],[-73.358301,-37.572134],[-73.358146,-37.572383],[-73.357141,-37.572254],[-73.357864,-37.571569],[-73.358113,-37.571109],[-73.35812,-37.570688],[-73.358092,-37.57028],[-73.358075,-37.56991],[-73.358134,-37.569595],[-73.35881,-37.569198],[-73.360457,-37.568429]]]}, "properties" : {"id" : "129-129.h", "nombre_bloque" : "129.h", "territorio_padre" : 129, "color" : null}}, {"type" : "Feature", "geometry" : {"type":"Polygon","coordinates":[[[-73.357044,-37.572185],[-73.356408,-37.572815],[-73.356016,-37.573201],[-73.355072,-37.5743],[-73.354547,-37.574828],[-73.354419,-37.574845],[-73.353134,-37.574186],[-73.353446,-37.573679],[-73.35405,-37.573468],[-73.354642,-37.572999],[-73.35453,-37.5723],[-73.354518,-37.5719],[-73.354084,-37.571348],[-73.354246,-37.571083],[-73.354705,-37.571355],[-73.355441,-37.571532],[-73.355842,-37.571166],[-73.357044,-37.572185]]]}, "properties" : {"id" : "129-129.i", "nombre_bloque" : "129.i", "territorio_padre" : 129, "color" : null}}, {"type" : "Feature", "geometry" : {"type":"Polygon","coordinates":[[[-73.350037,-37.57594],[-73.350022,-37.575951],[-73.347811,-37.578025],[-73.347097,-37.578692],[-73.346791,-37.578826],[-73.346299,-37.578925],[-73.345575,-37.579066],[-73.344359,-37.579161],[-73.343653,-37.579047],[-73.34223,-37.578492],[-73.344261,-37.577801],[-73.344458,-37.577935],[-73.345821,-37.5776],[-73.346177,-37.577071],[-73.346716,-37.576721],[-73.34664,-37.576514],[-73.347184,-37.575525],[-73.348746,-37.575253],[-73.349412,-37.575823],[-73.350037,-37.57594]]]}, "properties" : {"id" : "129-129.j", "nombre_bloque" : "129.j", "territorio_padre" : 129, "color" : null}}, {"type" : "Feature", "geometry" : {"type":"Polygon","coordinates":[[[-73.338628,-37.579549],[-73.336604,-37.581145],[-73.336173,-37.580803],[-73.335675,-37.580264],[-73.339079,-37.577836],[-73.339698,-37.577966],[-73.34012,-37.578359],[-73.338628,-37.579549]]]}, "properties" : {"id" : "129-129.k", "nombre_bloque" : "129.k", "territorio_padre" : 129, "color" : null}}, {"type" : "Feature", "geometry" : {"type":"Polygon","coordinates":[[[-73.337101,-37.58207],[-73.337445,-37.582245],[-73.337176,-37.583009],[-73.336269,-37.583301],[-73.335933,-37.583284],[-73.335561,-37.583175],[-73.335566,-37.582659],[-73.335432,-37.58254],[-73.335355,-37.582029],[-73.337101,-37.58207]]]}, "properties" : {"id" : "129-129.l", "nombre_bloque" : "129.l", "territorio_padre" : 129, "color" : null}}, {"type" : "Feature", "geometry" : {"type":"Polygon","coordinates":[[[-73.333146,-37.582121],[-73.334012,-37.582025],[-73.333863,-37.582488],[-73.333742,-37.582837],[-73.333646,-37.583039],[-73.333275,-37.583453],[-73.333079,-37.583729],[-73.333064,-37.584153],[-73.333035,-37.584691],[-73.333136,-37.585082],[-73.332555,-37.585228],[-73.332254,-37.585221],[-73.331053,-37.585086],[-73.329916,-37.584965],[-73.32901,-37.585029],[-73.328111,-37.584286],[-73.326554,-37.584374],[-73.326104,-37.584175],[-73.325475,-37.584091],[-73.325275,-37.583756],[-73.32581,-37.583775],[-73.327921,-37.583735],[-73.329116,-37.583694],[-73.329986,-37.58366],[-73.330869,-37.583462],[-73.331262,-37.58336],[-73.33169,-37.582997],[-73.332024,-37.582631],[-73.332248,-37.582374],[-73.332234,-37.582084],[-73.333146,-37.582121]]]}, "properties" : {"id" : "129-129.m", "nombre_bloque" : "129.m", "territorio_padre" : 129, "color" : null}}, {"type" : "Feature", "geometry" : {"type":"Polygon","coordinates":[[[-73.327311,-37.582116],[-73.324736,-37.582172],[-73.324442,-37.582268],[-73.324188,-37.581853],[-73.324609,-37.581696],[-73.326651,-37.580042],[-73.326705,-37.580003],[-73.327826,-37.579954],[-73.328129,-37.579864],[-73.328634,-37.579893],[-73.329177,-37.57994],[-73.329372,-37.580314],[-73.329349,-37.580924],[-73.329348,-37.580935],[-73.328994,-37.58072],[-73.328905,-37.580534],[-73.328721,-37.580439],[-73.328311,-37.580348],[-73.327908,-37.580566],[-73.327902,-37.580776],[-73.327843,-37.580984],[-73.327713,-37.581326],[-73.327618,-37.582045],[-73.327598,-37.582065],[-73.327311,-37.582116]]]}, "properties" : {"id" : "129-129.n", "nombre_bloque" : "129.n", "territorio_padre" : 129, "color" : null}}, {"type" : "Feature", "geometry" : {"type":"Polygon","coordinates":[[[-73.322516,-37.583132],[-73.322116,-37.583834],[-73.321519,-37.584495],[-73.32122,-37.585336],[-73.320612,-37.586249],[-73.320175,-37.586724],[-73.319661,-37.587167],[-73.319026,-37.587529],[-73.318604,-37.587691],[-73.318384,-37.587804],[-73.317869,-37.588162],[-73.317607,-37.588428],[-73.317413,-37.588553],[-73.317205,-37.588782],[-73.31676,-37.589086],[-73.316013,-37.589816],[-73.315376,-37.590348],[-73.315127,-37.59078],[-73.314957,-37.5912],[-73.314747,-37.5916],[-73.314357,-37.5925],[-73.314564,-37.592685],[-73.315438,-37.594078],[-73.314205,-37.594307],[-73.313862,-37.594358],[-73.313294,-37.59424],[-73.31296,-37.594099],[-73.312869,-37.593949],[-73.312738,-37.593717],[-73.312679,-37.593532],[-73.312701,-37.593364],[-73.31303,-37.593094],[-73.313686,-37.592493],[-73.313948,-37.592225],[-73.314276,-37.591876],[-73.314491,-37.591554],[-73.314786,-37.591205],[-73.314769,-37.59103],[-73.31475,-37.590683],[-73.314873,-37.590312],[-73.315086,-37.590047],[-73.315519,-37.589597],[-73.316172,-37.588959],[-73.317177,-37.588075],[-73.317802,-37.587501],[-73.318598,-37.586716],[-73.319133,-37.586194],[-73.31945,-37.585905],[-73.319635,-37.585758],[-73.31994,-37.585466],[-73.320333,-37.585015],[-73.320862,-37.584343],[-73.321162,-37.583892],[-73.321421,-37.583537],[-73.321662,-37.583258],[-73.321987,-37.583036],[-73.32236,-37.582896],[-73.322516,-37.583132]]]}, "properties" : {"id" : "129-129.ñ", "nombre_bloque" : "129.ñ", "territorio_padre" : 129, "color" : null}}, {"type" : "Feature", "geometry" : {"type":"Polygon","coordinates":[[[-73.321571,-37.583176],[-73.321359,-37.583396],[-73.32089,-37.584041],[-73.32053,-37.584542],[-73.319944,-37.585335],[-73.319397,-37.585784],[-73.318665,-37.586499],[-73.317743,-37.587431],[-73.316615,-37.588408],[-73.315401,-37.589504],[-73.314805,-37.590173],[-73.314636,-37.590704],[-73.314454,-37.590647],[-73.314452,-37.59002],[-73.314631,-37.589504],[-73.31469,-37.589058],[-73.314318,-37.588537],[-73.314298,-37.588043],[-73.315112,-37.586997],[-73.315937,-37.58637],[-73.316066,-37.585548],[-73.316063,-37.585522],[-73.316442,-37.584797],[-73.31849,-37.583952],[-73.31966,-37.583435],[-73.31956,-37.582508],[-73.319497,-37.582099],[-73.320589,-37.581972],[-73.320646,-37.581961],[-73.320703,-37.581951],[-73.32163,-37.582013],[-73.321963,-37.582919],[-73.321571,-37.583176]]]}, "properties" : {"id" : "129-129.o", "nombre_bloque" : "129.o", "territorio_padre" : 129, "color" : null}}, {"type" : "Feature", "geometry" : {"type":"Polygon","coordinates":[[[-73.317874,-37.595422],[-73.316406,-37.595818],[-73.315863,-37.595866],[-73.315219,-37.595791],[-73.31476,-37.595729],[-73.314472,-37.595821],[-73.313972,-37.595759],[-73.313584,-37.595879],[-73.312789,-37.596091],[-73.312534,-37.596358],[-73.311726,-37.596533],[-73.311384,-37.59633],[-73.311344,-37.596346],[-73.311149,-37.596391],[-73.310716,-37.596313],[-73.310419,-37.596112],[-73.310141,-37.595188],[-73.311091,-37.594944],[-73.3118,-37.594742],[-73.312477,-37.594498],[-73.312978,-37.594287],[-73.313352,-37.594352],[-73.313705,-37.594394],[-73.313943,-37.594445],[-73.314062,-37.5945],[-73.314433,-37.594728],[-73.314757,-37.594896],[-73.315251,-37.594948],[-73.315676,-37.594938],[-73.316074,-37.595052],[-73.316075,-37.595149],[-73.316171,-37.595211],[-73.316547,-37.595136],[-73.316783,-37.595054],[-73.317047,-37.59502],[-73.317874,-37.595422]]]}, "properties" : {"id" : "129-129.p", "nombre_bloque" : "129.p", "territorio_padre" : 129, "color" : null}}, {"type" : "Feature", "geometry" : {"type":"Polygon","coordinates":[[[-73.301325,-37.596017],[-73.299087,-37.59672],[-73.297358,-37.597233],[-73.295498,-37.597282],[-73.294526,-37.597125],[-73.294441,-37.595814],[-73.296265,-37.595805],[-73.298314,-37.59547],[-73.301127,-37.594965],[-73.301325,-37.596017]]]}, "properties" : {"id" : "129-129.q", "nombre_bloque" : "129.q", "territorio_padre" : 129, "color" : null}}, {"type" : "Feature", "geometry" : {"type":"Polygon","coordinates":[[[-73.294986,-37.595694],[-73.292272,-37.595561],[-73.292176,-37.595073],[-73.292054,-37.594612],[-73.291999,-37.594475],[-73.292629,-37.594433],[-73.293398,-37.594424],[-73.293821,-37.594425],[-73.294214,-37.594455],[-73.294588,-37.594496],[-73.295053,-37.594591],[-73.295121,-37.59467],[-73.294986,-37.595694]]]}, "properties" : {"id" : "129-129.r", "nombre_bloque" : "129.r", "territorio_padre" : 129, "color" : null}}, {"type" : "Feature", "geometry" : {"type":"Polygon","coordinates":[[[-73.27311,-37.597683],[-73.273082,-37.598068],[-73.273191,-37.598274],[-73.272995,-37.598604],[-73.272622,-37.598802],[-73.272147,-37.598867],[-73.271506,-37.59888],[-73.270856,-37.59875],[-73.270608,-37.598415],[-73.270596,-37.598401],[-73.270727,-37.597718],[-73.270973,-37.596711],[-73.271437,-37.597258],[-73.271824,-37.597569],[-73.272055,-37.597706],[-73.272436,-37.597791],[-73.272706,-37.597759],[-73.273051,-37.597612],[-73.27311,-37.597683]]]}, "properties" : {"id" : "129-129.s", "nombre_bloque" : "129.s", "territorio_padre" : 129, "color" : null}}, {"type" : "Feature", "geometry" : {"type":"Polygon","coordinates":[[[-73.270683,-37.595836],[-73.270437,-37.595847],[-73.270194,-37.595914],[-73.269978,-37.595936],[-73.269672,-37.595996],[-73.269342,-37.596079],[-73.268967,-37.596312],[-73.268578,-37.59641],[-73.268259,-37.596446],[-73.267766,-37.596543],[-73.26732,-37.596601],[-73.266877,-37.596661],[-73.266108,-37.596743],[-73.265492,-37.596505],[-73.26486,-37.595882],[-73.265329,-37.595247],[-73.265655,-37.594473],[-73.266001,-37.594024],[-73.266469,-37.593726],[-73.26676,-37.593226],[-73.266957,-37.593059],[-73.267619,-37.592998],[-73.26801,-37.593118],[-73.268027,-37.593442],[-73.268138,-37.593862],[-73.268144,-37.593878],[-73.268303,-37.594295],[-73.268316,-37.594306],[-73.268832,-37.594821],[-73.269095,-37.595074],[-73.269372,-37.595439],[-73.26961,-37.595574],[-73.269918,-37.595537],[-73.270247,-37.595505],[-73.270569,-37.59569],[-73.270683,-37.595836]]]}, "properties" : {"id" : "129-129.t", "nombre_bloque" : "129.t", "territorio_padre" : 129, "color" : null}}, {"type" : "Feature", "geometry" : {"type":"Polygon","coordinates":[[[-73.248486,-37.599622],[-73.248925,-37.599749],[-73.249509,-37.599832],[-73.249961,-37.599958],[-73.250464,-37.599968],[-73.251099,-37.600562],[-73.250811,-37.600648],[-73.249069,-37.600414],[-73.248773,-37.600488],[-73.247958,-37.600496],[-73.247505,-37.600854],[-73.247811,-37.601843],[-73.246616,-37.602174],[-73.246342,-37.601445],[-73.246394,-37.601037],[-73.246526,-37.600786],[-73.24617,-37.600481],[-73.246509,-37.600157],[-73.247011,-37.599796],[-73.247319,-37.599663],[-73.247789,-37.599389],[-73.248486,-37.599622]]]}, "properties" : {"id" : "129-129.u", "nombre_bloque" : "129.u", "territorio_padre" : 129, "color" : null}}, {"type" : "Feature", "geometry" : {"type":"Polygon","coordinates":[[[-73.259304,-37.596953],[-73.259755,-37.596898],[-73.260138,-37.596773],[-73.260426,-37.59669],[-73.260765,-37.596652],[-73.260995,-37.596573],[-73.261278,-37.596477],[-73.261616,-37.596433],[-73.261784,-37.596497],[-73.261935,-37.596569],[-73.262011,-37.596695],[-73.262074,-37.596881],[-73.262235,-37.597019],[-73.261961,-37.597161],[-73.261969,-37.597176],[-73.262139,-37.597443],[-73.261883,-37.597644],[-73.261689,-37.597801],[-73.261605,-37.597969],[-73.261527,-37.597999],[-73.261083,-37.598066],[-73.26084,-37.598273],[-73.260829,-37.598277],[-73.260061,-37.598268],[-73.259304,-37.596953]]]}, "properties" : {"id" : "129-129.v", "nombre_bloque" : "129.v", "territorio_padre" : 129, "color" : null}}, {"type" : "Feature", "geometry" : {"type":"Polygon","coordinates":[[[-73.3408207,-37.4245603],[-73.3418614,-37.4241726],[-73.3433151,-37.4253186],[-73.3460081,-37.4275381],[-73.347081,-37.4292762],[-73.3483256,-37.430946],[-73.3490981,-37.4319684],[-73.3492053,-37.4323092],[-73.3488727,-37.4325392],[-73.3482505,-37.4318576],[-73.3475209,-37.4310057],[-73.3465768,-37.4300174],[-73.3458472,-37.4292336],[-73.3455361,-37.4286968],[-73.3450801,-37.4283432],[-73.3446349,-37.4279726],[-73.3439321,-37.4274444],[-73.3430148,-37.4267926],[-73.3419741,-37.4258809],[-73.340869,-37.4245901],[-73.3408207,-37.4245603]]]}, "properties" : {"id" : "130-130.a", "nombre_bloque" : "130.a", "territorio_padre" : 130, "color" : null}}, {"type" : "Feature", "geometry" : {"type":"Polygon","coordinates":[[[-73.3434762,-37.427754],[-73.3438758,-37.4274814],[-73.3448843,-37.4282652],[-73.3451325,-37.428442],[-73.345327,-37.4286081],[-73.3448763,-37.4289574],[-73.3434762,-37.427754]]]}, "properties" : {"id" : "130-130.b", "nombre_bloque" : "130.b", "territorio_padre" : 130, "color" : null}}, {"type" : "Feature", "geometry" : {"type":"Polygon","coordinates":[[[-73.3402709,-37.4238572],[-73.3398095,-37.4233119],[-73.3393697,-37.4228177],[-73.3387045,-37.4222383],[-73.3380929,-37.4219486],[-73.3372454,-37.4217526],[-73.3363227,-37.4217015],[-73.335797,-37.4216536],[-73.3354644,-37.4216163],[-73.334246,-37.4215654],[-73.333265,-37.4213181],[-73.3325354,-37.4209091],[-73.3328036,-37.4206705],[-73.3333508,-37.4208835],[-73.3342413,-37.4209772],[-73.3347133,-37.4209517],[-73.3354751,-37.4210965],[-73.3366553,-37.4212499],[-73.337653,-37.4213947],[-73.3389727,-37.4217611],[-73.3400992,-37.422545],[-73.3409361,-37.4235334],[-73.3402709,-37.4238572]]]}, "properties" : {"id" : "130-130.c", "nombre_bloque" : "130.c", "territorio_padre" : 130, "color" : null}}, {"type" : "Feature", "geometry" : {"type":"Polygon","coordinates":[[[-73.3401349,-37.4238776],[-73.3397486,-37.4240566],[-73.3382573,-37.4230341],[-73.3376136,-37.422574],[-73.3368948,-37.4225058],[-73.3359184,-37.4224036],[-73.3348777,-37.4223269],[-73.3343306,-37.4222843],[-73.3334615,-37.4221394],[-73.3324316,-37.4218668],[-73.3316805,-37.4213981],[-73.3316054,-37.4212362],[-73.3321526,-37.4209039],[-73.3323082,-37.4208826],[-73.3329358,-37.4212916],[-73.3342286,-37.421641],[-73.3357146,-37.4217091],[-73.3372166,-37.4218242],[-73.3380481,-37.4220436],[-73.3388447,-37.4224547],[-73.3393973,-37.4229468],[-73.3401349,-37.4238776]]]}, "properties" : {"id" : "130-130.d", "nombre_bloque" : "130.d", "territorio_padre" : 130, "color" : null}}, {"type" : "Feature", "geometry" : {"type":"Polygon","coordinates":[[[-73.3314791,-37.4179948],[-73.3322087,-37.4195116],[-73.3314255,-37.4199035],[-73.3304384,-37.4181226],[-73.3288506,-37.4157282],[-73.3297411,-37.415447],[-73.3314791,-37.4179948]]]}, "properties" : {"id" : "130-130.e", "nombre_bloque" : "130.e", "territorio_padre" : 130, "color" : null}}, {"type" : "Feature", "geometry" : {"type":"Polygon","coordinates":[[[-73.3310499,-37.4193075],[-73.3305886,-37.4194907],[-73.3295371,-37.4178887],[-73.3287915,-37.4167],[-73.3277079,-37.4152556],[-73.3283623,-37.4150682],[-73.3295479,-37.4168662],[-73.3307388,-37.4187919],[-73.3310499,-37.4193075]]]}, "properties" : {"id" : "130-130.f", "nombre_bloque" : "130.f", "territorio_padre" : 130, "color" : null}}, {"type" : "Feature", "geometry" : {"type":"Polygon","coordinates":[[[-73.3273096,-37.414164],[-73.3260758,-37.4128006],[-73.3256252,-37.4111474],[-73.3260544,-37.409443],[-73.3265693,-37.4082413],[-73.3262689,-37.4074488],[-73.3260222,-37.4068692],[-73.3260007,-37.4057613],[-73.3262582,-37.4057102],[-73.3266659,-37.4062727],[-73.3270092,-37.4069119],[-73.327492,-37.4074232],[-73.3279855,-37.4079175],[-73.3279855,-37.4082584],[-73.3276744,-37.4088635],[-73.3272774,-37.4097924],[-73.3269234,-37.4105764],[-73.3268697,-37.4108235],[-73.3269362,-37.4111854],[-73.3269448,-37.4116842],[-73.3272131,-37.4122381],[-73.3275564,-37.4130136],[-73.3276851,-37.4137891],[-73.3273096,-37.414164]]]}, "properties" : {"id" : "130-130.g", "nombre_bloque" : "130.g", "territorio_padre" : 130, "color" : null}}, {"type" : "Feature", "geometry" : {"type":"Polygon","coordinates":[[[-73.3279942,-37.408333],[-73.3283264,-37.4084362],[-73.3285307,-37.4088188],[-73.3286594,-37.4089466],[-73.3283054,-37.4092023],[-73.3280157,-37.4096454],[-73.3280371,-37.4104976],[-73.3281659,-37.410864],[-73.3281122,-37.4112475],[-73.328241,-37.4116821],[-73.328241,-37.4125002],[-73.3282346,-37.4126763],[-73.3281997,-37.4128873],[-73.327655,-37.4130133],[-73.3271132,-37.4119225],[-73.3269362,-37.4111854],[-73.3269469,-37.4106911],[-73.3271454,-37.4102266],[-73.3273546,-37.4098218],[-73.3276014,-37.409204],[-73.3279942,-37.408333]]]}, "properties" : {"id" : "130-130.h", "nombre_bloque" : "130.h", "territorio_padre" : 130, "color" : null}}, {"type" : "Feature", "geometry" : {"type":"Polygon","coordinates":[[[-73.3317654,-37.4087422],[-73.3318191,-37.4090235],[-73.3315508,-37.4094836],[-73.3297699,-37.4110346],[-73.3299094,-37.4126282],[-73.3292441,-37.4129435],[-73.3288901,-37.4131054],[-73.3287828,-37.4128413],[-73.3285039,-37.4125856],[-73.328241,-37.4125002],[-73.328241,-37.4116821],[-73.3282249,-37.4110517],[-73.3281605,-37.4106597],[-73.3281391,-37.4095348],[-73.3286594,-37.4089466],[-73.3288686,-37.4090746],[-73.3296197,-37.4090746],[-73.3302419,-37.4089723],[-73.3310788,-37.4086655],[-73.3318298,-37.4084695],[-73.3317654,-37.4087422]]]}, "properties" : {"id" : "130-130.i", "nombre_bloque" : "130.i", "territorio_padre" : 130, "color" : null}}, {"type" : "Feature", "geometry" : {"type":"Polygon","coordinates":[[[-73.326878,-37.406459],[-73.3280581,-37.4062459],[-73.3284658,-37.4063312],[-73.328895,-37.4066976],[-73.3292812,-37.4072601],[-73.3295816,-37.4079504],[-73.3297211,-37.408351],[-73.3296889,-37.4087174],[-73.3297748,-37.4089646],[-73.3290988,-37.4090157],[-73.328616,-37.4088538],[-73.3283264,-37.4084362],[-73.3280796,-37.4083169],[-73.3281225,-37.4080101],[-73.3274251,-37.4071834],[-73.326878,-37.406459]]]}, "properties" : {"id" : "130-130.j", "nombre_bloque" : "130.j", "territorio_padre" : 130, "color" : null}}, {"type" : "Feature", "geometry" : {"type":"Polygon","coordinates":[[[-73.3312249,-37.4085546],[-73.3305437,-37.4088061],[-73.3298087,-37.4089808],[-73.3297175,-37.4086186],[-73.329739,-37.4082095],[-73.3294547,-37.407549],[-73.329165,-37.4070036],[-73.3286607,-37.4064028],[-73.3284086,-37.4062579],[-73.3279634,-37.4062408],[-73.3275718,-37.4062707],[-73.3275449,-37.4057125],[-73.3281028,-37.4054994],[-73.3297444,-37.4061087],[-73.3304471,-37.4070206],[-73.3307797,-37.4074894],[-73.3310104,-37.4079794],[-73.3312249,-37.4085546]]]}, "properties" : {"id" : "130-130.k", "nombre_bloque" : "130.k", "territorio_padre" : 130, "color" : null}}, {"type" : "Feature", "geometry" : {"type":"Polygon","coordinates":[[[-73.3252412,-37.4030192],[-73.3258205,-37.4024566],[-73.3261531,-37.4027464],[-73.3265501,-37.4034794],[-73.327226,-37.4044254],[-73.3271616,-37.405414],[-73.3273655,-37.4063004],[-73.326829,-37.4063941],[-73.3262819,-37.405593],[-73.326357,-37.4050135],[-73.3260673,-37.4047663],[-73.3255523,-37.4042805],[-73.3253377,-37.4037265],[-73.3252412,-37.4030192]]]}, "properties" : {"id" : "130-130.l", "nombre_bloque" : "130.l", "territorio_padre" : 130, "color" : null}}, {"type" : "Feature", "geometry" : {"type":"Polygon","coordinates":[[[-73.3245372,-37.4024899],[-73.3246713,-37.4026433],[-73.324859,-37.4027541],[-73.3250575,-37.4028734],[-73.3251326,-37.4030907],[-73.325197,-37.4034785],[-73.3252828,-37.4038194],[-73.3254169,-37.4041007],[-73.3256905,-37.404514],[-73.3261197,-37.4048549],[-73.3263021,-37.4050339],[-73.3262806,-37.4053194],[-73.3262582,-37.4057102],[-73.3260338,-37.4057327],[-73.3253204,-37.4052981],[-73.3248483,-37.4044544],[-73.3246874,-37.4039473],[-73.3245318,-37.4035126],[-73.3245372,-37.4024899]]]}, "properties" : {"id" : "130-130.m", "nombre_bloque" : "130.m", "territorio_padre" : 130, "color" : null}}, {"type" : "Feature", "geometry" : {"type":"Polygon","coordinates":[[[-73.3243905,-37.4022943],[-73.324487,-37.4025031],[-73.3244334,-37.4027204],[-73.3243368,-37.4029122],[-73.3243636,-37.4031764],[-73.3245568,-37.4036025],[-73.3247713,-37.4043781],[-73.3239291,-37.4046082],[-73.3237092,-37.4042332],[-73.3237628,-37.4039008],[-73.3239077,-37.4034193],[-73.323972,-37.4030571],[-73.323972,-37.4025073],[-73.3243905,-37.4022943]]]}, "properties" : {"id" : "130-130.n", "nombre_bloque" : "130.n", "territorio_padre" : 130, "color" : null}}, {"type" : "Feature", "geometry" : {"type":"Polygon","coordinates":[[[-73.3239337,-37.4047526],[-73.3232041,-37.4048805],[-73.3232256,-37.4038578],[-73.3232202,-37.4037768],[-73.3232363,-37.4036745],[-73.3237084,-37.4037555],[-73.3236279,-37.4039984],[-73.3236762,-37.4043095],[-73.3237835,-37.4045694],[-73.3238747,-37.4047271],[-73.3239337,-37.4047526]]]}, "properties" : {"id" : "130-130.ñ", "nombre_bloque" : "130.ñ", "territorio_padre" : 130, "color" : null}}, {"type" : "Feature", "geometry" : {"type":"Polygon","coordinates":[[[-73.3261046,-37.3957537],[-73.3268341,-37.3960649],[-73.327274,-37.3963206],[-73.3277836,-37.396474],[-73.3279017,-37.3965337],[-73.3282825,-37.3965422],[-73.3285397,-37.3965629],[-73.3287278,-37.3967851],[-73.3290336,-37.3968192],[-73.3288083,-37.3975394],[-73.3286366,-37.3979315],[-73.328068,-37.3987242],[-73.3276227,-37.3991887],[-73.3268824,-37.4001049],[-73.3259597,-37.40123],[-73.3248279,-37.4026789],[-73.3246347,-37.402534],[-73.3244309,-37.4021419],[-73.3243558,-37.4015709],[-73.3245274,-37.4006589],[-73.3249888,-37.3995509],[-73.3252463,-37.3987242],[-73.3252892,-37.398673],[-73.3257934,-37.3987114],[-73.3262548,-37.3988648],[-73.3267805,-37.3989628],[-73.3270273,-37.3990608],[-73.3272687,-37.398852],[-73.3272097,-37.3988605],[-73.3270809,-37.3989671],[-73.3269629,-37.3989841],[-73.3266303,-37.3988776],[-73.3261958,-37.3988051],[-73.3257934,-37.3986858],[-73.3252731,-37.3986347],[-73.3254018,-37.3981275],[-73.3256486,-37.3972922],[-73.3259758,-37.3962993],[-73.3261636,-37.3963248],[-73.3265659,-37.3965422],[-73.3270916,-37.3967553],[-73.3275959,-37.3970536],[-73.3278266,-37.3971473],[-73.3279446,-37.3972965],[-73.3280036,-37.3973476],[-73.3280036,-37.3972496],[-73.327907,-37.397126],[-73.3276013,-37.3970067],[-73.327274,-37.3967723],[-73.3268824,-37.3965933],[-73.326346,-37.3963717],[-73.3260027,-37.3961884],[-73.3261046,-37.3957537]]]}, "properties" : {"id" : "130-130.o", "nombre_bloque" : "130.o", "territorio_padre" : 130, "color" : null}}, {"type" : "Feature", "geometry" : {"type":"Polygon","coordinates":[[[-73.3290945,-37.3967601],[-73.3295988,-37.3968411],[-73.3294271,-37.3976423],[-73.3293842,-37.398631],[-73.3253126,-37.402884],[-73.3251678,-37.402901],[-73.3248279,-37.4026789],[-73.3250498,-37.4024493],[-73.3257686,-37.4015715],[-73.3267342,-37.4004208],[-73.3274262,-37.3995344],[-73.3280056,-37.3989037],[-73.3284294,-37.3983838],[-73.3288531,-37.3975826],[-73.3290945,-37.3967601]]]}, "properties" : {"id" : "130-130.p", "nombre_bloque" : "130.p", "territorio_padre" : 130, "color" : null}}, {"type" : "Feature", "geometry" : {"type":"Polygon","coordinates":[[[-73.3233513,-37.4017472],[-73.323641,-37.4017088],[-73.3238234,-37.4020881],[-73.3239092,-37.4024673],[-73.323861,-37.4025313],[-73.3235015,-37.4029318],[-73.3232977,-37.4030767],[-73.3232762,-37.4029702],[-73.3234104,-37.4025313],[-73.3234104,-37.4021605],[-73.323346,-37.4017812],[-73.3233513,-37.4017472]]]}, "properties" : {"id" : "130-130.q", "nombre_bloque" : "130.q", "territorio_padre" : 130, "color" : null}}, {"type" : "Feature", "geometry" : {"type":"Polygon","coordinates":[[[-73.3263074,-37.3945847],[-73.3259698,-37.3956237],[-73.3252402,-37.3982319],[-73.324339,-37.4009934],[-73.3242746,-37.4017775],[-73.3243819,-37.4022548],[-73.3240386,-37.4024935],[-73.3229013,-37.399732],[-73.3232875,-37.398999],[-73.3236523,-37.3980785],[-73.3239098,-37.3973284],[-73.3250685,-37.3958283],[-73.3263074,-37.3945847]]]}, "properties" : {"id" : "130-130.r", "nombre_bloque" : "130.r", "territorio_padre" : 130, "color" : null}}, {"type" : "Feature", "geometry" : {"type":"Polygon","coordinates":[[[-73.3305124,-37.3918993],[-73.330823,-37.3921452],[-73.330823,-37.3924606],[-73.3307264,-37.3929039],[-73.3306835,-37.3932704],[-73.3307157,-37.3934068],[-73.3311019,-37.3939523],[-73.3314453,-37.3943273],[-73.331456,-37.3947194],[-73.3314345,-37.3950263],[-73.3315096,-37.3953161],[-73.3315209,-37.3955987],[-73.3314405,-37.3959268],[-73.3314297,-37.3961442],[-73.33114,-37.3963274],[-73.3308557,-37.396613],[-73.3305178,-37.3967366],[-73.3301047,-37.396792],[-73.3290747,-37.3966897],[-73.3291177,-37.3960419],[-73.3294181,-37.3947804],[-73.329697,-37.3933654],[-73.3299331,-37.3922062],[-73.3305124,-37.3918993]]]}, "properties" : {"id" : "130-130.s", "nombre_bloque" : "130.s", "territorio_padre" : 130, "color" : null}}, {"type" : "Feature", "geometry" : {"type":"Polygon","coordinates":[[[-73.3308881,-37.392204],[-73.3328032,-37.3936829],[-73.3314943,-37.3942838],[-73.3307594,-37.3934187],[-73.3307218,-37.3932525],[-73.3307487,-37.3930948],[-73.3308506,-37.3926046],[-73.3308935,-37.392383],[-73.3308881,-37.392204]]]}, "properties" : {"id" : "130-130.t", "nombre_bloque" : "130.t", "territorio_padre" : 130, "color" : null}}, {"type" : "Feature", "geometry" : {"type":"Polygon","coordinates":[[[-73.3291405,-37.392252],[-73.3292049,-37.3921987],[-73.3298486,-37.3922414],[-73.3298379,-37.3925141],[-73.3295482,-37.3939632],[-73.3292907,-37.3950542],[-73.3290654,-37.3959748],[-73.3290225,-37.396759],[-73.3287435,-37.396759],[-73.3285397,-37.3965629],[-73.3284646,-37.3965203],[-73.3284565,-37.3963498],[-73.3284431,-37.3961154],[-73.3283412,-37.3959471],[-73.3280837,-37.3957724],[-73.3277323,-37.3955294],[-73.3277216,-37.3955657],[-73.3280569,-37.3957851],[-73.3283197,-37.3959897],[-73.3284136,-37.3961559],[-73.3284324,-37.3963051],[-73.328427,-37.3964756],[-73.3278986,-37.3964798],[-73.3275607,-37.3963285],[-73.3273514,-37.3962497],[-73.3273836,-37.396011],[-73.3273514,-37.395636],[-73.3273514,-37.3954314],[-73.3274587,-37.3952013],[-73.3274856,-37.3950095],[-73.3272656,-37.3945833],[-73.3271208,-37.3944427],[-73.3265039,-37.3942083],[-73.3264502,-37.3941614],[-73.3270832,-37.3935562],[-73.3277323,-37.3927635],[-73.3277806,-37.392691],[-73.3284994,-37.3927805],[-73.3286255,-37.3928167],[-73.3288615,-37.3925802],[-73.3291324,-37.3922797],[-73.3291405,-37.392252]]]}, "properties" : {"id" : "130-130.u", "nombre_bloque" : "130.u", "territorio_padre" : 130, "color" : null}}, {"type" : "Feature", "geometry" : {"type":"Polygon","coordinates":[[[-73.3264362,-37.3942096],[-73.3268224,-37.3943716],[-73.3271067,-37.3944781],[-73.3272945,-37.3947211],[-73.3274286,-37.3950322],[-73.3274179,-37.3952154],[-73.3272945,-37.3953817],[-73.3273267,-37.3955947],[-73.3273374,-37.3959655],[-73.3272623,-37.396217],[-73.3267688,-37.3959144],[-73.3264254,-37.3958121],[-73.326125,-37.39568],[-73.3261572,-37.3953561],[-73.3262645,-37.3949043],[-73.3263074,-37.3945847],[-73.3263074,-37.3943929],[-73.3264362,-37.3942096]]]}, "properties" : {"id" : "130-130.v", "nombre_bloque" : "130.v", "territorio_padre" : 130, "color" : null}}, {"type" : "Feature", "geometry" : {"type":"Polygon","coordinates":[[[-73.3320569,-37.3896998],[-73.3324432,-37.3897509],[-73.3326685,-37.3895889],[-73.3327436,-37.3898361],[-73.3325076,-37.3904669],[-73.3319926,-37.3910466],[-73.3318102,-37.391558],[-73.3326685,-37.3921206],[-73.3324861,-37.3927258],[-73.3319389,-37.3926235],[-73.3315956,-37.3925724],[-73.3312523,-37.3924019],[-73.3306622,-37.3919416],[-73.33063,-37.3918393],[-73.3306944,-37.3914643],[-73.330866,-37.3912512],[-73.3311343,-37.3910381],[-73.3313167,-37.3907994],[-73.3316063,-37.3903902],[-73.3320355,-37.3898191],[-73.3320569,-37.3896998]]]}, "properties" : {"id" : "130-130.w", "nombre_bloque" : "130.w", "territorio_padre" : 130, "color" : null}}, {"type" : "Feature", "geometry" : {"type":"Polygon","coordinates":[[[-73.3314953,-37.3898012],[-73.3315596,-37.3898012],[-73.3318493,-37.3899205],[-73.3316186,-37.390253],[-73.3312217,-37.3908283],[-73.3308837,-37.3911736],[-73.3306852,-37.3912844],[-73.330535,-37.3918086],[-73.3303151,-37.3919365],[-73.3304975,-37.3912844],[-73.3307979,-37.3900185],[-73.3314953,-37.3898012]]]}, "properties" : {"id" : "130-130.x", "nombre_bloque" : "130.x", "territorio_padre" : 130, "color" : null}}, {"type" : "Feature", "geometry" : {"type":"Polygon","coordinates":[[[-73.330353,-37.3914295],[-73.3302726,-37.3919323],[-73.3300258,-37.3920304],[-73.3300942,-37.3915072],[-73.3300345,-37.3915227],[-73.3299319,-37.3920751],[-73.3295698,-37.3921284],[-73.3291533,-37.3921309],[-73.3293552,-37.3914209],[-73.3295215,-37.391195],[-73.330353,-37.3914295]]]}, "properties" : {"id" : "130-130.y", "nombre_bloque" : "130.y", "territorio_padre" : 130, "color" : null}}, {"type" : "Feature", "geometry" : {"type":"Polygon","coordinates":[[[-73.3286759,-37.3910569],[-73.3292123,-37.3910398],[-73.3294752,-37.3911933],[-73.3293518,-37.391351],[-73.3291533,-37.3921309],[-73.3283433,-37.3919903],[-73.3286115,-37.3913765],[-73.3290246,-37.3912444],[-73.3290514,-37.3911848],[-73.3286008,-37.3913339],[-73.3286759,-37.3910569]]]}, "properties" : {"id" : "130-130.z", "nombre_bloque" : "130.z", "territorio_padre" : 130, "color" : null}}, {"type" : "Feature", "geometry" : {"type":"Polygon","coordinates":[[[-73.326792,-37.3916163],[-73.3271782,-37.3910963],[-73.3278702,-37.3908832],[-73.3286481,-37.390994],[-73.3286105,-37.3911986],[-73.3284657,-37.3914969],[-73.3281545,-37.39145],[-73.32772,-37.3913563],[-73.3273817,-37.3913361],[-73.3273284,-37.3913733],[-73.3271782,-37.3917185],[-73.326792,-37.3916163]]]}, "properties" : {"id" : "130-130.A", "nombre_bloque" : "130.A", "territorio_padre" : 130, "color" : null}}, {"type" : "Feature", "geometry" : {"type":"Polygon","coordinates":[[[-73.3285028,-37.3915364],[-73.3283017,-37.3919882],[-73.3272261,-37.3917389],[-73.3272636,-37.3916216],[-73.3273817,-37.3913361],[-73.3285028,-37.3915364]]]}, "properties" : {"id" : "130-130.B", "nombre_bloque" : "130.B", "territorio_padre" : 130, "color" : null}}, {"type" : "Feature", "geometry" : {"type":"Polygon","coordinates":[[[-73.3268455,-37.3916777],[-73.3282187,-37.3920101],[-73.3277789,-37.3926026],[-73.3272263,-37.3933101],[-73.327119,-37.3934123],[-73.326014,-37.3927986],[-73.3259281,-37.3926708],[-73.3260891,-37.3924747],[-73.3265504,-37.3921337],[-73.326706,-37.3920187],[-73.3268079,-37.3916905],[-73.3268455,-37.3916777]]]}, "properties" : {"id" : "130-130.C", "nombre_bloque" : "130.C", "territorio_padre" : 130, "color" : null}}, {"type" : "Feature", "geometry" : {"type":"Polygon","coordinates":[[[-73.3259181,-37.3925785],[-73.3259281,-37.3926708],[-73.3262507,-37.3930218],[-73.327119,-37.3934123],[-73.326519,-37.3939594],[-73.3261971,-37.3944112],[-73.3258001,-37.3943174],[-73.3254783,-37.3938998],[-73.3249633,-37.3935844],[-73.3239119,-37.3932946],[-73.3238582,-37.3928257],[-73.3259181,-37.3925785]]]}, "properties" : {"id" : "130-130.D", "nombre_bloque" : "130.D", "territorio_padre" : 130, "color" : null}}, {"type" : "Feature", "geometry" : {"type":"Polygon","coordinates":[[[-73.323846,-37.3933444],[-73.3245756,-37.3935149],[-73.3250906,-37.393728],[-73.3254124,-37.3939241],[-73.3256163,-37.3942053],[-73.3258201,-37.3944099],[-73.3261971,-37.3944112],[-73.3256055,-37.3951089],[-73.3247365,-37.3960038],[-73.3239533,-37.3971119],[-73.3234598,-37.3980836],[-73.3232881,-37.3988507],[-73.3224727,-37.4001292],[-73.3217861,-37.3998053],[-73.321314,-37.3986632],[-73.3220865,-37.3959868],[-73.3236958,-37.3933615],[-73.323846,-37.3933444]]]}, "properties" : {"id" : "130-130.E", "nombre_bloque" : "130.E", "territorio_padre" : 130, "color" : null}}, {"type" : "Feature", "geometry" : {"type":"Polygon","coordinates":[[[-73.3228473,-37.3998222],[-73.3236144,-37.4016675],[-73.3227668,-37.4018124],[-73.3222787,-37.4019232],[-73.3215277,-37.4017058],[-73.3228473,-37.3998222]]]}, "properties" : {"id" : "130-130.F", "nombre_bloque" : "130.F", "territorio_padre" : 130, "color" : null}}, {"type" : "Feature", "geometry" : {"type":"Polygon","coordinates":[[[-73.3215421,-37.3997548],[-73.3225024,-37.400198],[-73.3220625,-37.4008586],[-73.3213919,-37.4017705],[-73.3210111,-37.4023501],[-73.320716,-37.4025504],[-73.3198309,-37.4027762],[-73.3196378,-37.4021498],[-73.3195251,-37.4015873],[-73.3193105,-37.4014978],[-73.3187741,-37.4015148],[-73.3182806,-37.4015532],[-73.3168697,-37.4019665],[-73.3169073,-37.402056],[-73.3182859,-37.4016043],[-73.3193052,-37.4015489],[-73.3194929,-37.4016682],[-73.3197558,-37.4027634],[-73.3187634,-37.4029467],[-73.3178139,-37.4028359],[-73.3168644,-37.4027762],[-73.3163065,-37.4024864],[-73.3146435,-37.4017961],[-73.3153838,-37.4011654],[-73.317669,-37.4008671],[-73.3204907,-37.3998187],[-73.3215421,-37.3997548]]]}, "properties" : {"id" : "130-130.G", "nombre_bloque" : "130.G", "territorio_padre" : 130, "color" : null}}, {"type" : "Feature", "geometry" : {"type":"Polygon","coordinates":[[[-73.3215914,-37.4027839],[-73.322659,-37.4037299],[-73.322718,-37.4038194],[-73.3225034,-37.4041859],[-73.3222137,-37.404433],[-73.3219348,-37.4042669],[-73.3215914,-37.4039899],[-73.3213554,-37.4038322],[-73.3212803,-37.403487],[-73.3210925,-37.4033208],[-73.3210013,-37.4030779],[-73.3215914,-37.4027839]]]}, "properties" : {"id" : "130-130.H", "nombre_bloque" : "130.H", "territorio_padre" : 130, "color" : null}}, {"type" : "Feature", "geometry" : {"type":"Polygon","coordinates":[[[-73.321165,-37.4034565],[-73.3212991,-37.4036951],[-73.3213099,-37.4038613],[-73.3215245,-37.4040232],[-73.3218195,-37.4041979],[-73.3220287,-37.4044238],[-73.3214654,-37.4050758],[-73.3207144,-37.4059238],[-73.3203926,-37.4062561],[-73.320186,-37.406254],[-73.3200331,-37.406156],[-73.3198025,-37.4058556],[-73.3195343,-37.4055978],[-73.3195584,-37.40534],[-73.3193536,-37.405165],[-73.3193697,-37.4050159],[-73.3202977,-37.4042233],[-73.3205498,-37.4040486],[-73.3207429,-37.4037077],[-73.321165,-37.4034565]]]}, "properties" : {"id" : "130-130.I", "nombre_bloque" : "130.I", "territorio_padre" : 130, "color" : null}}, {"type" : "Feature", "geometry" : {"type":"Polygon","coordinates":[[[-73.3210572,-37.4024029],[-73.32154,-37.4026245],[-73.3213361,-37.4028717],[-73.3209177,-37.4030592],[-73.3210894,-37.4034512],[-73.3208533,-37.403562],[-73.3205851,-37.4038944],[-73.320392,-37.404116],[-73.3198877,-37.4045081],[-73.3192225,-37.4050876],[-73.319126,-37.4053007],[-73.3182891,-37.4057864],[-73.3174523,-37.4058376],[-73.3172914,-37.4051558],[-73.3177205,-37.4042524],[-73.3186217,-37.4031785],[-73.3203705,-37.4027524],[-73.3210357,-37.4024711],[-73.3210572,-37.4024029]]]}, "properties" : {"id" : "130-130.J", "nombre_bloque" : "130.J", "territorio_padre" : 130, "color" : null}}, {"type" : "Feature", "geometry" : {"type":"Polygon","coordinates":[[[-73.3185382,-37.4031195],[-73.317637,-37.4042786],[-73.31724,-37.4049689],[-73.3171757,-37.4051564],[-73.3165226,-37.4055521],[-73.3155127,-37.4044661],[-73.3146651,-37.4043382],[-73.3143003,-37.404645],[-73.3140321,-37.4044831],[-73.3135708,-37.4044064],[-73.3131523,-37.4042615],[-73.313721,-37.4032984],[-73.3146007,-37.403307],[-73.3160813,-37.4037842],[-73.316768,-37.4038269],[-73.317358,-37.4034092],[-73.3181627,-37.4030683],[-73.3185489,-37.4030513],[-73.3185382,-37.4031195]]]}, "properties" : {"id" : "130-130.K", "nombre_bloque" : "130.K", "territorio_padre" : 130, "color" : null}}, {"type" : "Feature", "geometry" : {"type":"Polygon","coordinates":[[[-73.3147041,-37.4043973],[-73.3154336,-37.4044825],[-73.3160559,-37.4051047],[-73.3165226,-37.4055521],[-73.3158628,-37.4062382],[-73.3155785,-37.4062382],[-73.3142696,-37.4047084],[-73.3146665,-37.4044101],[-73.3147041,-37.4043973]]]}, "properties" : {"id" : "130-130.L", "nombre_bloque" : "130.L", "territorio_padre" : 130, "color" : null}}, {"type" : "Feature", "geometry" : {"type":"Polygon","coordinates":[[[-73.3132496,-37.404318],[-73.3137645,-37.4045225],[-73.3137753,-37.4048379],[-73.3140006,-37.4051703],[-73.3133247,-37.4063208],[-73.3128204,-37.4071049],[-73.3124234,-37.407842],[-73.3120426,-37.4089116],[-73.3117314,-37.4095337],[-73.3108141,-37.4096019],[-73.3103367,-37.4085792],[-73.3107175,-37.4076588],[-73.3112647,-37.4075225],[-73.3115276,-37.4071816],[-73.3115812,-37.4068236],[-73.3122679,-37.4058009],[-73.3130618,-37.4044757],[-73.3131905,-37.4043137],[-73.3132496,-37.404318]]]}, "properties" : {"id" : "130-130.M", "nombre_bloque" : "130.M", "territorio_padre" : 130, "color" : null}}, {"type" : "Feature", "geometry" : {"type":"Polygon","coordinates":[[[-73.3138101,-37.404604],[-73.3138262,-37.4045444],[-73.3139388,-37.4046935],[-73.3141749,-37.4047873],[-73.3145021,-37.4052262],[-73.3145665,-37.4053796],[-73.3144518,-37.4056622],[-73.3143197,-37.4062489],[-73.3140622,-37.4073781],[-73.3137189,-37.4083539],[-73.3132307,-37.4091933],[-73.3124797,-37.4092018],[-73.3123724,-37.4086777],[-73.3126728,-37.4078639],[-73.3128123,-37.4075272],[-73.3131127,-37.4067006],[-73.3136223,-37.4059037],[-73.3140139,-37.4052177],[-73.3140086,-37.4051069],[-73.3138101,-37.404604]]]}, "properties" : {"id" : "130-130.N", "nombre_bloque" : "130.N", "territorio_padre" : 130, "color" : null}}, {"type" : "Feature", "geometry" : {"type":"Polygon","coordinates":[[[-73.3146449,-37.4054576],[-73.315294,-37.4062034],[-73.3153584,-37.406621],[-73.3153101,-37.4068937],[-73.3150848,-37.4071366],[-73.3145752,-37.4071664],[-73.3142211,-37.40729],[-73.3142265,-37.4071025],[-73.3144518,-37.4056622],[-73.3146449,-37.4054576]]]}, "properties" : {"id" : "130-130.Ñ", "nombre_bloque" : "130.Ñ", "territorio_padre" : 130, "color" : null}}, {"type" : "Feature", "geometry" : {"type":"Polygon","coordinates":[[[-73.314191,-37.4073647],[-73.3144646,-37.4072411],[-73.3147328,-37.4071985],[-73.3151619,-37.4071602],[-73.31528,-37.407109],[-73.3155053,-37.4074414],[-73.3155696,-37.4077695],[-73.3155911,-37.408072],[-73.3155267,-37.408447],[-73.3155106,-37.4087197],[-73.3152371,-37.4089115],[-73.3144538,-37.4092098],[-73.3135634,-37.4090564],[-73.3139067,-37.4086004],[-73.3141159,-37.408038],[-73.314191,-37.4073647]]]}, "properties" : {"id" : "130-130.O", "nombre_bloque" : "130.O", "territorio_padre" : 130, "color" : null}}, {"type" : "Feature", "geometry" : {"type":"Polygon","coordinates":[[[-73.3158656,-37.4063004],[-73.3160319,-37.4064496],[-73.316386,-37.4072251],[-73.3170404,-37.4079495],[-73.3169224,-37.4087506],[-73.3165254,-37.4090574],[-73.3156135,-37.4091341],[-73.31571,-37.4083671],[-73.3157905,-37.4079154],[-73.3157154,-37.4076001],[-73.3154096,-37.4068757],[-73.3156993,-37.4066498],[-73.3158656,-37.4063004]]]}, "properties" : {"id" : "130-130.P", "nombre_bloque" : "130.P", "territorio_padre" : 130, "color" : null}}, {"type" : "Feature", "geometry" : {"type":"Polygon","coordinates":[[[-73.3161808,-37.4059846],[-73.3165134,-37.4061209],[-73.3168889,-37.4067004],[-73.3172751,-37.4073311],[-73.3177043,-37.407885],[-73.3183587,-37.4085668],[-73.3187879,-37.409027],[-73.3193458,-37.409581],[-73.3190239,-37.409973],[-73.317715,-37.4101604],[-73.3169224,-37.4087506],[-73.3171356,-37.408064],[-73.316386,-37.4072251],[-73.3158628,-37.4062382],[-73.3161808,-37.4059846]]]}, "properties" : {"id" : "130-130.Q", "nombre_bloque" : "130.Q", "territorio_padre" : 130, "color" : null}}, {"type" : "Feature", "geometry" : {"type":"Polygon","coordinates":[[[-73.3173632,-37.4059892],[-73.3193587,-37.4085204],[-73.3188545,-37.408955],[-73.3177816,-37.407634],[-73.3167731,-37.4062108],[-73.3167624,-37.4060404],[-73.3165693,-37.4059381],[-73.3165263,-37.4056142],[-73.3171757,-37.4051564],[-73.3173632,-37.4059892]]]}, "properties" : {"id" : "130-130.R", "nombre_bloque" : "130.R", "territorio_padre" : 130, "color" : null}}, {"type" : "Feature", "geometry" : {"type":"Polygon","coordinates":[[[-73.3194401,-37.40859],[-73.3206149,-37.4098087],[-73.3201858,-37.4103626],[-73.3189466,-37.4089309],[-73.3194401,-37.40859]]]}, "properties" : {"id" : "130-130.S", "nombre_bloque" : "130.S", "territorio_padre" : 130, "color" : null}}, {"type" : "Feature", "geometry" : {"type":"Polygon","coordinates":[[[-73.3191991,-37.4081686],[-73.3195907,-37.40793],[-73.3196873,-37.4078704],[-73.3199502,-37.4081388],[-73.3200843,-37.4083732],[-73.320272,-37.408599],[-73.3204169,-37.4087908],[-73.3200092,-37.4090763],[-73.3191991,-37.4081686]]]}, "properties" : {"id" : "130-130.T", "nombre_bloque" : "130.T", "territorio_padre" : 130, "color" : null}}, {"type" : "Feature", "geometry" : {"type":"Polygon","coordinates":[[[-73.33008,-37.4821438],[-73.329578,-37.4821398],[-73.329506,-37.4811768],[-73.329812,-37.4811518],[-73.33001,-37.4811538],[-73.33008,-37.4821438]]]}, "properties" : {"id" : "100-100.a", "nombre_bloque" : "100.a", "territorio_padre" : 100, "color" : null}}, {"type" : "Feature", "geometry" : {"type":"Polygon","coordinates":[[[-73.329445,-37.481185],[-73.329513,-37.482159],[-73.329478,-37.482166],[-73.329463,-37.48218],[-73.329387,-37.482176],[-73.329307,-37.482174],[-73.329219,-37.482184],[-73.328999,-37.482202],[-73.328938,-37.481229],[-73.329445,-37.481185]]]}, "properties" : {"id" : "100-100.b", "nombre_bloque" : "100.b", "territorio_padre" : 100, "color" : null}}, {"type" : "Feature", "geometry" : {"type":"Polygon","coordinates":[[[-73.328879,-37.481236],[-73.328939,-37.482204],[-73.328575,-37.48221],[-73.328441,-37.482214],[-73.32839,-37.481322],[-73.328398,-37.481232],[-73.328879,-37.481236]]]}, "properties" : {"id" : "100-100.c", "nombre_bloque" : "100.c", "territorio_padre" : 100, "color" : null}}, {"type" : "Feature", "geometry" : {"type":"Polygon","coordinates":[[[-73.328328,-37.481364],[-73.328377,-37.482222],[-73.327974,-37.482279],[-73.327928,-37.482289],[-73.327896,-37.4821],[-73.327902,-37.481998],[-73.32793,-37.481896],[-73.328018,-37.481729],[-73.328107,-37.481548],[-73.328184,-37.481413],[-73.328247,-37.481353],[-73.328328,-37.481364]]]}, "properties" : {"id" : "100-100.d", "nombre_bloque" : "100.d", "territorio_padre" : 100, "color" : null}}, {"type" : "Feature", "geometry" : {"type":"Polygon","coordinates":[[[-73.3329933,-37.4823295],[-73.3330013,-37.4824424],[-73.33289,-37.4824392],[-73.332764,-37.4824392],[-73.3326111,-37.4824445],[-73.332477,-37.4824392],[-73.3324595,-37.4824392],[-73.3324569,-37.4823391],[-73.3325266,-37.4823242],[-73.3326674,-37.4823327],[-73.3328444,-37.4823253],[-73.3329933,-37.4823295]]]}, "properties" : {"id" : "101-101.a", "nombre_bloque" : "101.a", "territorio_padre" : 101, "color" : null}}, {"type" : "Feature", "geometry" : {"type":"Polygon","coordinates":[[[-73.3324318,-37.4823611],[-73.3324338,-37.4824196],[-73.332418,-37.482435],[-73.332142,-37.482402],[-73.331995,-37.482402],[-73.331672,-37.48247],[-73.331559,-37.482489],[-73.331388,-37.482522],[-73.331233,-37.482569],[-73.33061,-37.4827],[-73.330318,-37.482776],[-73.329683,-37.483034],[-73.329558,-37.482796],[-73.329584,-37.482769],[-73.329511,-37.482534],[-73.329543,-37.482396],[-73.330486,-37.482475],[-73.330664,-37.482484],[-73.330764,-37.482484],[-73.330856,-37.482474],[-73.330999,-37.482438],[-73.331119,-37.482395],[-73.331212,-37.48236],[-73.331283,-37.482289],[-73.332388,-37.482311],[-73.3324213,-37.482334],[-73.3324318,-37.4823611]]]}, "properties" : {"id" : "101-101.b", "nombre_bloque" : "101.b", "territorio_padre" : 101, "color" : null}}, {"type" : "Feature", "geometry" : {"type":"Polygon","coordinates":[[[-73.3311481,-37.4823582],[-73.3310661,-37.4823882],[-73.3309421,-37.4824222],[-73.3308451,-37.4824482],[-73.3307271,-37.4824502],[-73.3307461,-37.4822902],[-73.3312101,-37.4823032],[-73.3311481,-37.4823582]]]}, "properties" : {"id" : "101-101.c", "nombre_bloque" : "101.c", "territorio_padre" : 101, "color" : null}}, {"type" : "Feature", "geometry" : {"type":"Polygon","coordinates":[[[-73.3307279,-37.4822933],[-73.3307039,-37.4824543],[-73.3305149,-37.4824483],[-73.3303569,-37.4824433],[-73.3301809,-37.4824283],[-73.3301909,-37.4822523],[-73.3303969,-37.4822753],[-73.3307279,-37.4822933]]]}, "properties" : {"id" : "101-101.d", "nombre_bloque" : "101.d", "territorio_padre" : 101, "color" : null}}, {"type" : "Feature", "geometry" : {"type":"Polygon","coordinates":[[[-73.3301319,-37.4822463],[-73.3301149,-37.4824213],[-73.3295539,-37.4823693],[-73.3295899,-37.4822003],[-73.3301319,-37.4822463]]]}, "properties" : {"id" : "101-101.e", "nombre_bloque" : "101.e", "territorio_padre" : 101, "color" : null}}, {"type" : "Feature", "geometry" : {"type":"Polygon","coordinates":[[[-73.329098,-37.482938],[-73.328739,-37.482751],[-73.328108,-37.482699],[-73.328096,-37.482657],[-73.328109,-37.482634],[-73.328103,-37.482609],[-73.327936,-37.482363],[-73.327957,-37.482339],[-73.328421,-37.482274],[-73.328951,-37.482259],[-73.328954,-37.482632],[-73.32898,-37.482651],[-73.329003,-37.482653],[-73.329031,-37.482641],[-73.329015,-37.482259],[-73.329339,-37.482214],[-73.329448,-37.48223],[-73.32947,-37.48229],[-73.329446,-37.482442],[-73.329498,-37.48277],[-73.329674,-37.483041],[-73.329098,-37.482938]]]}, "properties" : {"id" : "101-101.f", "nombre_bloque" : "101.f", "territorio_padre" : 101, "color" : null}}, {"type" : "Feature", "geometry" : {"type":"Polygon","coordinates":[[[-73.3345192,-37.4822976],[-73.3349982,-37.4823596],[-73.3344782,-37.4827536],[-73.3341092,-37.4831236],[-73.3339672,-37.4830846],[-73.3337532,-37.4830036],[-73.3339852,-37.4827706],[-73.3342902,-37.4825136],[-73.3344162,-37.4824346],[-73.3345192,-37.4822976]]]}, "properties" : {"id" : "102-102.a", "nombre_bloque" : "102.a", "territorio_padre" : 102, "color" : null}}, {"type" : "Feature", "geometry" : {"type":"Polygon","coordinates":[[[-73.334451,-37.482312],[-73.3343867,-37.4824291],[-73.3342767,-37.4824908],[-73.3341748,-37.4825887],[-73.3339173,-37.4828143],[-73.3337532,-37.4830036],[-73.333464,-37.4828612],[-73.3334425,-37.4828526],[-73.3336705,-37.4825334],[-73.3337027,-37.4824823],[-73.3336437,-37.4824865],[-73.3334103,-37.4828335],[-73.3329678,-37.4827632],[-73.3326861,-37.48271],[-73.3324796,-37.4827249],[-73.3324769,-37.4825227],[-73.3327183,-37.4825227],[-73.3331743,-37.4825121],[-73.3335579,-37.482444],[-73.3338261,-37.4824014],[-73.3341533,-37.4823418],[-73.334451,-37.482312]]]}, "properties" : {"id" : "102-102.b", "nombre_bloque" : "102.b", "territorio_padre" : 102, "color" : null}}, {"type" : "Feature", "geometry" : {"type":"Polygon","coordinates":[[[-73.332438,-37.482533],[-73.3324487,-37.4827288],[-73.3321858,-37.4827543],[-73.3318425,-37.4828097],[-73.3313651,-37.4828629],[-73.3308903,-37.4829246],[-73.3305121,-37.4830332],[-73.3302198,-37.4831162],[-73.3300106,-37.4831609],[-73.3297584,-37.4831566],[-73.329399,-37.4831162],[-73.3289913,-37.4830502],[-73.3285622,-37.4829523],[-73.3282001,-37.4828437],[-73.3281491,-37.4828139],[-73.328133,-37.4827586],[-73.3282671,-37.4827586],[-73.3286266,-37.4828075],[-73.3289082,-37.4828948],[-73.3292086,-37.4830012],[-73.3296377,-37.4830651],[-73.3298926,-37.4830246],[-73.3301045,-37.4829608],[-73.3302761,-37.4828948],[-73.3304773,-37.4828161],[-73.330724,-37.4827352],[-73.330952,-37.4826862],[-73.3312417,-37.4826394],[-73.3315797,-37.4825606],[-73.3318237,-37.4824989],[-73.3321268,-37.4824798],[-73.3323414,-37.4825032],[-73.332438,-37.482533]]]}, "properties" : {"id" : "102-102.c", "nombre_bloque" : "102.c", "territorio_padre" : 102, "color" : null}}, {"type" : "Feature", "geometry" : {"type":"Polygon","coordinates":[[[-73.3314883,-37.4828863],[-73.3315326,-37.4829715],[-73.3312201,-37.4831119],[-73.3310431,-37.4831247],[-73.3310914,-37.4832779],[-73.3308178,-37.4833758],[-73.3306729,-37.4834056],[-73.3303779,-37.4835205],[-73.3302438,-37.4836525],[-73.3300507,-37.4837078],[-73.3297342,-37.4836099],[-73.3296752,-37.4835078],[-73.3294177,-37.4834865],[-73.3292192,-37.4834822],[-73.3289617,-37.4834141],[-73.3286291,-37.4832311],[-73.3284038,-37.4831076],[-73.328275,-37.4830268],[-73.3281463,-37.4829331],[-73.3281892,-37.482865],[-73.3284735,-37.4829714],[-73.3288168,-37.483048],[-73.3292836,-37.4831332],[-73.3296912,-37.4831928],[-73.3300989,-37.4831843],[-73.3303028,-37.4831587],[-73.3306032,-37.4830693],[-73.3308982,-37.4829842],[-73.3311933,-37.4829331],[-73.3314883,-37.4828863]]]}, "properties" : {"id" : "102-102.d", "nombre_bloque" : "102.d", "territorio_padre" : 102, "color" : null}}, {"type" : "Feature", "geometry" : {"type":"Polygon","coordinates":[[[-73.333804,-37.483308],[-73.333674,-37.483517],[-73.333598,-37.483595],[-73.333548,-37.483633],[-73.333406,-37.483716],[-73.333236,-37.48377],[-73.333058,-37.483425],[-73.333039,-37.4834],[-73.333021,-37.483386],[-73.332997,-37.483401],[-73.332989,-37.483415],[-73.333168,-37.483784],[-73.332793,-37.483894],[-73.332361,-37.483108],[-73.332187,-37.482802],[-73.332466,-37.48277],[-73.332742,-37.482771],[-73.333049,-37.48281],[-73.333304,-37.482865],[-73.333921,-37.483146],[-73.333804,-37.483308]]]}, "properties" : {"id" : "103-103.a", "nombre_bloque" : "103.a", "territorio_padre" : 103, "color" : null}}, {"type" : "Feature", "geometry" : {"type":"Polygon","coordinates":[[[-73.332731,-37.483927],[-73.332571,-37.483979],[-73.332398,-37.484073],[-73.332333,-37.484115],[-73.331845,-37.483398],[-73.331551,-37.482876],[-73.332121,-37.482814],[-73.332731,-37.483927]]]}, "properties" : {"id" : "103-103.b", "nombre_bloque" : "103.b", "territorio_padre" : 103, "color" : null}}, {"type" : "Feature", "geometry" : {"type":"Polygon","coordinates":[[[-73.331477,-37.4829272],[-73.3315357,-37.4830233],[-73.33193,-37.4836363],[-73.3322519,-37.4841471],[-73.331998,-37.4843995],[-73.3317154,-37.484577],[-73.3313158,-37.4843173],[-73.3317101,-37.4840726],[-73.3316886,-37.484047],[-73.3316269,-37.4839619],[-73.3315384,-37.483781],[-73.3314955,-37.4835958],[-73.331407,-37.4834681],[-73.3310905,-37.4833064],[-73.3312085,-37.483217],[-73.3312273,-37.4830616],[-73.331348,-37.4829892],[-73.331477,-37.4829272]]]}, "properties" : {"id" : "103-103.c", "nombre_bloque" : "103.c", "territorio_padre" : 103, "color" : null}}, {"type" : "Feature", "geometry" : {"type":"Polygon","coordinates":[[[-73.33281,-37.483964],[-73.333022,-37.483921],[-73.333252,-37.483876],[-73.333394,-37.483837],[-73.333522,-37.483766],[-73.333649,-37.483694],[-73.333738,-37.483616],[-73.333797,-37.483547],[-73.333923,-37.483328],[-73.333981,-37.483246],[-73.334049,-37.483274],[-73.333763,-37.483696],[-73.333512,-37.484204],[-73.333506,-37.484636],[-73.333173,-37.48522],[-73.332338,-37.484723],[-73.331733,-37.485341],[-73.331583,-37.485222],[-73.331559,-37.485173],[-73.331531,-37.485121],[-73.331428,-37.485006],[-73.331893,-37.484625],[-73.332041,-37.484486],[-73.332239,-37.484326],[-73.332385,-37.484213],[-73.332507,-37.484132],[-73.332593,-37.484212],[-73.332785,-37.484365],[-73.332946,-37.484493],[-73.333193,-37.484655],[-73.333231,-37.484674],[-73.333264,-37.484673],[-73.333274,-37.484648],[-73.333255,-37.484627],[-73.333184,-37.484577],[-73.333001,-37.484455],[-73.332811,-37.484314],[-73.332612,-37.484148],[-73.332559,-37.484102],[-73.33281,-37.483964]]]}, "properties" : {"id" : "103-103.d", "nombre_bloque" : "103.d", "territorio_padre" : 103, "color" : null}}, {"type" : "Feature", "geometry" : {"type":"Polygon","coordinates":[[[-73.3312975,-37.4849825],[-73.3311366,-37.4850825],[-73.3308228,-37.4848101],[-73.3304178,-37.4844525],[-73.3305868,-37.4843184],[-73.3308952,-37.4845568],[-73.3309381,-37.4846015],[-73.3308872,-37.4846419],[-73.3312975,-37.4849825]]]}, "properties" : {"id" : "104-104.a", "nombre_bloque" : "104.a", "territorio_padre" : 104, "color" : null}}, {"type" : "Feature", "geometry" : {"type":"Polygon","coordinates":[[[-73.3308405,-37.4841457],[-73.3311838,-37.4844118],[-73.3309381,-37.4846015],[-73.3308807,-37.4845395],[-73.3309183,-37.4844969],[-73.330642,-37.4842734],[-73.3308405,-37.4841457]]]}, "properties" : {"id" : "104-104.b", "nombre_bloque" : "104.b", "territorio_padre" : 104, "color" : null}}, {"type" : "Feature", "geometry" : {"type":"Polygon","coordinates":[[[-73.3310873,-37.4839648],[-73.3314011,-37.4842479],[-73.3311919,-37.4843947],[-73.3308861,-37.4841159],[-73.3310873,-37.4839648]]]}, "properties" : {"id" : "104-104.c", "nombre_bloque" : "104.c", "territorio_padre" : 104, "color" : null}}, {"type" : "Feature", "geometry" : {"type":"Polygon","coordinates":[[[-73.3313957,-37.4837239],[-73.3314628,-37.4836877],[-73.3315996,-37.4839218],[-73.3314735,-37.484041],[-73.331621,-37.4842006],[-73.331495,-37.4842751],[-73.3314011,-37.4842479],[-73.3313153,-37.4841623],[-73.3313528,-37.4841325],[-73.331106,-37.4839431],[-73.3313957,-37.4837239]]]}, "properties" : {"id" : "104-104.d", "nombre_bloque" : "104.d", "territorio_padre" : 104, "color" : null}}, {"type" : "Feature", "geometry" : {"type":"Polygon","coordinates":[[[-73.3307804,-37.4836455],[-73.3308877,-37.4835583],[-73.3309816,-37.4835966],[-73.3310942,-37.4835285],[-73.3312981,-37.4834157],[-73.3314402,-37.4835072],[-73.3315287,-37.4836285],[-73.3314295,-37.4836881],[-73.331349,-37.4836711],[-73.3310594,-37.483869],[-73.3307804,-37.4836455]]]}, "properties" : {"id" : "104-104.e", "nombre_bloque" : "104.e", "territorio_padre" : 104, "color" : null}}, {"type" : "Feature", "geometry" : {"type":"Polygon","coordinates":[[[-73.3307654,-37.4836902],[-73.3310229,-37.4839137],[-73.3308164,-37.4840435],[-73.3305884,-37.4838477],[-73.3307654,-37.4836902]]]}, "properties" : {"id" : "104-104.f", "nombre_bloque" : "104.f", "territorio_padre" : 104, "color" : null}}, {"type" : "Feature", "geometry" : {"type":"Polygon","coordinates":[[[-73.3305884,-37.4838477],[-73.3306474,-37.4839073],[-73.3305884,-37.4839435],[-73.3307681,-37.4840968],[-73.3305803,-37.4842117],[-73.3303577,-37.4840159],[-73.3305884,-37.4838477]]]}, "properties" : {"id" : "104-104.g", "nombre_bloque" : "104.g", "territorio_padre" : 104, "color" : null}}, {"type" : "Feature", "geometry" : {"type":"Polygon","coordinates":[[[-73.3303577,-37.4840159],[-73.3304248,-37.4840861],[-73.3303738,-37.4841223],[-73.3305428,-37.4842819],[-73.3303523,-37.4844054],[-73.3300841,-37.4841606],[-73.3303577,-37.4840159]]]}, "properties" : {"id" : "104-104.h", "nombre_bloque" : "104.h", "territorio_padre" : 104, "color" : null}}, {"type" : "Feature", "geometry" : {"type":"Polygon","coordinates":[[[-73.330517,-37.48467],[-73.331044,-37.485131],[-73.330872,-37.485239],[-73.330456,-37.484887],[-73.329712,-37.485363],[-73.329575,-37.485269],[-73.330517,-37.48467]]]}, "properties" : {"id" : "104-104.i", "nombre_bloque" : "104.i", "territorio_padre" : 104, "color" : null}}, {"type" : "Feature", "geometry" : {"type":"Polygon","coordinates":[[[-73.330469,-37.484637],[-73.329528,-37.485242],[-73.329294,-37.485081],[-73.330015,-37.484606],[-73.330284,-37.484467],[-73.330469,-37.484637]]]}, "properties" : {"id" : "104-104.j", "nombre_bloque" : "104.j", "territorio_padre" : 104, "color" : null}}, {"type" : "Feature", "geometry" : {"type":"Polygon","coordinates":[[[-73.329255,-37.484049],[-73.32931,-37.484025],[-73.329374,-37.484009],[-73.329802,-37.484053],[-73.329865,-37.484077],[-73.329912,-37.484115],[-73.330018,-37.484197],[-73.330069,-37.48424],[-73.330246,-37.484417],[-73.33,-37.484541],[-73.32958,-37.484188],[-73.329421,-37.484162],[-73.329332,-37.484123],[-73.329255,-37.484049]]]}, "properties" : {"id" : "105-105.a", "nombre_bloque" : "105.a", "territorio_padre" : 105, "color" : null}}, {"type" : "Feature", "geometry" : {"type":"Polygon","coordinates":[[[-73.328921,-37.483863],[-73.329015,-37.484011],[-73.329041,-37.484042],[-73.329082,-37.484066],[-73.329119,-37.484076],[-73.329155,-37.484075],[-73.329205,-37.484078],[-73.329237,-37.484117],[-73.329276,-37.484152],[-73.329342,-37.484191],[-73.329392,-37.48421],[-73.32948,-37.484227],[-73.329546,-37.484233],[-73.329951,-37.484574],[-73.329236,-37.485036],[-73.328726,-37.484645],[-73.328324,-37.48429],[-73.328921,-37.483863]]]}, "properties" : {"id" : "105-105.b", "nombre_bloque" : "105.b", "territorio_padre" : 105, "color" : null}}, {"type" : "Feature", "geometry" : {"type":"Polygon","coordinates":[[[-73.328703,-37.483639],[-73.328892,-37.483819],[-73.328275,-37.484253],[-73.32802,-37.484046],[-73.328703,-37.483639]]]}, "properties" : {"id" : "105-105.c", "nombre_bloque" : "105.c", "territorio_padre" : 105, "color" : null}}, {"type" : "Feature", "geometry" : {"type":"Polygon","coordinates":[[[-73.328462,-37.483432],[-73.328654,-37.483608],[-73.327982,-37.484013],[-73.327779,-37.483859],[-73.328462,-37.483432]]]}, "properties" : {"id" : "105-105.d", "nombre_bloque" : "105.d", "territorio_padre" : 105, "color" : null}}, {"type" : "Feature", "geometry" : {"type":"Polygon","coordinates":[[[-73.328172,-37.483201],[-73.328417,-37.48339],[-73.327732,-37.483822],[-73.327567,-37.483701],[-73.327591,-37.483626],[-73.328172,-37.483201]]]}, "properties" : {"id" : "105-105.e", "nombre_bloque" : "105.e", "territorio_padre" : 105, "color" : null}}, {"type" : "Feature", "geometry" : {"type":"Polygon","coordinates":[[[-73.3298999,-37.4840094],[-73.3298087,-37.4839838],[-73.3295243,-37.4839668],[-73.3293366,-37.4839498],[-73.3291488,-37.4840264],[-73.3289718,-37.4838348],[-73.3286392,-37.4835198],[-73.3281242,-37.4830771],[-73.3281081,-37.4829707],[-73.3281832,-37.482975],[-73.3283442,-37.4830814],[-73.3287197,-37.4833325],[-73.3287036,-37.4833921],[-73.3289772,-37.4836177],[-73.3290308,-37.483622],[-73.3292186,-37.4837582],[-73.3295351,-37.4837029],[-73.3297497,-37.4837497],[-73.3300125,-37.4838519],[-73.3298999,-37.4840094]]]}, "properties" : {"id" : "105-105.f", "nombre_bloque" : "105.f", "territorio_padre" : 105, "color" : null}}, {"type" : "Feature", "geometry" : {"type":"Polygon","coordinates":[[[-73.327805,-37.483951],[-73.327206,-37.484373],[-73.327209,-37.484389],[-73.327222,-37.484399],[-73.327236,-37.484406],[-73.327254,-37.484398],[-73.327851,-37.483989],[-73.328099,-37.484191],[-73.327695,-37.484451],[-73.327531,-37.484518],[-73.327518,-37.484527],[-73.327517,-37.484551],[-73.327532,-37.484565],[-73.327553,-37.484568],[-73.327747,-37.484492],[-73.328142,-37.484233],[-73.32842,-37.484445],[-73.328682,-37.484677],[-73.328352,-37.484895],[-73.328209,-37.48478],[-73.327918,-37.484623],[-73.32729,-37.484896],[-73.32644,-37.484215],[-73.326446,-37.484081],[-73.32664,-37.484057],[-73.326668,-37.484092],[-73.326719,-37.484142],[-73.326766,-37.484187],[-73.326842,-37.484216],[-73.326957,-37.484225],[-73.327026,-37.484181],[-73.327193,-37.484051],[-73.32753,-37.483739],[-73.327805,-37.483951]]]}, "properties" : {"id" : "106-106.a", "nombre_bloque" : "106.a", "territorio_padre" : 106, "color" : null}}, {"type" : "Feature", "geometry" : {"type":"Polygon","coordinates":[[[-73.327552,-37.483589],[-73.327479,-37.483681],[-73.327083,-37.483988],[-73.326863,-37.484151],[-73.326817,-37.484144],[-73.326774,-37.484129],[-73.326752,-37.484091],[-73.326714,-37.484027],[-73.326735,-37.483969],[-73.326781,-37.483905],[-73.326925,-37.483783],[-73.327053,-37.483676],[-73.327165,-37.483593],[-73.327282,-37.483496],[-73.327451,-37.483364],[-73.32759,-37.483248],[-73.327674,-37.483177],[-73.327729,-37.483144],[-73.327806,-37.483128],[-73.32804,-37.483128],[-73.328136,-37.483178],[-73.327552,-37.483589]]]}, "properties" : {"id" : "106-106.b", "nombre_bloque" : "106.b", "territorio_padre" : 106, "color" : null}}, {"type" : "Feature", "geometry" : {"type":"Polygon","coordinates":[[[-73.328104,-37.482825],[-73.328045,-37.482903],[-73.328051,-37.483066],[-73.327812,-37.48307],[-73.327742,-37.482931],[-73.327695,-37.482902],[-73.327653,-37.482896],[-73.327604,-37.482884],[-73.327552,-37.482908],[-73.327433,-37.48298],[-73.326962,-37.483331],[-73.326845,-37.483452],[-73.326738,-37.48355],[-73.326692,-37.483612],[-73.326717,-37.483637],[-73.32677,-37.483598],[-73.326857,-37.483513],[-73.326978,-37.483389],[-73.32743,-37.483061],[-73.327593,-37.482943],[-73.327638,-37.482943],[-73.327671,-37.482964],[-73.327697,-37.482999],[-73.327715,-37.483048],[-73.327747,-37.483082],[-73.327667,-37.48312],[-73.327606,-37.483163],[-73.327432,-37.483301],[-73.327239,-37.483443],[-73.327082,-37.483583],[-73.326898,-37.483742],[-73.3268,-37.483823],[-73.326737,-37.483871],[-73.326522,-37.48373],[-73.326527,-37.483526],[-73.326661,-37.483289],[-73.326867,-37.483098],[-73.32716,-37.482926],[-73.327444,-37.482844],[-73.327848,-37.482786],[-73.328036,-37.482765],[-73.328104,-37.482825]]]}, "properties" : {"id" : "106-106.c", "nombre_bloque" : "106.c", "territorio_padre" : 106, "color" : null}}, {"type" : "Feature", "geometry" : {"type":"Polygon","coordinates":[[[-73.3286753,-37.48472],[-73.3288899,-37.4848626],[-73.3290803,-37.4849903],[-73.3291957,-37.485101],[-73.3290052,-37.485235],[-73.3284312,-37.4848732],[-73.3286753,-37.48472]]]}, "properties" : {"id" : "107-107.a", "nombre_bloque" : "107.a", "territorio_padre" : 107, "color" : null}}, {"type" : "Feature", "geometry" : {"type":"Polygon","coordinates":[[[-73.3284151,-37.4848871],[-73.3289301,-37.4852425],[-73.3287156,-37.4853936],[-73.3279753,-37.4849254],[-73.3281979,-37.4848083],[-73.3283293,-37.4848913],[-73.3284151,-37.4848871]]]}, "properties" : {"id" : "107-107.b", "nombre_bloque" : "107.b", "territorio_padre" : 107, "color" : null}}, {"type" : "Feature", "geometry" : {"type":"Polygon","coordinates":[[[-73.3280101,-37.4849765],[-73.3286512,-37.4853915],[-73.3286887,-37.485417],[-73.3284634,-37.485549],[-73.3278653,-37.4851659],[-73.3280101,-37.4849765]]]}, "properties" : {"id" : "107-107.c", "nombre_bloque" : "107.c", "territorio_padre" : 107, "color" : null}}, {"type" : "Feature", "geometry" : {"type":"Polygon","coordinates":[[[-73.3278546,-37.4851999],[-73.3283749,-37.4855362],[-73.3283883,-37.4855532],[-73.3281738,-37.485715],[-73.3276534,-37.485351],[-73.3278546,-37.4851999]]]}, "properties" : {"id" : "107-107.d", "nombre_bloque" : "107.d", "territorio_padre" : 107, "color" : null}}, {"type" : "Feature", "geometry" : {"type":"Polygon","coordinates":[[[-73.327648,-37.4853894],[-73.3279753,-37.4856171],[-73.3278787,-37.4857065],[-73.3276936,-37.4856065],[-73.3276319,-37.4856618],[-73.3275917,-37.4856128],[-73.327007,-37.4858746],[-73.3268112,-37.4856171],[-73.3267736,-37.485532],[-73.3271116,-37.4852084],[-73.3273959,-37.485019],[-73.3277768,-37.4847466],[-73.327927,-37.484704],[-73.3281255,-37.484787],[-73.3279779,-37.4848956],[-73.3278948,-37.484985],[-73.3278251,-37.485151],[-73.3276454,-37.4852723],[-73.327648,-37.4853894]]]}, "properties" : {"id" : "107-107.e", "nombre_bloque" : "107.e", "territorio_padre" : 107, "color" : null}}, {"type" : "Feature", "geometry" : {"type":"Polygon","coordinates":[[[-73.3276222,-37.4856638],[-73.3276048,-37.4858245],[-73.3271703,-37.4860405],[-73.3270617,-37.4859022],[-73.3275847,-37.4856617],[-73.3276222,-37.4856638]]]}, "properties" : {"id" : "107-107.f", "nombre_bloque" : "107.f", "territorio_padre" : 107, "color" : null}}, {"type" : "Feature", "geometry" : {"type":"Polygon","coordinates":[[[-73.3297204,-37.4854662],[-73.3295971,-37.4855556],[-73.3295381,-37.485496],[-73.3290928,-37.4857983],[-73.3286797,-37.4860239],[-73.3285939,-37.4860707],[-73.3284974,-37.4859473],[-73.328889,-37.4857046],[-73.3291572,-37.4855386],[-73.3294576,-37.4853769],[-73.3295434,-37.4853088],[-73.3297204,-37.4854662]]]}, "properties" : {"id" : "108-108.a", "nombre_bloque" : "108.a", "territorio_padre" : 108, "color" : null}}, {"type" : "Feature", "geometry" : {"type":"Polygon","coordinates":[[[-73.328449,-37.485898],[-73.328303,-37.485706],[-73.329218,-37.485141],[-73.329439,-37.485282],[-73.328449,-37.485898]]]}, "properties" : {"id" : "108-108.b", "nombre_bloque" : "108.b", "territorio_padre" : 108, "color" : null}}, {"type" : "Feature", "geometry" : {"type":"Polygon","coordinates":[[[-73.3267554,-37.4869837],[-73.3271417,-37.4867667],[-73.3275521,-37.4865304],[-73.3278659,-37.4863367],[-73.3281287,-37.4861665],[-73.3283192,-37.4860452],[-73.3284184,-37.48596],[-73.3286008,-37.4861111],[-73.3286464,-37.4861792],[-73.3283809,-37.4863282],[-73.328059,-37.4864751],[-73.3277479,-37.4866347],[-73.3274072,-37.4867986],[-73.3271524,-37.4869412],[-73.3268547,-37.4871029],[-73.3267554,-37.4869837]]]}, "properties" : {"id" : "108-108.c", "nombre_bloque" : "108.c", "territorio_padre" : 108, "color" : null}}, {"type" : "Feature", "geometry" : {"type":"Polygon","coordinates":[[[-73.328224,-37.485751],[-73.328385,-37.485932],[-73.327588,-37.486439],[-73.32746,-37.486347],[-73.327506,-37.48618],[-73.328224,-37.485751]]]}, "properties" : {"id" : "108-108.d", "nombre_bloque" : "108.d", "territorio_padre" : 108, "color" : null}}, {"type" : "Feature", "geometry" : {"type":"Polygon","coordinates":[[[-73.327433,-37.486228],[-73.327408,-37.48635],[-73.327537,-37.486469],[-73.326866,-37.486895],[-73.326815,-37.486931],[-73.326768,-37.486942],[-73.326718,-37.486935],[-73.326667,-37.486914],[-73.3266,-37.486867],[-73.326515,-37.486789],[-73.327014,-37.4865],[-73.327433,-37.486228]]]}, "properties" : {"id" : "108-108.e", "nombre_bloque" : "108.e", "territorio_padre" : 108, "color" : null}}, {"type" : "Feature", "geometry" : {"type":"Polygon","coordinates":[[[-73.3294817,-37.4861533],[-73.3286234,-37.4867109],[-73.328441,-37.4864725],[-73.3292993,-37.4859915],[-73.3294817,-37.4861533]]]}, "properties" : {"id" : "108-108.f", "nombre_bloque" : "108.f", "territorio_padre" : 108, "color" : null}}, {"type" : "Feature", "geometry" : {"type":"Polygon","coordinates":[[[-73.3266562,-37.4856139],[-73.3268198,-37.4857927],[-73.3269834,-37.4859544],[-73.3271604,-37.4861715],[-73.3272301,-37.4862716],[-73.3269861,-37.4864184],[-73.3266562,-37.4860566],[-73.3264979,-37.4859204],[-73.3264523,-37.4859225],[-73.3263477,-37.4858459],[-73.3266562,-37.4856139]]]}, "properties" : {"id" : "109-109.a", "nombre_bloque" : "109.a", "territorio_padre" : 109, "color" : null}}, {"type" : "Feature", "geometry" : {"type":"Polygon","coordinates":[[[-73.3264979,-37.4859544],[-73.3266696,-37.4861502],[-73.3268198,-37.4863056],[-73.3269271,-37.4864376],[-73.3266776,-37.4865823],[-73.3265033,-37.4864035],[-73.3264094,-37.4863163],[-73.3263531,-37.4862375],[-73.3262726,-37.4861524],[-73.3263262,-37.4860545],[-73.3264979,-37.4859544]]]}, "properties" : {"id" : "109-109.b", "nombre_bloque" : "109.b", "territorio_padre" : 109, "color" : null}}, {"type" : "Feature", "geometry" : {"type":"Polygon","coordinates":[[[-73.3262005,-37.4861209],[-73.32634,-37.486289],[-73.3264419,-37.4864061],[-73.3265546,-37.4865423],[-73.3266216,-37.4866253],[-73.3265036,-37.4866849],[-73.3263829,-37.4867594],[-73.3262461,-37.4866126],[-73.3261335,-37.4864785],[-73.326045,-37.4863657],[-73.3259779,-37.4862912],[-73.3260181,-37.4862252],[-73.3260986,-37.4861507],[-73.3262005,-37.4861209]]]}, "properties" : {"id" : "109-109.c", "nombre_bloque" : "109.c", "territorio_padre" : 109, "color" : null}}, {"type" : "Feature", "geometry" : {"type":"Polygon","coordinates":[[[-73.3259203,-37.486321],[-73.3260732,-37.4864976],[-73.3261885,-37.4866445],[-73.3263146,-37.4867807],[-73.3260651,-37.4869339],[-73.325931,-37.4867679],[-73.3258023,-37.4866189],[-73.3257218,-37.4865402],[-73.3259203,-37.486321]]]}, "properties" : {"id" : "109-109.d", "nombre_bloque" : "109.d", "territorio_padre" : 109, "color" : null}}, {"type" : "Feature", "geometry" : {"type":"Polygon","coordinates":[[[-73.3256641,-37.4865653],[-73.3258116,-37.4867036],[-73.3259189,-37.4868164],[-73.3260369,-37.4869462],[-73.3257848,-37.4870846],[-73.3255327,-37.4868058],[-73.3256641,-37.4865653]]]}, "properties" : {"id" : "109-109.e", "nombre_bloque" : "109.e", "territorio_padre" : 109, "color" : null}}, {"type" : "Feature", "geometry" : {"type":"Polygon","coordinates":[[[-73.3254978,-37.4868526],[-73.3256829,-37.4870782],[-73.3257258,-37.4871271],[-73.3255166,-37.487257],[-73.325353,-37.4871208],[-73.3253315,-37.4870697],[-73.3254978,-37.4868526]]]}, "properties" : {"id" : "109-109.f", "nombre_bloque" : "109.f", "territorio_padre" : 109, "color" : null}}, {"type" : "Feature", "geometry" : {"type":"Polygon","coordinates":[[[-73.3253192,-37.4870939],[-73.3254882,-37.4872833],[-73.3251797,-37.487428],[-73.3250456,-37.4872706],[-73.3253192,-37.4870939]]]}, "properties" : {"id" : "109-109.g", "nombre_bloque" : "109.g", "territorio_padre" : 109, "color" : null}}, {"type" : "Feature", "geometry" : {"type":"Polygon","coordinates":[[[-73.323111,-37.486886],[-73.323329,-37.486885],[-73.323547,-37.486974],[-73.323608,-37.487016],[-73.323668,-37.48712],[-73.323539,-37.487213],[-73.323184,-37.487247],[-73.322793,-37.48727],[-73.323111,-37.486886]]]}, "properties" : {"id" : "110-110.a", "nombre_bloque" : "110.a", "territorio_padre" : 110, "color" : "#00A86B"}}, {"type" : "Feature", "geometry" : {"type":"Polygon","coordinates":[[[-73.323437,-37.486694],[-73.323654,-37.486472],[-73.323851,-37.486358],[-73.324194,-37.486199],[-73.324469,-37.485973],[-73.324607,-37.485868],[-73.324835,-37.485665],[-73.324966,-37.485643],[-73.325043,-37.485635],[-73.325226,-37.485582],[-73.325709,-37.485821],[-73.325731,-37.485894],[-73.325661,-37.485998],[-73.325557,-37.486114],[-73.325461,-37.486209],[-73.325366,-37.486316],[-73.325167,-37.486468],[-73.324959,-37.486617],[-73.324733,-37.486738],[-73.324539,-37.486785],[-73.324392,-37.486841],[-73.324124,-37.486846],[-73.323871,-37.486886],[-73.32365,-37.486895],[-73.323479,-37.486863],[-73.323359,-37.486826],[-73.323437,-37.486694]]]}, "properties" : {"id" : "110-110.b", "nombre_bloque" : "110.b", "territorio_padre" : 110, "color" : "#00A86B"}}, {"type" : "Feature", "geometry" : {"type":"Polygon","coordinates":[[[-73.326351,-37.484256],[-73.326652,-37.484576],[-73.326467,-37.485089],[-73.326365,-37.485436],[-73.32613,-37.485641],[-73.326016,-37.48581],[-73.32583,-37.485998],[-73.325537,-37.486378],[-73.325334,-37.486662],[-73.324855,-37.486788],[-73.325086,-37.486641],[-73.325301,-37.486479],[-73.325425,-37.486377],[-73.325464,-37.486307],[-73.325571,-37.486218],[-73.325697,-37.486107],[-73.32577,-37.486014],[-73.325811,-37.485897],[-73.325841,-37.485754],[-73.325937,-37.485573],[-73.326031,-37.485378],[-73.326111,-37.485156],[-73.326238,-37.484821],[-73.326296,-37.484579],[-73.326253,-37.48441],[-73.326304,-37.484124],[-73.326393,-37.483965],[-73.326351,-37.484256]]]}, "properties" : {"id" : "110-110.c", "nombre_bloque" : "110.c", "territorio_padre" : 110, "color" : "#00A86B"}}, {"type" : "Feature", "geometry" : {"type":"Polygon","coordinates":[[[-73.325767,-37.485714],[-73.325288,-37.485516],[-73.325221,-37.485513],[-73.325153,-37.485547],[-73.325048,-37.485579],[-73.324842,-37.485613],[-73.32474,-37.485676],[-73.324652,-37.485759],[-73.324553,-37.485832],[-73.32442,-37.48591],[-73.324277,-37.486047],[-73.324154,-37.486139],[-73.324035,-37.486209],[-73.323875,-37.486261],[-73.323733,-37.48632],[-73.323616,-37.486409],[-73.323459,-37.486552],[-73.323374,-37.48667],[-73.323283,-37.486828],[-73.323156,-37.486831],[-73.323277,-37.486703],[-73.323349,-37.486568],[-73.323408,-37.486437],[-73.323475,-37.486289],[-73.323521,-37.486157],[-73.323579,-37.485995],[-73.323628,-37.485848],[-73.323678,-37.485745],[-73.323772,-37.485682],[-73.323908,-37.485619],[-73.324049,-37.485519],[-73.324153,-37.48556],[-73.324284,-37.485604],[-73.324431,-37.48559],[-73.324559,-37.485523],[-73.324724,-37.485397],[-73.324948,-37.485245],[-73.325086,-37.485162],[-73.325302,-37.485052],[-73.325452,-37.484999],[-73.325546,-37.484997],[-73.325658,-37.485011],[-73.32572,-37.485021],[-73.325772,-37.485029],[-73.325792,-37.484992],[-73.325786,-37.484958],[-73.325727,-37.48495],[-73.325579,-37.484939],[-73.32545,-37.48494],[-73.325367,-37.484949],[-73.325245,-37.485005],[-73.325113,-37.485082],[-73.324978,-37.485166],[-73.324848,-37.485244],[-73.324716,-37.485335],[-73.324578,-37.485427],[-73.324521,-37.485487],[-73.324423,-37.485546],[-73.324331,-37.485553],[-73.324258,-37.485536],[-73.32419,-37.485506],[-73.324092,-37.485453],[-73.324396,-37.485174],[-73.324527,-37.485042],[-73.32489,-37.484788],[-73.325383,-37.484522],[-73.325522,-37.484309],[-73.325551,-37.484042],[-73.325474,-37.483723],[-73.325444,-37.483634],[-73.325768,-37.482842],[-73.326215,-37.482704],[-73.327,-37.482613],[-73.327137,-37.482792],[-73.326956,-37.482836],[-73.326736,-37.482982],[-73.326606,-37.483116],[-73.326479,-37.483294],[-73.326402,-37.483561],[-73.326382,-37.48369],[-73.32638,-37.483822],[-73.326303,-37.483983],[-73.326218,-37.484128],[-73.326173,-37.484293],[-73.32617,-37.48439],[-73.326214,-37.484528],[-73.326194,-37.484645],[-73.326113,-37.484915],[-73.326026,-37.485225],[-73.325991,-37.485337],[-73.325869,-37.485466],[-73.325767,-37.485714]]]}, "properties" : {"id" : "110-110.d", "nombre_bloque" : "110.d", "territorio_padre" : 110, "color" : "#00A86B"}}, {"type" : "Feature", "geometry" : {"type":"Polygon","coordinates":[[[-73.322909,-37.486966],[-73.322683,-37.487304],[-73.322425,-37.487133],[-73.322136,-37.487034],[-73.321781,-37.487074],[-73.321388,-37.48708],[-73.320939,-37.48708],[-73.3209,-37.486858],[-73.321141,-37.486881],[-73.32147,-37.486782],[-73.321778,-37.486648],[-73.322445,-37.486746],[-73.322772,-37.486805],[-73.322909,-37.486966]]]}, "properties" : {"id" : "111-111.a", "nombre_bloque" : "111.a", "territorio_padre" : 111, "color" : null}}, {"type" : "Feature", "geometry" : {"type":"Polygon","coordinates":[[[-73.320174,-37.486291],[-73.320306,-37.486326],[-73.320427,-37.486418],[-73.320552,-37.486595],[-73.320836,-37.48684],[-73.320855,-37.487048],[-73.320588,-37.487108],[-73.320395,-37.487141],[-73.320214,-37.487246],[-73.319937,-37.487268],[-73.319743,-37.487257],[-73.319517,-37.487294],[-73.319106,-37.487363],[-73.318908,-37.48739],[-73.318775,-37.487367],[-73.318582,-37.487321],[-73.31838,-37.487308],[-73.318038,-37.487313],[-73.317656,-37.487379],[-73.317271,-37.487364],[-73.317023,-37.48734],[-73.316783,-37.487321],[-73.316319,-37.487367],[-73.316342,-37.487275],[-73.316396,-37.487173],[-73.316651,-37.487215],[-73.316881,-37.487212],[-73.317003,-37.487231],[-73.317175,-37.487217],[-73.317185,-37.487212],[-73.317446,-37.487155],[-73.317461,-37.487147],[-73.317707,-37.487084],[-73.317914,-37.487028],[-73.318096,-37.486968],[-73.318114,-37.486965],[-73.318298,-37.486891],[-73.318421,-37.486801],[-73.318603,-37.486688],[-73.318789,-37.486608],[-73.319004,-37.486513],[-73.319219,-37.486458],[-73.319375,-37.486416],[-73.319591,-37.48644],[-73.319724,-37.486418],[-73.319863,-37.486417],[-73.320015,-37.486235],[-73.320174,-37.486291]]]}, "properties" : {"id" : "111-111.b", "nombre_bloque" : "111.b", "territorio_padre" : 111, "color" : null}}, {"type" : "Feature", "geometry" : {"type":"Polygon","coordinates":[[[-73.323001,-37.486731],[-73.322778,-37.486714],[-73.322528,-37.48665],[-73.32193,-37.486568],[-73.321679,-37.486575],[-73.321547,-37.48664],[-73.32126,-37.486792],[-73.321093,-37.486796],[-73.320878,-37.486734],[-73.320699,-37.486627],[-73.320575,-37.48647],[-73.320369,-37.486247],[-73.320128,-37.48621],[-73.319826,-37.48603],[-73.319436,-37.485938],[-73.319355,-37.485884],[-73.319018,-37.485765],[-73.318554,-37.485788],[-73.317862,-37.485773],[-73.317148,-37.485725],[-73.316467,-37.485906],[-73.316121,-37.486034],[-73.315915,-37.486207],[-73.315507,-37.486402],[-73.315361,-37.486374],[-73.315279,-37.486232],[-73.31527,-37.486087],[-73.315178,-37.486004],[-73.314854,-37.486149],[-73.314493,-37.486119],[-73.314423,-37.486161],[-73.314075,-37.486127],[-73.314036,-37.485523],[-73.313593,-37.48519],[-73.314376,-37.484456],[-73.318581,-37.485223],[-73.320292,-37.485535],[-73.321162,-37.486334],[-73.321981,-37.486372],[-73.322973,-37.486499],[-73.323156,-37.486553],[-73.323001,-37.486731]]]}, "properties" : {"id" : "111-111.c", "nombre_bloque" : "111.c", "territorio_padre" : 111, "color" : null}}, {"type" : "Feature", "geometry" : {"type":"Polygon","coordinates":[[[-73.319832,-37.486354],[-73.319698,-37.486375],[-73.319494,-37.486346],[-73.319249,-37.486363],[-73.318941,-37.486468],[-73.318591,-37.486624],[-73.318411,-37.486742],[-73.317912,-37.486948],[-73.317383,-37.487108],[-73.317173,-37.487134],[-73.316922,-37.487143],[-73.31676,-37.487131],[-73.316619,-37.487126],[-73.31649,-37.487063],[-73.316421,-37.487104],[-73.316222,-37.487106],[-73.31612,-37.48702],[-73.316061,-37.486896],[-73.315994,-37.486747],[-73.315981,-37.486566],[-73.315993,-37.486418],[-73.31601,-37.486237],[-73.316283,-37.486028],[-73.316696,-37.485941],[-73.317101,-37.485785],[-73.317788,-37.48586],[-73.318366,-37.485883],[-73.318949,-37.485822],[-73.319353,-37.48599],[-73.319697,-37.486071],[-73.319953,-37.486181],[-73.319832,-37.486354]]]}, "properties" : {"id" : "111-111.d", "nombre_bloque" : "111.d", "territorio_padre" : 111, "color" : null}}, {"type" : "Feature", "geometry" : {"type":"Polygon","coordinates":[[[-73.322465,-37.487724],[-73.322291,-37.488295],[-73.32193,-37.488365],[-73.321517,-37.488511],[-73.321065,-37.48859],[-73.320927,-37.48782],[-73.321828,-37.487714],[-73.321782,-37.487226],[-73.322053,-37.487204],[-73.322284,-37.487259],[-73.322616,-37.487353],[-73.322465,-37.487724]]]}, "properties" : {"id" : "112-112.a", "nombre_bloque" : "112.a", "territorio_padre" : 112, "color" : null}}, {"type" : "Feature", "geometry" : {"type":"Polygon","coordinates":[[[-73.3220301,-37.4893851],[-73.322065,-37.490128],[-73.321953,-37.490178],[-73.32181,-37.490156],[-73.321642,-37.490119],[-73.321479,-37.490034],[-73.321384,-37.489984],[-73.321382,-37.489982],[-73.321263,-37.489933],[-73.321177,-37.489877],[-73.321114,-37.48978],[-73.321067,-37.489668],[-73.321027,-37.489499],[-73.32128,-37.489399],[-73.32135,-37.489457],[-73.321383,-37.489543],[-73.321443,-37.489602],[-73.321474,-37.489576],[-73.321433,-37.489468],[-73.321306,-37.489345],[-73.320912,-37.489444],[-73.320848,-37.489295],[-73.320834,-37.488976],[-73.32109,-37.489011],[-73.321122,-37.488927],[-73.321118,-37.488664],[-73.321368,-37.488661],[-73.321587,-37.488557],[-73.321918,-37.488441],[-73.322286,-37.488365],[-73.3220301,-37.4893851]]]}, "properties" : {"id" : "112-112.b", "nombre_bloque" : "112.b", "territorio_padre" : 112, "color" : null}}, {"type" : "Feature", "geometry" : {"type":"Polygon","coordinates":[[[-73.3208911,-37.4878367],[-73.3210306,-37.4885646],[-73.3206765,-37.4885858],[-73.3204673,-37.4883858],[-73.320242,-37.4881517],[-73.3201642,-37.4882262],[-73.3200328,-37.488207],[-73.319829,-37.4879048],[-73.3197109,-37.487692],[-73.3197646,-37.4875728],[-73.3202474,-37.4875898],[-73.3204244,-37.4877218],[-73.3207409,-37.4878239],[-73.320927,-37.48782],[-73.3208911,-37.4878367]]]}, "properties" : {"id" : "112-112.c", "nombre_bloque" : "112.c", "territorio_padre" : 112, "color" : null}}, {"type" : "Feature", "geometry" : {"type":"Polygon","coordinates":[[[-73.320152,-37.488815],[-73.319711,-37.489097],[-73.319048,-37.488801],[-73.319055,-37.488714],[-73.319132,-37.488571],[-73.319279,-37.488473],[-73.319285,-37.488362],[-73.319395,-37.488323],[-73.319591,-37.488206],[-73.319625,-37.488126],[-73.31985,-37.487994],[-73.319979,-37.488213],[-73.320162,-37.488279],[-73.320257,-37.488218],[-73.320578,-37.4886],[-73.320152,-37.488815]]]}, "properties" : {"id" : "112-112.d", "nombre_bloque" : "112.d", "territorio_padre" : 112, "color" : null}}, {"type" : "Feature", "geometry" : {"type":"Polygon","coordinates":[[[-73.320928,-37.488958],[-73.320792,-37.48895],[-73.320804,-37.489304],[-73.320642,-37.489505],[-73.320499,-37.489623],[-73.320265,-37.489705],[-73.320035,-37.489869],[-73.319943,-37.489782],[-73.319786,-37.489679],[-73.319545,-37.489674],[-73.3195,-37.489527],[-73.319617,-37.489348],[-73.319761,-37.489167],[-73.319916,-37.489015],[-73.320255,-37.488806],[-73.320567,-37.488688],[-73.32099,-37.488674],[-73.320928,-37.488958]]]}, "properties" : {"id" : "112-112.e", "nombre_bloque" : "112.e", "territorio_padre" : 112, "color" : null}}, {"type" : "Feature", "geometry" : {"type":"Polygon","coordinates":[[[-73.3177574,-37.4886176],[-73.3183368,-37.4887112],[-73.3189595,-37.4888585],[-73.3194204,-37.4889922],[-73.319761,-37.489167],[-73.319517,-37.4894263],[-73.3194419,-37.4896221],[-73.3187445,-37.489554],[-73.3182188,-37.4893157],[-73.3179291,-37.489205],[-73.3178433,-37.4889922],[-73.3177574,-37.4886176]]]}, "properties" : {"id" : "112-112.f", "nombre_bloque" : "112.f", "territorio_padre" : 112, "color" : null}}, {"type" : "Feature", "geometry" : {"type":"Polygon","coordinates":[[[-73.3191578,-37.4884771],[-73.3189861,-37.4886304],[-73.3189432,-37.4887836],[-73.3185516,-37.4887283],[-73.3181707,-37.4886687],[-73.3178703,-37.4885878],[-73.3176665,-37.4885623],[-73.3174734,-37.4886006],[-73.3172373,-37.4886474],[-73.3169316,-37.4886602],[-73.3165668,-37.488592],[-73.3162074,-37.4885835],[-73.3161108,-37.4883409],[-73.3159123,-37.4882345],[-73.3158184,-37.4881728],[-73.3156575,-37.4881132],[-73.3154563,-37.4880834],[-73.3154268,-37.4878727],[-73.315577,-37.4878152],[-73.3157809,-37.487762],[-73.3160008,-37.4878131],[-73.3161644,-37.4879451],[-73.3163549,-37.4880791],[-73.3165963,-37.4881813],[-73.3170147,-37.4882643],[-73.3171005,-37.4882558],[-73.3173875,-37.4882643],[-73.3176075,-37.4882962],[-73.3184175,-37.4884218],[-73.3191578,-37.4884771]]]}, "properties" : {"id" : "112-112.g", "nombre_bloque" : "112.g", "territorio_padre" : 112, "color" : null}}, {"type" : "Feature", "geometry" : {"type":"Polygon","coordinates":[[[-73.3246148,-37.487135],[-73.3249689,-37.4875861],[-73.3247704,-37.4876755],[-73.3244002,-37.4872414],[-73.3246148,-37.487135]]]}, "properties" : {"id" : "113-113.a", "nombre_bloque" : "113.a", "territorio_padre" : 113, "color" : null}}, {"type" : "Feature", "geometry" : {"type":"Polygon","coordinates":[[[-73.3243989,-37.4872606],[-73.3247691,-37.4876947],[-73.3244968,-37.4878362],[-73.3241441,-37.4873936],[-73.3243989,-37.4872606]]]}, "properties" : {"id" : "113-113.b", "nombre_bloque" : "113.b", "territorio_padre" : 113, "color" : null}}, {"type" : "Feature", "geometry" : {"type":"Polygon","coordinates":[[[-73.3241075,-37.4873959],[-73.3244669,-37.4878471],[-73.3241933,-37.4879791],[-73.3238178,-37.4874981],[-73.3241075,-37.4873959]]]}, "properties" : {"id" : "113-113.c", "nombre_bloque" : "113.c", "territorio_padre" : 113, "color" : null}}, {"type" : "Feature", "geometry" : {"type":"Polygon","coordinates":[[[-73.3237615,-37.4875066],[-73.3241397,-37.4879812],[-73.3238715,-37.4881089],[-73.3234182,-37.487513],[-73.3235871,-37.4874257],[-73.3237615,-37.4875066]]]}, "properties" : {"id" : "113-113.d", "nombre_bloque" : "113.d", "territorio_padre" : 113, "color" : null}}, {"type" : "Feature", "geometry" : {"type":"Polygon","coordinates":[[[-73.3233779,-37.487496],[-73.3238393,-37.488143],[-73.3235764,-37.4882664],[-73.3230507,-37.4875875],[-73.3232116,-37.4875194],[-73.3233779,-37.487496]]]}, "properties" : {"id" : "113-113.e", "nombre_bloque" : "113.e", "territorio_padre" : 113, "color" : null}}, {"type" : "Feature", "geometry" : {"type":"Polygon","coordinates":[[[-73.3230266,-37.4876215],[-73.3235308,-37.4882962],[-73.323268,-37.4884175],[-73.322753,-37.487762],[-73.3230266,-37.4876215]]]}, "properties" : {"id" : "113-113.f", "nombre_bloque" : "113.f", "territorio_padre" : 113, "color" : null}}, {"type" : "Feature", "geometry" : {"type":"Polygon","coordinates":[[[-73.3227664,-37.487845],[-73.3232224,-37.4884303],[-73.3229354,-37.4885708],[-73.3225867,-37.4880898],[-73.3226805,-37.4880217],[-73.3226403,-37.4879472],[-73.3227664,-37.487845]]]}, "properties" : {"id" : "113-113.g", "nombre_bloque" : "113.g", "territorio_padre" : 113, "color" : null}}, {"type" : "Feature", "geometry" : {"type":"Polygon","coordinates":[[[-73.3234366,-37.4884422],[-73.3239971,-37.489136],[-73.3238952,-37.4891828],[-73.3233293,-37.488489],[-73.3234366,-37.4884422]]]}, "properties" : {"id" : "114-114.a", "nombre_bloque" : "114.a", "territorio_padre" : 114, "color" : null}}, {"type" : "Feature", "geometry" : {"type":"Polygon","coordinates":[[[-73.3234976,-37.4886971],[-73.3230162,-37.488929],[-73.3228539,-37.4887088],[-73.3233293,-37.488489],[-73.3234976,-37.4886971]]]}, "properties" : {"id" : "114-114.b", "nombre_bloque" : "114.b", "territorio_padre" : 114, "color" : null}}, {"type" : "Feature", "geometry" : {"type":"Polygon","coordinates":[[[-73.3236873,-37.4889285],[-73.3232079,-37.4891738],[-73.3230336,-37.4889546],[-73.323456,-37.4887726],[-73.3234198,-37.4887301],[-73.3234976,-37.4886971],[-73.3236873,-37.4889285]]]}, "properties" : {"id" : "114-114.c", "nombre_bloque" : "114.c", "territorio_padre" : 114, "color" : null}}, {"type" : "Feature", "geometry" : {"type":"Polygon","coordinates":[[[-73.3237209,-37.48897],[-73.3238952,-37.4891828],[-73.3234151,-37.4894382],[-73.3232327,-37.489219],[-73.3232314,-37.4892083],[-73.3236753,-37.4890083],[-73.3236324,-37.488953],[-73.3236873,-37.4889285],[-73.3237209,-37.48897]]]}, "properties" : {"id" : "114-114.d", "nombre_bloque" : "114.d", "territorio_padre" : 114, "color" : null}}, {"type" : "Feature", "geometry" : {"type":"Polygon","coordinates":[[[-73.323141,-37.489305],[-73.323334,-37.489557],[-73.322725,-37.489855],[-73.322373,-37.489392],[-73.322354,-37.489394],[-73.32233,-37.489397],[-73.322319,-37.48941],[-73.32232,-37.489432],[-73.322666,-37.489885],[-73.322172,-37.490122],[-73.32223,-37.489405],[-73.322322,-37.488646],[-73.322459,-37.488054],[-73.322575,-37.488196],[-73.32257,-37.488221],[-73.322912,-37.48864],[-73.322782,-37.488702],[-73.322755,-37.488737],[-73.322758,-37.488783],[-73.322764,-37.488844],[-73.322897,-37.489016],[-73.322587,-37.489178],[-73.322582,-37.489202],[-73.322596,-37.48922],[-73.322617,-37.489218],[-73.322937,-37.489054],[-73.323101,-37.489264],[-73.322728,-37.489449],[-73.322725,-37.489469],[-73.322733,-37.489492],[-73.322759,-37.489496],[-73.323141,-37.489305]]]}, "properties" : {"id" : "114-114.e", "nombre_bloque" : "114.e", "territorio_padre" : 114, "color" : null}}, {"type" : "Feature", "geometry" : {"type":"Polygon","coordinates":[[[-73.3250942,-37.4876092],[-73.3256923,-37.4883222],[-73.3255904,-37.4883627],[-73.3250083,-37.4876539],[-73.3250942,-37.4876092]]]}, "properties" : {"id" : "115-115.a", "nombre_bloque" : "115.a", "territorio_padre" : 115, "color" : null}}, {"type" : "Feature", "geometry" : {"type":"Polygon","coordinates":[[[-73.3250647,-37.4886095],[-73.3248796,-37.4884031],[-73.3253302,-37.488169],[-73.32529,-37.48812],[-73.3253624,-37.4880817],[-73.3255904,-37.4883627],[-73.3250647,-37.4886095]]]}, "properties" : {"id" : "115-115.b", "nombre_bloque" : "115.b", "territorio_padre" : 115, "color" : null}}, {"type" : "Feature", "geometry" : {"type":"Polygon","coordinates":[[[-73.32485,-37.4883329],[-73.3248007,-37.4882794],[-73.3247556,-37.4882088],[-73.3246891,-37.4881477],[-73.325137,-37.4879306],[-73.325086,-37.4878817],[-73.3251638,-37.4878455],[-73.3253624,-37.4880817],[-73.32485,-37.4883329]]]}, "properties" : {"id" : "115-115.c", "nombre_bloque" : "115.c", "territorio_padre" : 115, "color" : null}}, {"type" : "Feature", "geometry" : {"type":"Polygon","coordinates":[[[-73.3250083,-37.4876539],[-73.3251638,-37.4878455],[-73.3246596,-37.4880988],[-73.3245174,-37.48792],[-73.3245576,-37.4878625],[-73.3250083,-37.4876539]]]}, "properties" : {"id" : "115-115.d", "nombre_bloque" : "115.d", "territorio_padre" : 115, "color" : null}}, {"type" : "Feature", "geometry" : {"type":"Polygon","coordinates":[[[-73.3247778,-37.4884522],[-73.3249736,-37.4886864],[-73.3245122,-37.4889279],[-73.3242655,-37.4886161],[-73.3243446,-37.4885799],[-73.3243862,-37.4886183],[-73.3247778,-37.4884522]]]}, "properties" : {"id" : "115-115.e", "nombre_bloque" : "115.e", "territorio_padre" : 115, "color" : null}}, {"type" : "Feature", "geometry" : {"type":"Polygon","coordinates":[[[-73.3247349,-37.4884008],[-73.3242655,-37.4886161],[-73.3240858,-37.4883752],[-73.3241689,-37.4883369],[-73.3242038,-37.4883859],[-73.3245766,-37.4881922],[-73.3247349,-37.4884008]]]}, "properties" : {"id" : "115-115.f", "nombre_bloque" : "115.f", "territorio_padre" : 115, "color" : null}}, {"type" : "Feature", "geometry" : {"type":"Polygon","coordinates":[[[-73.3243915,-37.4879517],[-73.3245578,-37.4881624],[-73.3240858,-37.4883752],[-73.3239329,-37.4881894],[-73.3243728,-37.4879623],[-73.3243915,-37.4879517]]]}, "properties" : {"id" : "115-115.g", "nombre_bloque" : "115.g", "territorio_padre" : 115, "color" : null}}, {"type" : "Feature", "geometry" : {"type":"Polygon","coordinates":[[[-73.3239329,-37.4881894],[-73.3245122,-37.4889279],[-73.3243754,-37.4889875],[-73.3238015,-37.4882618],[-73.3239329,-37.4881894]]]}, "properties" : {"id" : "115-115.h", "nombre_bloque" : "115.h", "territorio_padre" : 115, "color" : null}}, {"type" : "Feature", "geometry" : {"type":"Polygon","coordinates":[[[-73.323732,-37.488322],[-73.324321,-37.489056],[-73.324064,-37.489194],[-73.323468,-37.488432],[-73.323732,-37.488322]]]}, "properties" : {"id" : "115-115.i", "nombre_bloque" : "115.i", "territorio_padre" : 115, "color" : null}}, {"type" : "Feature", "geometry" : {"type":"Polygon","coordinates":[[[-73.3262834,-37.4869369],[-73.3265704,-37.4872519],[-73.326396,-37.4873668],[-73.3263048,-37.4872604],[-73.3263585,-37.4872285],[-73.3261493,-37.487005],[-73.3262834,-37.4869369]]]}, "properties" : {"id" : "116-116.a", "nombre_bloque" : "116.a", "territorio_padre" : 116, "color" : null}}, {"type" : "Feature", "geometry" : {"type":"Polygon","coordinates":[[[-73.326239,-37.487249],[-73.326221,-37.487286],[-73.325343,-37.48777],[-73.325166,-37.48757],[-73.32545,-37.48739],[-73.325798,-37.487191],[-73.32607,-37.487047],[-73.326239,-37.487249]]]}, "properties" : {"id" : "116-116.b", "nombre_bloque" : "116.b", "territorio_padre" : 116, "color" : null}}, {"type" : "Feature", "geometry" : {"type":"Polygon","coordinates":[[[-73.3262831,-37.4872693],[-73.3263743,-37.4873672],[-73.3261383,-37.4875077],[-73.3262322,-37.4876269],[-73.3255536,-37.4880036],[-73.3253873,-37.4877929],[-73.3260364,-37.4874289],[-73.3262831,-37.4872693]]]}, "properties" : {"id" : "116-116.c", "nombre_bloque" : "116.c", "territorio_padre" : 116, "color" : null}}, {"type" : "Feature", "geometry" : {"type":"Polygon","coordinates":[[[-73.3262697,-37.4876545],[-73.3264629,-37.4878695],[-73.3265138,-37.4879227],[-73.3261946,-37.4880844],[-73.3257896,-37.4882824],[-73.3255885,-37.4880419],[-73.3262697,-37.4876545]]]}, "properties" : {"id" : "116-116.d", "nombre_bloque" : "116.d", "territorio_padre" : 116, "color" : null}}, {"type" : "Feature", "geometry" : {"type":"Polygon","coordinates":[[[-73.3278241,-37.487168],[-73.3274217,-37.4874276],[-73.3271964,-37.4875468],[-73.3268746,-37.4877341],[-73.326778,-37.4877937],[-73.3266224,-37.4876277],[-73.3265634,-37.4875553],[-73.3268316,-37.4873851],[-73.3270999,-37.4872787],[-73.3273466,-37.4871637],[-73.3275719,-37.4870148],[-73.3278241,-37.487168]]]}, "properties" : {"id" : "116-116.e", "nombre_bloque" : "116.e", "territorio_padre" : 116, "color" : null}}, {"type" : "Feature", "geometry" : {"type":"Polygon","coordinates":[[[-73.3289005,-37.4867201],[-73.3289542,-37.4868351],[-73.3287396,-37.4872522],[-73.328643,-37.4875289],[-73.3285679,-37.4875459],[-73.3282139,-37.4870947],[-73.3289005,-37.4867201]]]}, "properties" : {"id" : "117-117.a", "nombre_bloque" : "117.a", "territorio_padre" : 117, "color" : null}}, {"type" : "Feature", "geometry" : {"type":"Polygon","coordinates":[[[-73.3281659,-37.4871541],[-73.3284126,-37.4874648],[-73.3284663,-37.4874222],[-73.3285679,-37.4875459],[-73.328123,-37.4877841],[-73.3277796,-37.4873584],[-73.3281283,-37.4871413],[-73.3281659,-37.4871541]]]}, "properties" : {"id" : "117-117.b", "nombre_bloque" : "117.b", "territorio_padre" : 117, "color" : null}}, {"type" : "Feature", "geometry" : {"type":"Polygon","coordinates":[[[-73.328123,-37.4877841],[-73.3276831,-37.4880182],[-73.3273183,-37.4876095],[-73.3277099,-37.4873924],[-73.3279459,-37.4876862],[-73.3280157,-37.4876478],[-73.328123,-37.4877841]]]}, "properties" : {"id" : "117-117.c", "nombre_bloque" : "117.c", "territorio_padre" : 117, "color" : null}}, {"type" : "Feature", "geometry" : {"type":"Polygon","coordinates":[[[-73.3276455,-37.4880011],[-73.3273719,-37.4881799],[-73.3275436,-37.488431],[-73.3273773,-37.4884992],[-73.3269052,-37.4878649],[-73.3272647,-37.4876606],[-73.3274953,-37.4879203],[-73.3275436,-37.4878862],[-73.3276455,-37.4880011]]]}, "properties" : {"id" : "117-117.d", "nombre_bloque" : "117.d", "territorio_padre" : 117, "color" : null}}, {"type" : "Feature", "geometry" : {"type":"Polygon","coordinates":[[[-73.328654,-37.4875755],[-73.328654,-37.487733],[-73.3284609,-37.4879118],[-73.3281444,-37.488082],[-73.3280049,-37.4882608],[-73.327844,-37.4884523],[-73.3277635,-37.4885502],[-73.3276938,-37.48858],[-73.3274363,-37.488214],[-73.3285038,-37.4876223],[-73.3285843,-37.487584],[-73.328654,-37.4875755]]]}, "properties" : {"id" : "117-117.e", "nombre_bloque" : "117.e", "territorio_padre" : 117, "color" : null}}, {"type" : "Feature", "geometry" : {"type":"Polygon","coordinates":[[[-73.3276477,-37.4887437],[-73.3277647,-37.4886167],[-73.3278987,-37.4885677],[-73.3279237,-37.4884607],[-73.3281507,-37.4881707],[-73.3285047,-37.4879007],[-73.3285727,-37.4879107],[-73.3284917,-37.4882607],[-73.3284957,-37.4886387],[-73.3283557,-37.4889477],[-73.3284794,-37.4891383],[-73.3284157,-37.4893907],[-73.3283207,-37.4896237],[-73.3280517,-37.4900587],[-73.3279877,-37.4900757],[-73.3279147,-37.4900637],[-73.3276957,-37.4898757],[-73.3275857,-37.4897307],[-73.3276267,-37.4897477],[-73.3276847,-37.4897587],[-73.3277387,-37.4897537],[-73.3277877,-37.4897297],[-73.3278557,-37.4896687],[-73.3279117,-37.4895897],[-73.3279667,-37.4895157],[-73.3279977,-37.4894517],[-73.3280197,-37.4893667],[-73.3280247,-37.4892737],[-73.3280047,-37.4892027],[-73.3279837,-37.4891287],[-73.3279217,-37.4890257],[-73.3278457,-37.4889307],[-73.3277317,-37.4888727],[-73.3276397,-37.4888157],[-73.3275377,-37.4887877],[-73.3276477,-37.4887437]]]}, "properties" : {"id" : "118-118.a", "nombre_bloque" : "118.a", "territorio_padre" : 118, "color" : null}}, {"type" : "Feature", "geometry" : {"type":"Polygon","coordinates":[[[-73.327428,-37.488889],[-73.327456,-37.488838],[-73.327581,-37.488876],[-73.327677,-37.488907],[-73.327774,-37.488973],[-73.327888,-37.489117],[-73.327942,-37.489216],[-73.327945,-37.489376],[-73.327927,-37.48946],[-73.327825,-37.489602],[-73.32778,-37.489666],[-73.327727,-37.489701],[-73.327685,-37.489707],[-73.327626,-37.489704],[-73.327606,-37.489701],[-73.327598,-37.48971],[-73.327545,-37.489681],[-73.327088,-37.489123],[-73.327428,-37.488889]]]}, "properties" : {"id" : "118-118.b", "nombre_bloque" : "118.b", "territorio_padre" : 118, "color" : null}}, {"type" : "Feature", "geometry" : {"type":"Polygon","coordinates":[[[-73.327484,-37.489691],[-73.327447,-37.489718],[-73.327481,-37.489794],[-73.327606,-37.489893],[-73.327873,-37.490114],[-73.327504,-37.490402],[-73.32717,-37.490122],[-73.327187,-37.490098],[-73.326656,-37.489418],[-73.327031,-37.489153],[-73.327484,-37.489691]]]}, "properties" : {"id" : "118-118.c", "nombre_bloque" : "118.c", "territorio_padre" : 118, "color" : null}}, {"type" : "Feature", "geometry" : {"type":"Polygon","coordinates":[[[-73.327388,-37.48873],[-73.327347,-37.488764],[-73.327284,-37.488816],[-73.326999,-37.489004],[-73.326328,-37.488157],[-73.326763,-37.487917],[-73.327388,-37.48873]]]}, "properties" : {"id" : "119-119.a", "nombre_bloque" : "119.a", "territorio_padre" : 119, "color" : null}}, {"type" : "Feature", "geometry" : {"type":"Polygon","coordinates":[[[-73.326266,-37.48819],[-73.326938,-37.489056],[-73.326517,-37.489247],[-73.325866,-37.488402],[-73.326266,-37.48819]]]}, "properties" : {"id" : "119-119.b", "nombre_bloque" : "119.b", "territorio_padre" : 119, "color" : null}}, {"type" : "Feature", "geometry" : {"type":"Polygon","coordinates":[[[-73.325814,-37.488441],[-73.326477,-37.489287],[-73.326047,-37.489483],[-73.325393,-37.488639],[-73.325814,-37.488441]]]}, "properties" : {"id" : "119-119.c", "nombre_bloque" : "119.c", "territorio_padre" : 119, "color" : null}}, {"type" : "Feature", "geometry" : {"type":"Polygon","coordinates":[[[-73.325331,-37.488655],[-73.325934,-37.489444],[-73.325503,-37.489648],[-73.324905,-37.488885],[-73.325331,-37.488655]]]}, "properties" : {"id" : "119-119.d", "nombre_bloque" : "119.d", "territorio_padre" : 119, "color" : null}}, {"type" : "Feature", "geometry" : {"type":"Polygon","coordinates":[[[-73.344099,-37.490586],[-73.344074,-37.490974],[-73.34403,-37.49143],[-73.344041,-37.491674],[-73.343993,-37.492003],[-73.343937,-37.492125],[-73.34344,-37.492133],[-73.34362,-37.491301],[-73.343581,-37.491077],[-73.343382,-37.490711],[-73.343404,-37.48996],[-73.34334,-37.48975],[-73.343394,-37.489303],[-73.343445,-37.489146],[-73.343505,-37.489082],[-73.343624,-37.489065],[-73.34386,-37.48913],[-73.343821,-37.489281],[-73.343733,-37.489331],[-73.34365,-37.489396],[-73.343691,-37.489449],[-73.343775,-37.489393],[-73.343813,-37.489348],[-73.34391,-37.489317],[-73.344453,-37.489403],[-73.344099,-37.490586]]]}, "properties" : {"id" : "80-80.a", "nombre_bloque" : "80.a", "territorio_padre" : 80, "color" : null}}, {"type" : "Feature", "geometry" : {"type":"Polygon","coordinates":[[[-73.34238,-37.493031],[-73.341924,-37.493317],[-73.341652,-37.493605],[-73.341507,-37.493689],[-73.341338,-37.493679],[-73.341248,-37.493624],[-73.340982,-37.492538],[-73.34105,-37.492467],[-73.341173,-37.492416],[-73.341418,-37.492627],[-73.342008,-37.492665],[-73.342596,-37.492504],[-73.34311,-37.492443],[-73.343177,-37.492383],[-73.343472,-37.492531],[-73.34238,-37.493031]]]}, "properties" : {"id" : "80-80.b", "nombre_bloque" : "80.b", "territorio_padre" : 80, "color" : null}}, {"type" : "Feature", "geometry" : {"type":"Polygon","coordinates":[[[-73.34114,-37.493638],[-73.341384,-37.493805],[-73.341218,-37.494325],[-73.341207,-37.495027],[-73.341147,-37.495399],[-73.340995,-37.495769],[-73.3409397,-37.4962573],[-73.340744,-37.496597],[-73.339849,-37.49645],[-73.340117,-37.495409],[-73.340338,-37.495051],[-73.340287,-37.494756],[-73.340429,-37.494457],[-73.340647,-37.494287],[-73.340439,-37.493783],[-73.340551,-37.493402],[-73.34054,-37.492867],[-73.340399,-37.492326],[-73.340098,-37.491974],[-73.34075,-37.491795],[-73.341076,-37.492349],[-73.340895,-37.492514],[-73.34114,-37.493638]]]}, "properties" : {"id" : "80-80.c", "nombre_bloque" : "80.c", "territorio_padre" : 80, "color" : null}}, {"type" : "Feature", "geometry" : {"type":"Polygon","coordinates":[[[-73.3401914,-37.4966701],[-73.3401163,-37.4972575],[-73.3399339,-37.497666],[-73.3395584,-37.4980576],[-73.33914,-37.4986364],[-73.3390756,-37.499079],[-73.3390005,-37.4996663],[-73.3391078,-37.5000919],[-73.3391078,-37.5004835],[-73.3383782,-37.5004835],[-73.3384212,-37.4995642],[-73.3384855,-37.4990365],[-73.3385284,-37.4984406],[-73.3388288,-37.4978618],[-73.3389576,-37.4973511],[-73.3389576,-37.4969255],[-73.3393653,-37.4964658],[-73.3401914,-37.4966701]]]}, "properties" : {"id" : "80-80.d", "nombre_bloque" : "80.d", "territorio_padre" : 80, "color" : null}}, {"type" : "Feature", "geometry" : {"type":"Polygon","coordinates":[[[-73.3407119,-37.4974981],[-73.3410874,-37.4974896],[-73.3411625,-37.4977279],[-73.3410445,-37.4979492],[-73.3411732,-37.4981876],[-73.3414414,-37.4985451],[-73.3416238,-37.4988515],[-73.3416453,-37.4991409],[-73.3419028,-37.4996771],[-73.3415594,-37.4996346],[-73.3405402,-37.4995324],[-73.3405402,-37.4990643],[-73.3405617,-37.4986302],[-73.3405509,-37.4981195],[-73.3407119,-37.4974981]]]}, "properties" : {"id" : "80-80.e", "nombre_bloque" : "80.e", "territorio_padre" : 80, "color" : null}}, {"type" : "Feature", "geometry" : {"type":"Polygon","coordinates":[[[-73.3405368,-37.4835964],[-73.3409337,-37.4838901],[-73.3419315,-37.4835666],[-73.3427255,-37.4836858],[-73.3430259,-37.484469],[-73.3416311,-37.4846563],[-73.3414595,-37.4843669],[-73.3415185,-37.4841796],[-73.3414434,-37.4840306],[-73.3412234,-37.4840135],[-73.3411966,-37.4841668],[-73.3410088,-37.4844094],[-73.3408425,-37.4844562],[-73.3407353,-37.4843158],[-73.3405797,-37.4842008],[-73.3402578,-37.4839454],[-73.3405368,-37.4835964]]]}, "properties" : {"id" : "81-81.a", "nombre_bloque" : "81.a", "territorio_padre" : 81, "color" : null}}, {"type" : "Feature", "geometry" : {"type":"Polygon","coordinates":[[[-73.340366,-37.484168],[-73.340487,-37.484243],[-73.34068,-37.484346],[-73.340747,-37.484419],[-73.340779,-37.484475],[-73.340787,-37.484525],[-73.340799,-37.484591],[-73.340788,-37.484649],[-73.340646,-37.48486],[-73.340613,-37.48486],[-73.340556,-37.484941],[-73.34048,-37.484999],[-73.340361,-37.485129],[-73.340312,-37.485212],[-73.340184,-37.485389],[-73.340097,-37.485466],[-73.339957,-37.485538],[-73.339797,-37.485602],[-73.339714,-37.485641],[-73.339659,-37.485647],[-73.339523,-37.485528],[-73.339424,-37.4854],[-73.339533,-37.485319],[-73.339588,-37.485253],[-73.33961,-37.485192],[-73.33993,-37.484507],[-73.340153,-37.484085],[-73.340215,-37.484017],[-73.340366,-37.484168]]]}, "properties" : {"id" : "81-81.b", "nombre_bloque" : "81.b", "territorio_padre" : 81, "color" : null}}, {"type" : "Feature", "geometry" : {"type":"Polygon","coordinates":[[[-73.341264,-37.484063],[-73.341377,-37.484122],[-73.341431,-37.484235],[-73.341363,-37.48433],[-73.341357,-37.484421],[-73.341347,-37.484475],[-73.341433,-37.48459],[-73.341529,-37.484663],[-73.341554,-37.484726],[-73.341555,-37.484792],[-73.341537,-37.484849],[-73.341503,-37.484894],[-73.34144,-37.484942],[-73.341367,-37.484979],[-73.341308,-37.485005],[-73.341267,-37.485053],[-73.341238,-37.485103],[-73.341205,-37.485166],[-73.341169,-37.485228],[-73.341123,-37.48528],[-73.341038,-37.48533],[-73.340981,-37.48537],[-73.340977,-37.485252],[-73.341004,-37.485168],[-73.341005,-37.485103],[-73.340998,-37.485038],[-73.340979,-37.484917],[-73.340974,-37.484847],[-73.340902,-37.484874],[-73.340928,-37.484926],[-73.340934,-37.484985],[-73.340942,-37.48503],[-73.34094,-37.485108],[-73.34094,-37.485207],[-73.340927,-37.485277],[-73.340916,-37.485352],[-73.340903,-37.485426],[-73.340926,-37.485479],[-73.340959,-37.48553],[-73.340964,-37.485591],[-73.340977,-37.485662],[-73.340972,-37.485703],[-73.340956,-37.485755],[-73.340923,-37.485784],[-73.340888,-37.485807],[-73.340852,-37.485825],[-73.340772,-37.485828],[-73.340691,-37.48583],[-73.340599,-37.48583],[-73.340497,-37.485832],[-73.34039,-37.485839],[-73.340314,-37.485835],[-73.340241,-37.485833],[-73.34016,-37.485846],[-73.340074,-37.485867],[-73.340009,-37.485888],[-73.33997,-37.485899],[-73.339903,-37.485923],[-73.339815,-37.485947],[-73.339759,-37.485964],[-73.33967,-37.485987],[-73.339607,-37.48602],[-73.339554,-37.486068],[-73.339526,-37.48615],[-73.339533,-37.486199],[-73.339554,-37.486293],[-73.339565,-37.486353],[-73.339582,-37.486458],[-73.339593,-37.486547],[-73.339576,-37.486644],[-73.339569,-37.486703],[-73.339543,-37.486779],[-73.339508,-37.486839],[-73.339478,-37.486879],[-73.339427,-37.4869],[-73.339386,-37.486908],[-73.339329,-37.486915],[-73.339231,-37.486917],[-73.339133,-37.486919],[-73.339064,-37.48693],[-73.339014,-37.486971],[-73.338963,-37.487004],[-73.338896,-37.487056],[-73.338868,-37.48708],[-73.338815,-37.48714],[-73.338777,-37.487163],[-73.338711,-37.487187],[-73.338615,-37.487204],[-73.338543,-37.487212],[-73.338465,-37.487212],[-73.338346,-37.487202],[-73.338268,-37.487208],[-73.338175,-37.487245],[-73.338146,-37.487279],[-73.337934,-37.487099],[-73.338016,-37.486965],[-73.338139,-37.486797],[-73.33836,-37.486613],[-73.338496,-37.486446],[-73.338609,-37.48625],[-73.338813,-37.486078],[-73.338931,-37.485969],[-73.338951,-37.485903],[-73.33896,-37.485849],[-73.338966,-37.485803],[-73.338908,-37.48573],[-73.338802,-37.485672],[-73.338867,-37.485654],[-73.339056,-37.485593],[-73.339363,-37.485435],[-73.339438,-37.485521],[-73.339546,-37.485618],[-73.339605,-37.485669],[-73.339637,-37.485688],[-73.339665,-37.485695],[-73.339696,-37.485694],[-73.339728,-37.48569],[-73.33976,-37.485672],[-73.339797,-37.485651],[-73.339839,-37.485631],[-73.339972,-37.485594],[-73.340133,-37.48551],[-73.340222,-37.485435],[-73.340358,-37.485251],[-73.340413,-37.485156],[-73.340496,-37.485059],[-73.340578,-37.484988],[-73.340621,-37.484964],[-73.340667,-37.484898],[-73.340657,-37.484875],[-73.340824,-37.484652],[-73.340848,-37.484646],[-73.340862,-37.484619],[-73.340868,-37.484571],[-73.340861,-37.484523],[-73.340861,-37.484495],[-73.341014,-37.484461],[-73.341255,-37.484167],[-73.341264,-37.484063]]]}, "properties" : {"id" : "81-81.c", "nombre_bloque" : "81.c", "territorio_padre" : 81, "color" : null}}, {"type" : "Feature", "geometry" : {"type":"Polygon","coordinates":[[[-73.338617,-37.485703],[-73.338734,-37.485733],[-73.33886,-37.485773],[-73.338894,-37.485832],[-73.338906,-37.485878],[-73.338864,-37.485937],[-73.338806,-37.48601],[-73.338736,-37.486076],[-73.338672,-37.486127],[-73.338602,-37.486186],[-73.338546,-37.486225],[-73.338526,-37.486267],[-73.338502,-37.486223],[-73.338489,-37.486183],[-73.338462,-37.486136],[-73.338439,-37.486103],[-73.338419,-37.486077],[-73.338356,-37.486091],[-73.338296,-37.486105],[-73.338245,-37.486117],[-73.338206,-37.486117],[-73.338161,-37.486149],[-73.338091,-37.486193],[-73.338019,-37.486242],[-73.337962,-37.486275],[-73.337878,-37.486322],[-73.337762,-37.486382],[-73.337675,-37.486416],[-73.337723,-37.486459],[-73.337537,-37.48657],[-73.337636,-37.486649],[-73.337798,-37.486548],[-73.337826,-37.486441],[-73.337962,-37.486326],[-73.338071,-37.486258],[-73.338182,-37.486189],[-73.338244,-37.48616],[-73.338373,-37.486143],[-73.338459,-37.486258],[-73.338426,-37.4863],[-73.338315,-37.486565],[-73.338249,-37.486642],[-73.338202,-37.48669],[-73.338148,-37.48673],[-73.338097,-37.48677],[-73.338062,-37.486819],[-73.338001,-37.486882],[-73.33797,-37.486936],[-73.337928,-37.487007],[-73.337887,-37.487074],[-73.337849,-37.487139],[-73.337814,-37.487175],[-73.337784,-37.487226],[-73.337769,-37.487251],[-73.337767,-37.487285],[-73.337759,-37.487344],[-73.337771,-37.487408],[-73.337768,-37.487463],[-73.337752,-37.48751],[-73.337756,-37.487561],[-73.337753,-37.487612],[-73.337744,-37.48767],[-73.337759,-37.48771],[-73.337744,-37.487741],[-73.337681,-37.487719],[-73.337611,-37.487702],[-73.337554,-37.487679],[-73.337518,-37.487666],[-73.337461,-37.487635],[-73.337437,-37.487603],[-73.337417,-37.487569],[-73.337392,-37.487523],[-73.337339,-37.487451],[-73.337322,-37.487411],[-73.337289,-37.487378],[-73.337258,-37.487349],[-73.33722,-37.487321],[-73.337175,-37.487283],[-73.337145,-37.487267],[-73.337101,-37.487239],[-73.337147,-37.486919],[-73.337245,-37.486612],[-73.337368,-37.48644],[-73.337495,-37.486287],[-73.337718,-37.486117],[-73.337875,-37.486009],[-73.338039,-37.485916],[-73.338216,-37.485821],[-73.338306,-37.485786],[-73.338515,-37.485712],[-73.338617,-37.485703]]]}, "properties" : {"id" : "81-81.d", "nombre_bloque" : "81.d", "territorio_padre" : 81, "color" : null}}, {"type" : "Feature", "geometry" : {"type":"MultiPolygon","coordinates":[[[[-73.3369737,-37.4842603],[-73.3370228,-37.4842231],[-73.3370238,-37.4842236],[-73.3369737,-37.4842603]]],[[[-73.33745,-37.4839113],[-73.3374436,-37.4839169],[-73.3374306,-37.4839629],[-73.3374176,-37.4840309],[-73.3374506,-37.4842759],[-73.3372396,-37.4842669],[-73.3371426,-37.4842599],[-73.3370686,-37.4842489],[-73.3369656,-37.4841819],[-73.33745,-37.4839113]]],[[[-73.33745,-37.4839113],[-73.3374886,-37.4838769],[-73.3371726,-37.4840734],[-73.3369656,-37.4841819],[-73.3369326,-37.4841389],[-73.3369156,-37.4840809],[-73.3368876,-37.4840239],[-73.3368726,-37.4839769],[-73.3368376,-37.4839349],[-73.3368076,-37.4839089],[-73.3367716,-37.4838779],[-73.3367316,-37.4838469],[-73.3366916,-37.4838019],[-73.3366776,-37.4837669],[-73.3366876,-37.4837149],[-73.3367076,-37.4836829],[-73.3367496,-37.4836529],[-73.3367766,-37.4836259],[-73.3367546,-37.4836069],[-73.3367176,-37.4836109],[-73.3366546,-37.4836569],[-73.3366206,-37.4837129],[-73.3366106,-37.4837419],[-73.3366106,-37.4837959],[-73.3366366,-37.4838459],[-73.3366986,-37.4838889],[-73.3367556,-37.4839409],[-73.3368116,-37.4839879],[-73.3368366,-37.4840549],[-73.3368596,-37.4841069],[-73.3368876,-37.4841769],[-73.3369156,-37.4842089],[-73.3369676,-37.4842569],[-73.3369731,-37.48426],[-73.3368978,-37.484316],[-73.3369737,-37.4842603],[-73.3370086,-37.4842799],[-73.3370136,-37.4842839],[-73.3370726,-37.4843049],[-73.3372076,-37.4843149],[-73.3371186,-37.4843719],[-73.3370776,-37.4843949],[-73.3370396,-37.4844249],[-73.3369966,-37.4844649],[-73.3369186,-37.4846199],[-73.3358116,-37.4835749],[-73.3365706,-37.4829959],[-73.3365916,-37.4830589],[-73.3367216,-37.4831419],[-73.3368216,-37.4832039],[-73.3368946,-37.4832399],[-73.3369576,-37.4832419],[-73.3370166,-37.4832279],[-73.3371486,-37.4831729],[-73.3372706,-37.4831099],[-73.3374946,-37.4829669],[-73.3377756,-37.4828049],[-73.3378396,-37.4827899],[-73.3381186,-37.4832269],[-73.3381436,-37.4833359],[-73.3381476,-37.4833789],[-73.3381146,-37.4834109],[-73.3378706,-37.4836029],[-73.33745,-37.4839113]]]]}, "properties" : {"id" : "82-82.a", "nombre_bloque" : "82.a", "territorio_padre" : 82, "color" : null}}, {"type" : "Feature", "geometry" : {"type":"Polygon","coordinates":[[[-73.33801,-37.482765],[-73.338305,-37.482833],[-73.338368,-37.482842],[-73.338417,-37.482828],[-73.338464,-37.4828],[-73.338538,-37.482742],[-73.338571,-37.482655],[-73.338565,-37.48259],[-73.338567,-37.482533],[-73.338554,-37.482459],[-73.338559,-37.482406],[-73.338617,-37.482337],[-73.338757,-37.48225],[-73.339056,-37.482101],[-73.339053,-37.482212],[-73.338987,-37.482583],[-73.338998,-37.482708],[-73.339028,-37.482816],[-73.339051,-37.482858],[-73.339119,-37.482921],[-73.33921,-37.482995],[-73.339476,-37.483245],[-73.33959,-37.483469],[-73.339578,-37.483565],[-73.339605,-37.483873],[-73.339626,-37.484169],[-73.339649,-37.484209],[-73.339739,-37.484362],[-73.339793,-37.484442],[-73.339862,-37.484512],[-73.339557,-37.485182],[-73.339486,-37.485279],[-73.339368,-37.485368],[-73.339029,-37.485536],[-73.338883,-37.485598],[-73.338713,-37.485553],[-73.338597,-37.485507],[-73.338497,-37.485445],[-73.338395,-37.485374],[-73.338337,-37.485316],[-73.33828,-37.48525],[-73.338251,-37.485211],[-73.338129,-37.484932],[-73.338654,-37.485008],[-73.338666,-37.485009],[-73.338678,-37.485007],[-73.338689,-37.485001],[-73.338695,-37.484993],[-73.338839,-37.484766],[-73.338773,-37.484533],[-73.338634,-37.484357],[-73.338623,-37.484349],[-73.338613,-37.484341],[-73.338596,-37.484341],[-73.338583,-37.484346],[-73.338572,-37.484353],[-73.33857,-37.484374],[-73.338706,-37.484552],[-73.338761,-37.484761],[-73.338642,-37.484954],[-73.338102,-37.484875],[-73.338038,-37.484756],[-73.338004,-37.484699],[-73.337978,-37.484643],[-73.337935,-37.484595],[-73.337893,-37.484534],[-73.337858,-37.484489],[-73.337805,-37.484453],[-73.337749,-37.484425],[-73.337678,-37.484391],[-73.33763,-37.484364],[-73.337579,-37.484339],[-73.337536,-37.484316],[-73.337507,-37.484266],[-73.337483,-37.484048],[-73.33748,-37.483972],[-73.337493,-37.483929],[-73.337526,-37.483908],[-73.337876,-37.483665],[-73.338221,-37.484016],[-73.338243,-37.484026],[-73.338273,-37.484015],[-73.338265,-37.483992],[-73.338238,-37.48396],[-73.338052,-37.483763],[-73.337925,-37.483625],[-73.338154,-37.483458],[-73.338184,-37.483422],[-73.338205,-37.483373],[-73.338215,-37.483329],[-73.338199,-37.483284],[-73.338108,-37.483108],[-73.337963,-37.482893],[-73.337901,-37.482769],[-73.33801,-37.482765]]]}, "properties" : {"id" : "82-82.b", "nombre_bloque" : "82.b", "territorio_padre" : 82, "color" : null}}, {"type" : "Feature", "geometry" : {"type":"Polygon","coordinates":[[[-73.340536,-37.483474],[-73.34017,-37.48395],[-73.339891,-37.484448],[-73.339696,-37.484151],[-73.339656,-37.483739],[-73.339635,-37.483572],[-73.339649,-37.483513],[-73.339885,-37.48359],[-73.339975,-37.483621],[-73.340219,-37.483584],[-73.340448,-37.483466],[-73.340536,-37.483474]]]}, "properties" : {"id" : "82-82.c", "nombre_bloque" : "82.c", "territorio_padre" : 82, "color" : null}}, {"type" : "Feature", "geometry" : {"type":"Polygon","coordinates":[[[-73.33693,-37.484643],[-73.337031,-37.484475],[-73.337156,-37.484392],[-73.337269,-37.484336],[-73.337397,-37.484334],[-73.337495,-37.484376],[-73.337597,-37.484437],[-73.33771,-37.484484],[-73.337819,-37.48453],[-73.337887,-37.48462],[-73.337962,-37.484746],[-73.338049,-37.484899],[-73.338134,-37.485084],[-73.338209,-37.485268],[-73.338309,-37.485373],[-73.338485,-37.485501],[-73.338637,-37.485578],[-73.338755,-37.485618],[-73.338499,-37.485656],[-73.338262,-37.485738],[-73.338093,-37.48582],[-73.337844,-37.485959],[-73.337693,-37.486059],[-73.337592,-37.486131],[-73.337448,-37.486251],[-73.337289,-37.48643],[-73.337199,-37.486585],[-73.337138,-37.486728],[-73.337091,-37.486877],[-73.336263,-37.486649],[-73.33693,-37.484643]]]}, "properties" : {"id" : "82-82.d", "nombre_bloque" : "82.d", "territorio_padre" : 82, "color" : null}}, {"type" : "Feature", "geometry" : {"type":"Polygon","coordinates":[[[-73.3397606,-37.480621],[-73.3398196,-37.4806508],[-73.3398625,-37.4807487],[-73.3399162,-37.4808892],[-73.3399913,-37.4810127],[-73.3400503,-37.4811702],[-73.340061,-37.4812511],[-73.339884,-37.4813234],[-73.339766,-37.4813915],[-73.3396802,-37.4814426],[-73.3394763,-37.4815448],[-73.3394119,-37.4816512],[-73.3394817,-37.4817534],[-73.3395031,-37.481847],[-73.3394388,-37.4819109],[-73.3393207,-37.481962],[-73.3392456,-37.4818726],[-73.3391598,-37.4818045],[-73.3390954,-37.4817236],[-73.3390042,-37.4817321],[-73.3389077,-37.4817917],[-73.3388326,-37.4818683],[-73.3387575,-37.4819237],[-73.3386395,-37.4819875],[-73.3386395,-37.4820216],[-73.3386824,-37.4820556],[-73.3387575,-37.481996],[-73.3388701,-37.4818853],[-73.3388969,-37.4818428],[-73.3390203,-37.4817874],[-73.3391223,-37.4818045],[-73.3391974,-37.4818896],[-73.3392886,-37.4819747],[-73.3392188,-37.4820088],[-73.339056,-37.482101],[-73.3388809,-37.4821663],[-73.3386985,-37.4822514],[-73.3385751,-37.4823281],[-73.338554,-37.482459],[-73.338565,-37.48259],[-73.338538,-37.482742],[-73.338368,-37.482842],[-73.3382747,-37.4828048],[-73.3381137,-37.4827835],[-73.3380279,-37.4827325],[-73.3379582,-37.4826473],[-73.3378723,-37.4825409],[-73.337749,-37.4824089],[-73.33769,-37.4823791],[-73.3375505,-37.4822344],[-73.337411,-37.4820812],[-73.3372769,-37.4819492],[-73.3375129,-37.4817704],[-73.3378563,-37.4815618],[-73.3380708,-37.4814171],[-73.3383122,-37.4812596],[-73.338559,-37.4811234],[-73.3387897,-37.4809573],[-73.3389721,-37.4808424],[-73.3391759,-37.4807487],[-73.339369,-37.4806551],[-73.3395997,-37.480621],[-73.3397606,-37.480621]]]}, "properties" : {"id" : "83-83.a", "nombre_bloque" : "83.a", "territorio_padre" : 83, "color" : null}}, {"type" : "Feature", "geometry" : {"type":"Polygon","coordinates":[[[-73.3372769,-37.4819492],[-73.337386,-37.4820699],[-73.3374718,-37.4821593],[-73.3375711,-37.4822849],[-73.3376542,-37.48237],[-73.3376998,-37.4824317],[-73.3376301,-37.4824615],[-73.3374665,-37.4824956],[-73.3373243,-37.4825573],[-73.3371634,-37.4826233],[-73.3370373,-37.482651],[-73.3369193,-37.4826127],[-73.336812,-37.4824935],[-73.3367181,-37.482419],[-73.336643,-37.4823466],[-73.3367396,-37.48227],[-73.3369246,-37.4821593],[-73.3370883,-37.4820593],[-73.3372251,-37.4819762],[-73.3372769,-37.4819492]]]}, "properties" : {"id" : "83-83.b", "nombre_bloque" : "83.b", "territorio_padre" : 83, "color" : null}}, {"type" : "Feature", "geometry" : {"type":"Polygon","coordinates":[[[-73.3377582,-37.4824413],[-73.3378052,-37.4824807],[-73.3378602,-37.4825329],[-73.3378991,-37.4825999],[-73.3379675,-37.4826797],[-73.3379889,-37.4827351],[-73.3379058,-37.4827489],[-73.3378079,-37.4827649],[-73.3377247,-37.4827979],[-73.3376389,-37.4828511],[-73.3375504,-37.4829043],[-73.3374873,-37.4829277],[-73.3374203,-37.4828851],[-73.3373787,-37.4828362],[-73.3373103,-37.4827638],[-73.337254,-37.4827085],[-73.3372017,-37.4826563],[-73.3371789,-37.4826286],[-73.3372808,-37.4825818],[-73.3373935,-37.4825456],[-73.3375048,-37.4825052],[-73.3376201,-37.4824765],[-73.3377126,-37.4824435],[-73.3377582,-37.4824413]]]}, "properties" : {"id" : "83-83.c", "nombre_bloque" : "83.c", "territorio_padre" : 83, "color" : null}}, {"type" : "Feature", "geometry" : {"type":"Polygon","coordinates":[[[-73.3370917,-37.4826696],[-73.337191,-37.4826824],[-73.3372674,-37.4827409],[-73.3373224,-37.482809],[-73.3373707,-37.4828601],[-73.3374592,-37.4829399],[-73.3374391,-37.482974],[-73.3373492,-37.4830315],[-73.3372325,-37.4831059],[-73.3371432,-37.4831537],[-73.3370206,-37.4831964],[-73.3369066,-37.4832145],[-73.3368034,-37.4831496],[-73.3366907,-37.4830613],[-73.3366532,-37.4830134],[-73.3366867,-37.482925],[-73.3367323,-37.4828069],[-73.3367685,-37.482759],[-73.3368584,-37.482709],[-73.3369616,-37.4826877],[-73.3370917,-37.4826696]]]}, "properties" : {"id" : "83-83.d", "nombre_bloque" : "83.d", "territorio_padre" : 83, "color" : null}}, {"type" : "Feature", "geometry" : {"type":"Polygon","coordinates":[[[-73.336796,-37.482641],[-73.336725,-37.48268],[-73.336669,-37.482731],[-73.336641,-37.482789],[-73.336595,-37.482878],[-73.336553,-37.482995],[-73.335807,-37.483572],[-73.336398,-37.484132],[-73.336375,-37.484138],[-73.336348,-37.484145],[-73.336349,-37.484172],[-73.33637,-37.484188],[-73.33638,-37.484206],[-73.336358,-37.484221],[-73.336313,-37.484247],[-73.336274,-37.48423],[-73.336217,-37.484209],[-73.336144,-37.484159],[-73.336072,-37.484139],[-73.33595,-37.484125],[-73.335888,-37.484096],[-73.335757,-37.484001],[-73.335611,-37.483891],[-73.335508,-37.48379],[-73.335392,-37.48362],[-73.335334,-37.483483],[-73.335282,-37.483389],[-73.335245,-37.483326],[-73.335211,-37.48328],[-73.335228,-37.483239],[-73.335269,-37.483178],[-73.335394,-37.48305],[-73.335537,-37.482984],[-73.336542,-37.482326],[-73.336773,-37.482525],[-73.336864,-37.482629],[-73.336796,-37.482641]]]}, "properties" : {"id" : "83-83.e", "nombre_bloque" : "83.e", "territorio_padre" : 83, "color" : null}}, {"type" : "Feature", "geometry" : {"type":"Polygon","coordinates":[[[-73.337235,-37.480728],[-73.337252,-37.480852],[-73.337197,-37.481019],[-73.337148,-37.481128],[-73.337046,-37.481256],[-73.336829,-37.481452],[-73.336572,-37.481729],[-73.33641,-37.481861],[-73.336226,-37.481986],[-73.336078,-37.482074],[-73.335914,-37.482184],[-73.335688,-37.482308],[-73.335458,-37.482434],[-73.335393,-37.482475],[-73.334977,-37.482744],[-73.334871,-37.482811],[-73.334627,-37.482945],[-73.334503,-37.483023],[-73.334406,-37.483141],[-73.334382,-37.483202],[-73.334127,-37.48313],[-73.334493,-37.482766],[-73.335035,-37.482352],[-73.335921,-37.48198],[-73.336776,-37.481159],[-73.336963,-37.480762],[-73.337235,-37.480728]]]}, "properties" : {"id" : "84-84.a", "nombre_bloque" : "84.a", "territorio_padre" : 84, "color" : null}}, {"type" : "Feature", "geometry" : {"type":"Polygon","coordinates":[[[-73.335342,-37.482973],[-73.33459,-37.483206],[-73.334452,-37.483215],[-73.334453,-37.483172],[-73.334501,-37.483114],[-73.334559,-37.483047],[-73.334938,-37.482837],[-73.335463,-37.482496],[-73.335936,-37.482235],[-73.336133,-37.4821],[-73.336349,-37.481969],[-73.33649,-37.481864],[-73.336593,-37.481793],[-73.336745,-37.481623],[-73.33686,-37.4817],[-73.337064,-37.481901],[-73.335342,-37.482973]]]}, "properties" : {"id" : "84-84.b", "nombre_bloque" : "84.b", "territorio_padre" : 84, "color" : null}}, {"type" : "Feature", "geometry" : {"type":"Polygon","coordinates":[[[-73.33485,-37.483344],[-73.334756,-37.483459],[-73.334648,-37.48357],[-73.334466,-37.483847],[-73.334115,-37.483754],[-73.334097,-37.483753],[-73.334077,-37.483768],[-73.334077,-37.483785],[-73.334093,-37.483798],[-73.334448,-37.483889],[-73.334411,-37.483926],[-73.334288,-37.484177],[-73.333958,-37.484729],[-73.333819,-37.484884],[-73.333662,-37.485027],[-73.33347,-37.485261],[-73.33331,-37.485496],[-73.333231,-37.485647],[-73.333123,-37.48557],[-73.333305,-37.485241],[-73.33357,-37.484839],[-73.333674,-37.484545],[-73.333731,-37.484376],[-73.333928,-37.483658],[-73.334108,-37.483374],[-73.334172,-37.483283],[-73.334414,-37.483341],[-73.334658,-37.483291],[-73.334941,-37.483191],[-73.33485,-37.483344]]]}, "properties" : {"id" : "84-84.c", "nombre_bloque" : "84.c", "territorio_padre" : 84, "color" : null}}, {"type" : "Feature", "geometry" : {"type":"Polygon","coordinates":[[[-73.336508,-37.484268],[-73.335328,-37.48503],[-73.334404,-37.484767],[-73.333794,-37.485542],[-73.3336,-37.485903],[-73.333273,-37.485676],[-73.333365,-37.485509],[-73.333501,-37.485298],[-73.333699,-37.485064],[-73.333829,-37.484941],[-73.333919,-37.484839],[-73.334025,-37.484719],[-73.334165,-37.484485],[-73.334243,-37.48435],[-73.334372,-37.484138],[-73.334518,-37.483866],[-73.334713,-37.483584],[-73.334901,-37.483366],[-73.334933,-37.483323],[-73.335022,-37.483405],[-73.335067,-37.483454],[-73.335093,-37.483505],[-73.335107,-37.48354],[-73.335095,-37.483581],[-73.33505,-37.483644],[-73.335012,-37.483669],[-73.33495,-37.483732],[-73.334933,-37.483804],[-73.334931,-37.48387],[-73.334948,-37.483918],[-73.334976,-37.483959],[-73.334956,-37.484247],[-73.33467,-37.484269],[-73.334664,-37.484276],[-73.334653,-37.484287],[-73.33465,-37.484299],[-73.334661,-37.484315],[-73.334672,-37.484323],[-73.334954,-37.484301],[-73.33499,-37.484302],[-73.335016,-37.484287],[-73.335023,-37.484271],[-73.335048,-37.484007],[-73.335079,-37.484022],[-73.335124,-37.484029],[-73.335168,-37.484038],[-73.335209,-37.48404],[-73.335269,-37.48405],[-73.335316,-37.484053],[-73.335363,-37.484061],[-73.335397,-37.484084],[-73.335418,-37.484114],[-73.335433,-37.484141],[-73.335451,-37.484159],[-73.335472,-37.484159],[-73.335488,-37.48415],[-73.335495,-37.484129],[-73.335482,-37.484103],[-73.335459,-37.484069],[-73.335426,-37.484043],[-73.335369,-37.484015],[-73.3353,-37.484],[-73.335189,-37.483997],[-73.33513,-37.483986],[-73.335061,-37.483961],[-73.335023,-37.483936],[-73.335004,-37.483893],[-73.334987,-37.483853],[-73.334999,-37.483762],[-73.335053,-37.483705],[-73.33511,-37.48366],[-73.335146,-37.483607],[-73.335159,-37.483572],[-73.335165,-37.483534],[-73.335153,-37.483501],[-73.335135,-37.483452],[-73.335099,-37.483403],[-73.334976,-37.483262],[-73.33502,-37.483172],[-73.335263,-37.483102],[-73.335185,-37.483196],[-73.335155,-37.483251],[-73.335164,-37.483303],[-73.335249,-37.483463],[-73.335353,-37.483681],[-73.335449,-37.483814],[-73.335611,-37.483968],[-73.335707,-37.484042],[-73.335816,-37.484115],[-73.335859,-37.484148],[-73.335929,-37.484168],[-73.336038,-37.484188],[-73.336102,-37.484196],[-73.336212,-37.484255],[-73.336251,-37.484283],[-73.336302,-37.484298],[-73.336336,-37.48429],[-73.336392,-37.484275],[-73.336429,-37.484239],[-73.336465,-37.484202],[-73.336508,-37.484268]]]}, "properties" : {"id" : "84-84.d", "nombre_bloque" : "84.d", "territorio_padre" : 84, "color" : null}}, {"type" : "Feature", "geometry" : {"type":"Polygon","coordinates":[[[-73.3389828,-37.4791967],[-73.3389462,-37.4792607],[-73.3389064,-37.4793118],[-73.3388853,-37.479348],[-73.3388382,-37.4793879],[-73.3386024,-37.4793969],[-73.3383034,-37.4794079],[-73.3379904,-37.4794669],[-73.3377154,-37.4795529],[-73.3375924,-37.4796339],[-73.3374504,-37.4797019],[-73.3373524,-37.4797679],[-73.3372854,-37.4798369],[-73.3372324,-37.4799519],[-73.3372164,-37.4801969],[-73.3372314,-37.4803969],[-73.3372414,-37.4806929],[-73.3370104,-37.4807269],[-73.3370484,-37.4800159],[-73.3373544,-37.4795459],[-73.3377934,-37.4792669],[-73.3383444,-37.4791129],[-73.3389022,-37.4791641],[-73.3389828,-37.4791967]]]}, "properties" : {"id" : "85-85.a", "nombre_bloque" : "85.a", "territorio_padre" : 85, "color" : null}}, {"type" : "Feature", "geometry" : {"type":"Polygon","coordinates":[[[-73.337274,-37.480136],[-73.337283,-37.479934],[-73.337322,-37.479844],[-73.337419,-37.479751],[-73.337759,-37.479557],[-73.337992,-37.479472],[-73.338184,-37.479441],[-73.338338,-37.479779],[-73.337274,-37.480136]]]}, "properties" : {"id" : "85-85.b", "nombre_bloque" : "85.b", "territorio_padre" : 85, "color" : null}}, {"type" : "Feature", "geometry" : {"type":"Polygon","coordinates":[[[-73.338582,-37.480434],[-73.338458,-37.48043],[-73.337301,-37.480655],[-73.337273,-37.480187],[-73.338369,-37.479824],[-73.338482,-37.479933],[-73.338643,-37.480096],[-73.338832,-37.480276],[-73.338582,-37.480434]]]}, "properties" : {"id" : "85-85.c", "nombre_bloque" : "85.c", "territorio_padre" : 85, "color" : null}}, {"type" : "Feature", "geometry" : {"type":"Polygon","coordinates":[[[-73.337603,-37.481309],[-73.336895,-37.481666],[-73.336794,-37.481578],[-73.336903,-37.481458],[-73.337109,-37.481281],[-73.337262,-37.48104],[-73.337323,-37.480876],[-73.337302,-37.480723],[-73.337371,-37.480716],[-73.338443,-37.480497],[-73.338521,-37.480498],[-73.337603,-37.481309]]]}, "properties" : {"id" : "85-85.d", "nombre_bloque" : "85.d", "territorio_padre" : 85, "color" : null}}, {"type" : "Feature", "geometry" : {"type":"Polygon","coordinates":[[[-73.337117,-37.481863],[-73.336944,-37.481696],[-73.33762,-37.481356],[-73.337653,-37.481326],[-73.337787,-37.481456],[-73.337117,-37.481863]]]}, "properties" : {"id" : "85-85.e", "nombre_bloque" : "85.e", "territorio_padre" : 85, "color" : null}}, {"type" : "Feature", "geometry" : {"type":"Polygon","coordinates":[[[-73.338915,-37.480351],[-73.339261,-37.480608],[-73.33912,-37.480663],[-73.338387,-37.48112],[-73.337882,-37.481384],[-73.337772,-37.481278],[-73.338079,-37.480982],[-73.338631,-37.480534],[-73.338915,-37.480351]]]}, "properties" : {"id" : "85-85.f", "nombre_bloque" : "85.f", "territorio_padre" : 85, "color" : null}}, {"type" : "Feature", "geometry" : {"type":"Polygon","coordinates":[[[-73.3356404,-37.481285],[-73.3357061,-37.4811901],[-73.3356242,-37.4811505],[-73.3354927,-37.4810968],[-73.3353772,-37.4810476],[-73.3349507,-37.4808658],[-73.3350757,-37.4806888],[-73.3352397,-37.4805278],[-73.3354457,-37.4806098],[-73.3356107,-37.4806848],[-73.3358267,-37.4807668],[-73.3359187,-37.4808028],[-73.3360417,-37.4808268],[-73.3361817,-37.4808478],[-73.3357757,-37.4814168],[-73.3356404,-37.481285]]]}, "properties" : {"id" : "86-86.a", "nombre_bloque" : "86.a", "territorio_padre" : 86, "color" : null}}, {"type" : "Feature", "geometry" : {"type":"Polygon","coordinates":[[[-73.335459,-37.481125],[-73.335509,-37.481164],[-73.335529,-37.481191],[-73.33553,-37.481219],[-73.335497,-37.481222],[-73.335431,-37.48123],[-73.335378,-37.481244],[-73.335325,-37.481252],[-73.33528,-37.481258],[-73.33521,-37.481293],[-73.335159,-37.481328],[-73.33509,-37.481381],[-73.335044,-37.481418],[-73.334639,-37.481235],[-73.334763,-37.481115],[-73.334902,-37.480896],[-73.335459,-37.481125]]]}, "properties" : {"id" : "86-86.b", "nombre_bloque" : "86.b", "territorio_padre" : 86, "color" : null}}, {"type" : "Feature", "geometry" : {"type":"Polygon","coordinates":[[[-73.3359412,-37.4819481],[-73.3350592,-37.4823211],[-73.3345642,-37.4822591],[-73.3346522,-37.4820791],[-73.3347512,-37.4819241],[-73.3348572,-37.4817501],[-73.3350912,-37.4814341],[-73.3351652,-37.4814001],[-73.3352222,-37.4813451],[-73.3353382,-37.4812861],[-73.3354042,-37.4812671],[-73.3354952,-37.4812591],[-73.3357702,-37.4814561],[-73.3358222,-37.4814171],[-73.3362442,-37.4816531],[-73.3359412,-37.4819481]]]}, "properties" : {"id" : "86-86.c", "nombre_bloque" : "86.c", "territorio_padre" : 86, "color" : null}}, {"type" : "Feature", "geometry" : {"type":"Polygon","coordinates":[[[-73.334993,-37.481454],[-73.334928,-37.481516],[-73.334778,-37.481741],[-73.334619,-37.481998],[-73.334458,-37.482272],[-73.334006,-37.48231],[-73.333907,-37.482311],[-73.333953,-37.482025],[-73.334172,-37.482044],[-73.334321,-37.481769],[-73.334538,-37.481455],[-73.334653,-37.481302],[-73.334993,-37.481454]]]}, "properties" : {"id" : "86-86.d", "nombre_bloque" : "86.d", "territorio_padre" : 86, "color" : null}}, {"type" : "Feature", "geometry" : {"type":"Polygon","coordinates":[[[-73.33637,-37.480767],[-73.3363,-37.480769],[-73.336143,-37.480769],[-73.336065,-37.480756],[-73.335927,-37.480726],[-73.335842,-37.480705],[-73.335662,-37.480624],[-73.335269,-37.480453],[-73.335346,-37.480329],[-73.335523,-37.480084],[-73.335835,-37.480223],[-73.336045,-37.48032],[-73.336166,-37.480378],[-73.336437,-37.480457],[-73.33637,-37.480767]]]}, "properties" : {"id" : "87-87.a", "nombre_bloque" : "87.a", "territorio_padre" : 87, "color" : null}}, {"type" : "Feature", "geometry" : {"type":"Polygon","coordinates":[[[-73.336154,-37.479838],[-73.336284,-37.479849],[-73.336397,-37.479847],[-73.336479,-37.47987],[-73.336541,-37.479909],[-73.336582,-37.479945],[-73.33659,-37.479973],[-73.336585,-37.480003],[-73.33652,-37.48018],[-73.336445,-37.480408],[-73.33622,-37.48034],[-73.335998,-37.48024],[-73.335547,-37.480033],[-73.335677,-37.479855],[-73.33575,-37.479738],[-73.335785,-37.479686],[-73.336154,-37.479838]]]}, "properties" : {"id" : "87-87.b", "nombre_bloque" : "87.b", "territorio_padre" : 87, "color" : null}}, {"type" : "Feature", "geometry" : {"type":"Polygon","coordinates":[[[-73.336035,-37.47929],[-73.336471,-37.479497],[-73.336569,-37.479534],[-73.33665,-37.479554],[-73.33667,-37.479549],[-73.336672,-37.479588],[-73.336472,-37.479815],[-73.336406,-37.479804],[-73.336341,-37.4798],[-73.336248,-37.479802],[-73.336178,-37.47979],[-73.336136,-37.479774],[-73.336054,-37.479741],[-73.335824,-37.479644],[-73.335914,-37.479448],[-73.336035,-37.47929]]]}, "properties" : {"id" : "87-87.c", "nombre_bloque" : "87.c", "territorio_padre" : 87, "color" : null}}, {"type" : "Feature", "geometry" : {"type":"Polygon","coordinates":[[[-73.337278,-37.479518],[-73.336996,-37.479981],[-73.336928,-37.48072],[-73.336619,-37.480742],[-73.3364,-37.480757],[-73.336414,-37.480734],[-73.336442,-37.480713],[-73.336501,-37.480443],[-73.33661,-37.480126],[-73.336654,-37.48001],[-73.33666,-37.479967],[-73.336658,-37.47993],[-73.336627,-37.479902],[-73.336586,-37.479878],[-73.336533,-37.479844],[-73.336636,-37.479714],[-73.336706,-37.479628],[-73.336733,-37.479574],[-73.336739,-37.479551],[-73.33672,-37.479497],[-73.336715,-37.479462],[-73.336539,-37.478982],[-73.336936,-37.478855],[-73.337278,-37.479518]]]}, "properties" : {"id" : "87-87.d", "nombre_bloque" : "87.d", "territorio_padre" : 87, "color" : null}}, {"type" : "Feature", "geometry" : {"type":"Polygon","coordinates":[[[-73.336796,-37.47882],[-73.336611,-37.478468],[-73.337571,-37.478151],[-73.337661,-37.478185],[-73.337819,-37.478484],[-73.336796,-37.47882]]]}, "properties" : {"id" : "88-88.a", "nombre_bloque" : "88.a", "territorio_padre" : 88, "color" : null}}, {"type" : "Feature", "geometry" : {"type":"Polygon","coordinates":[[[-73.336545,-37.478487],[-73.33674,-37.478832],[-73.33632,-37.478968],[-73.336304,-37.47851],[-73.336545,-37.478487]]]}, "properties" : {"id" : "88-88.b", "nombre_bloque" : "88.b", "territorio_padre" : 88, "color" : null}}, {"type" : "Feature", "geometry" : {"type":"Polygon","coordinates":[[[-73.337521,-37.478106],[-73.337225,-37.4782],[-73.336761,-37.478365],[-73.336528,-37.478429],[-73.336287,-37.478443],[-73.336292,-37.478103],[-73.336302,-37.478059],[-73.336355,-37.478047],[-73.336602,-37.478056],[-73.337009,-37.477937],[-73.337203,-37.477879],[-73.337259,-37.477876],[-73.337303,-37.477887],[-73.337521,-37.478106]]]}, "properties" : {"id" : "88-88.c", "nombre_bloque" : "88.c", "territorio_padre" : 88, "color" : null}}, {"type" : "Feature", "geometry" : {"type":"Polygon","coordinates":[[[-73.3380482,-37.4771641],[-73.3380916,-37.4772336],[-73.337835,-37.477587],[-73.337818,-37.477685],[-73.337847,-37.47789],[-73.33784,-37.477955],[-73.337856,-37.478033],[-73.337796,-37.478056],[-73.337664,-37.478123],[-73.3376,-37.478096],[-73.337537,-37.478039],[-73.337399,-37.477894],[-73.337339,-37.477845],[-73.337317,-37.477828],[-73.337272,-37.47782],[-73.3372,-37.477824],[-73.336897,-37.477918],[-73.33663,-37.477997],[-73.336361,-37.478006],[-73.336311,-37.478013],[-73.336266,-37.478027],[-73.336232,-37.478048],[-73.3361918,-37.4781166],[-73.3362225,-37.4787635],[-73.335707,-37.4787694],[-73.3356537,-37.4776968],[-73.336398,-37.477638],[-73.3366016,-37.4776155],[-73.3367891,-37.4776037],[-73.3369668,-37.4775807],[-73.3371606,-37.4775449],[-73.3374228,-37.4774465],[-73.3380482,-37.4771641]]]}, "properties" : {"id" : "88-88.d", "nombre_bloque" : "88.d", "territorio_padre" : 88, "color" : null}}, {"type" : "Feature", "geometry" : {"type":"Polygon","coordinates":[[[-73.334062,-37.477381],[-73.334079,-37.47771],[-73.333171,-37.477812],[-73.332679,-37.477852],[-73.332203,-37.477933],[-73.331975,-37.477926],[-73.331909,-37.477541],[-73.334062,-37.477381]]]}, "properties" : {"id" : "89-89.b", "nombre_bloque" : "89.b", "territorio_padre" : 89, "color" : null}}, {"type" : "Feature", "geometry" : {"type":"Polygon","coordinates":[[[-73.331844,-37.477544],[-73.331899,-37.477938],[-73.331626,-37.477955],[-73.331157,-37.477975],[-73.330767,-37.47797],[-73.330556,-37.477941],[-73.330594,-37.477676],[-73.330633,-37.477615],[-73.330777,-37.47759],[-73.331844,-37.477544]]]}, "properties" : {"id" : "89-89.c", "nombre_bloque" : "89.c", "territorio_padre" : 89, "color" : null}}, {"type" : "Feature", "geometry" : {"type":"Polygon","coordinates":[[[-73.3355982,-37.4782179],[-73.3356222,-37.4787909],[-73.3351522,-37.4788129],[-73.3351022,-37.4777309],[-73.3356082,-37.4777029],[-73.3355982,-37.4782179]]]}, "properties" : {"id" : "90-90.a", "nombre_bloque" : "90.a", "territorio_padre" : 90, "color" : null}}, {"type" : "Feature", "geometry" : {"type":"Polygon","coordinates":[[[-73.3350958,-37.47922],[-73.3345788,-37.479218],[-73.3345878,-37.479091],[-73.3345389,-37.4777925],[-73.3350332,-37.4777282],[-73.3350958,-37.47922]]]}, "properties" : {"id" : "90-90.b", "nombre_bloque" : "90.b", "territorio_padre" : 90, "color" : null}}, {"type" : "Feature", "geometry" : {"type":"Polygon","coordinates":[[[-73.334434,-37.477773],[-73.334505,-37.479122],[-73.334502,-37.479171],[-73.334486,-37.479218],[-73.3340186,-37.47918],[-73.3339595,-37.4778293],[-73.3341618,-37.4778116],[-73.334434,-37.477773]]]}, "properties" : {"id" : "90-90.c", "nombre_bloque" : "90.c", "territorio_padre" : 90, "color" : null}}, {"type" : "Feature", "geometry" : {"type":"Polygon","coordinates":[[[-73.3338761,-37.4778399],[-73.3339184,-37.478892],[-73.3339204,-37.479149],[-73.3334881,-37.479115],[-73.3334334,-37.4778933],[-73.3338761,-37.4778399]]]}, "properties" : {"id" : "90-90.d", "nombre_bloque" : "90.d", "territorio_padre" : 90, "color" : null}}, {"type" : "Feature", "geometry" : {"type":"Polygon","coordinates":[[[-73.3333379,-37.4778972],[-73.3333849,-37.4791042],[-73.3329049,-37.4790682],[-73.3328409,-37.4779452],[-73.3333379,-37.4778972]]]}, "properties" : {"id" : "91-91.a", "nombre_bloque" : "91.a", "territorio_padre" : 91, "color" : null}}, {"type" : "Feature", "geometry" : {"type":"Polygon","coordinates":[[[-73.3327653,-37.4779683],[-73.3328136,-37.4790478],[-73.3323415,-37.479041],[-73.3322505,-37.478012],[-73.3327653,-37.4779683]]]}, "properties" : {"id" : "91-91.b", "nombre_bloque" : "91.b", "territorio_padre" : 91, "color" : null}}, {"type" : "Feature", "geometry" : {"type":"Polygon","coordinates":[[[-73.33218,-37.477998],[-73.3322592,-37.479017],[-73.3317732,-37.4789945],[-73.3317095,-37.4780455],[-73.331939,-37.478004],[-73.33218,-37.477998]]]}, "properties" : {"id" : "91-91.c", "nombre_bloque" : "91.c", "territorio_padre" : 91, "color" : null}}, {"type" : "Feature", "geometry" : {"type":"Polygon","coordinates":[[[-73.3316787,-37.47898],[-73.331222,-37.4789675],[-73.3311612,-37.4780747],[-73.3313894,-37.4780538],[-73.3316054,-37.4780508],[-73.3316787,-37.47898]]]}, "properties" : {"id" : "91-91.d", "nombre_bloque" : "91.d", "territorio_padre" : 91, "color" : null}}, {"type" : "Feature", "geometry" : {"type":"Polygon","coordinates":[[[-73.3310902,-37.4780529],[-73.3311312,-37.4789239],[-73.3306319,-37.4789239],[-73.3306116,-37.4784838],[-73.3305922,-37.4781074],[-73.3306755,-37.4780602],[-73.3310902,-37.4780529]]]}, "properties" : {"id" : "91-91.e", "nombre_bloque" : "91.e", "territorio_padre" : 91, "color" : null}}, {"type" : "Feature", "geometry" : {"type":"Polygon","coordinates":[[[-73.330274,-37.478447],[-73.330269,-37.478516],[-73.330244,-37.478667],[-73.330218,-37.478836],[-73.329564,-37.478751],[-73.329285,-37.478705],[-73.32907,-37.478675],[-73.329082,-37.478495],[-73.329268,-37.478501],[-73.329263,-37.478501],[-73.329296,-37.478501],[-73.329318,-37.478493],[-73.329368,-37.478482],[-73.32941,-37.478462],[-73.329476,-37.478434],[-73.329539,-37.478407],[-73.32959,-37.478383],[-73.329641,-37.478363],[-73.329699,-37.478363],[-73.329789,-37.478374],[-73.330039,-37.478415],[-73.330274,-37.478447]]]}, "properties" : {"id" : "92-92.b", "nombre_bloque" : "92.b", "territorio_padre" : 92, "color" : null}}, {"type" : "Feature", "geometry" : {"type":"Polygon","coordinates":[[[-73.330412,-37.4789031],[-73.330353,-37.479299],[-73.3286042,-37.4791245],[-73.3285827,-37.4786775],[-73.330412,-37.4789031]]]}, "properties" : {"id" : "92-92.c", "nombre_bloque" : "92.c", "territorio_padre" : 92, "color" : null}}, {"type" : "Feature", "geometry" : {"type":"Polygon","coordinates":[[[-73.3303423,-37.4793628],[-73.3302403,-37.479746],[-73.3283842,-37.4795246],[-73.3286042,-37.479167],[-73.3303423,-37.4793628]]]}, "properties" : {"id" : "92-92.d", "nombre_bloque" : "92.d", "territorio_padre" : 92, "color" : null}}, {"type" : "Feature", "geometry" : {"type":"Polygon","coordinates":[[[-73.330235,-37.4798013],[-73.3302296,-37.4801078],[-73.3301599,-37.4802057],[-73.3288778,-37.4800312],[-73.3288295,-37.4799546],[-73.3286686,-37.4798737],[-73.3285023,-37.4796821],[-73.3284057,-37.4795587],[-73.330235,-37.4798013]]]}, "properties" : {"id" : "92-92.e", "nombre_bloque" : "92.e", "territorio_padre" : 92, "color" : null}}, {"type" : "Feature", "geometry" : {"type":"Polygon","coordinates":[[[-73.334901,-37.479603],[-73.3347,-37.47991],[-73.334416,-37.480359],[-73.333969,-37.480341],[-73.334046,-37.480195],[-73.334119,-37.480049],[-73.334182,-37.479943],[-73.334238,-37.47982],[-73.334373,-37.479576],[-73.334527,-37.479284],[-73.335061,-37.479326],[-73.334901,-37.479603]]]}, "properties" : {"id" : "93-93.a", "nombre_bloque" : "93.a", "territorio_padre" : 93, "color" : null}}, {"type" : "Feature", "geometry" : {"type":"Polygon","coordinates":[[[-73.3339,-37.480333],[-73.333576,-37.480302],[-73.33326,-37.480285],[-73.33339,-37.480076],[-73.33351,-37.479872],[-73.333606,-37.479717],[-73.333717,-37.479536],[-73.333834,-37.47934],[-73.333883,-37.479241],[-73.333942,-37.47927],[-73.334453,-37.479285],[-73.3339,-37.480333]]]}, "properties" : {"id" : "93-93.b", "nombre_bloque" : "93.b", "territorio_padre" : 93, "color" : null}}, {"type" : "Feature", "geometry" : {"type":"Polygon","coordinates":[[[-73.333752,-37.479361],[-73.333186,-37.480287],[-73.333058,-37.480284],[-73.332774,-37.480263],[-73.332636,-37.480255],[-73.332816,-37.479983],[-73.33296,-37.479758],[-73.333077,-37.479581],[-73.333295,-37.479218],[-73.333706,-37.479243],[-73.333812,-37.479256],[-73.333752,-37.479361]]]}, "properties" : {"id" : "93-93.c", "nombre_bloque" : "93.c", "territorio_padre" : 93, "color" : null}}, {"type" : "Feature", "geometry" : {"type":"Polygon","coordinates":[[[-73.333236,-37.479214],[-73.333038,-37.479537],[-73.332937,-37.479688],[-73.332484,-37.479507],[-73.332698,-37.47916],[-73.333236,-37.479214]]]}, "properties" : {"id" : "93-93.d", "nombre_bloque" : "93.d", "territorio_padre" : 93, "color" : null}}, {"type" : "Feature", "geometry" : {"type":"Polygon","coordinates":[[[-73.332576,-37.480254],[-73.332012,-37.480209],[-73.332209,-37.479918],[-73.33246,-37.479551],[-73.332915,-37.47973],[-73.332576,-37.480254]]]}, "properties" : {"id" : "93-93.e", "nombre_bloque" : "93.e", "territorio_padre" : 93, "color" : null}}, {"type" : "Feature", "geometry" : {"type":"Polygon","coordinates":[[[-73.332396,-37.479545],[-73.331958,-37.480207],[-73.331437,-37.480174],[-73.331521,-37.480027],[-73.331651,-37.47981],[-73.331878,-37.479451],[-73.3321,-37.479112],[-73.332632,-37.479156],[-73.332396,-37.479545]]]}, "properties" : {"id" : "94-94.a", "nombre_bloque" : "94.a", "territorio_padre" : 94, "color" : null}}, {"type" : "Feature", "geometry" : {"type":"Polygon","coordinates":[[[-73.331378,-37.480168],[-73.330846,-37.480125],[-73.330858,-37.48006],[-73.331012,-37.479821],[-73.331138,-37.479617],[-73.331388,-37.479229],[-73.331496,-37.479066],[-73.332027,-37.479107],[-73.331378,-37.480168]]]}, "properties" : {"id" : "94-94.b", "nombre_bloque" : "94.b", "territorio_padre" : 94, "color" : null}}, {"type" : "Feature", "geometry" : {"type":"Polygon","coordinates":[[[-73.330805,-37.480051],[-73.330794,-37.480125],[-73.330271,-37.480107],[-73.330298,-37.479817],[-73.330331,-37.479819],[-73.330356,-37.47981],[-73.330393,-37.479801],[-73.330429,-37.479779],[-73.330487,-37.479707],[-73.330543,-37.479597],[-73.330594,-37.479505],[-73.330678,-37.479363],[-73.330766,-37.479235],[-73.330911,-37.479022],[-73.331429,-37.479057],[-73.330805,-37.480051]]]}, "properties" : {"id" : "94-94.c", "nombre_bloque" : "94.c", "territorio_padre" : 94, "color" : null}}, {"type" : "Feature", "geometry" : {"type":"Polygon","coordinates":[[[-73.335086,-37.480471],[-73.334684,-37.481027],[-73.334604,-37.481126],[-73.334551,-37.481151],[-73.334541,-37.481149],[-73.334495,-37.481131],[-73.334512,-37.48098],[-73.334582,-37.48062],[-73.334608,-37.480608],[-73.334679,-37.480432],[-73.335086,-37.480471]]]}, "properties" : {"id" : "95-95.a", "nombre_bloque" : "95.a", "territorio_padre" : 95, "color" : null}}, {"type" : "Feature", "geometry" : {"type":"Polygon","coordinates":[[[-73.334549,-37.480593],[-73.334562,-37.480621],[-73.334468,-37.481099],[-73.33446,-37.481244],[-73.334378,-37.481286],[-73.334288,-37.481311],[-73.334213,-37.48133],[-73.33412,-37.481343],[-73.334036,-37.481341],[-73.334232,-37.480404],[-73.334612,-37.480428],[-73.334549,-37.480593]]]}, "properties" : {"id" : "95-95.b", "nombre_bloque" : "95.b", "territorio_padre" : 95, "color" : null}}, {"type" : "Feature", "geometry" : {"type":"Polygon","coordinates":[[[-73.333969,-37.48134],[-73.333832,-37.481338],[-73.333482,-37.481319],[-73.333667,-37.480367],[-73.334163,-37.480401],[-73.333969,-37.48134]]]}, "properties" : {"id" : "95-95.c", "nombre_bloque" : "95.c", "territorio_padre" : 95, "color" : null}}, {"type" : "Feature", "geometry" : {"type":"Polygon","coordinates":[[[-73.333605,-37.48036],[-73.333412,-37.481313],[-73.332913,-37.481284],[-73.333109,-37.480333],[-73.333605,-37.48036]]]}, "properties" : {"id" : "95-95.d", "nombre_bloque" : "95.d", "territorio_padre" : 95, "color" : null}}, {"type" : "Feature", "geometry" : {"type":"Polygon","coordinates":[[[-73.332855,-37.481284],[-73.332343,-37.481239],[-73.332551,-37.480307],[-73.33304,-37.480329],[-73.332855,-37.481284]]]}, "properties" : {"id" : "95-95.e", "nombre_bloque" : "95.e", "territorio_padre" : 95, "color" : null}}, {"type" : "Feature", "geometry" : {"type":"Polygon","coordinates":[[[-73.332273,-37.481237],[-73.331799,-37.481212],[-73.332006,-37.480259],[-73.332482,-37.480296],[-73.332273,-37.481237]]]}, "properties" : {"id" : "96-96.a", "nombre_bloque" : "96.a", "territorio_padre" : 96, "color" : null}}, {"type" : "Feature", "geometry" : {"type":"Polygon","coordinates":[[[-73.331737,-37.481208],[-73.331212,-37.481175],[-73.33143,-37.48022],[-73.331932,-37.480253],[-73.331737,-37.481208]]]}, "properties" : {"id" : "96-96.b", "nombre_bloque" : "96.b", "territorio_padre" : 96, "color" : null}}, {"type" : "Feature", "geometry" : {"type":"Polygon","coordinates":[[[-73.331151,-37.481175],[-73.330658,-37.481135],[-73.330855,-37.480172],[-73.331359,-37.480223],[-73.331151,-37.481175]]]}, "properties" : {"id" : "96-96.c", "nombre_bloque" : "96.c", "territorio_padre" : 96, "color" : null}}, {"type" : "Feature", "geometry" : {"type":"Polygon","coordinates":[[[-73.330772,-37.480177],[-73.330599,-37.481132],[-73.330079,-37.481097],[-73.330129,-37.48068],[-73.330231,-37.480268],[-73.330328,-37.48016],[-73.330772,-37.480177]]]}, "properties" : {"id" : "96-96.d", "nombre_bloque" : "96.d", "territorio_padre" : 96, "color" : null}}, {"type" : "Feature", "geometry" : {"type":"Polygon","coordinates":[[[-73.330135,-37.480278],[-73.33005,-37.480653],[-73.32851,-37.480421],[-73.32858,-37.480301],[-73.328663,-37.480195],[-73.328749,-37.48009],[-73.328832,-37.480085],[-73.330135,-37.480278]]]}, "properties" : {"id" : "97-97.a", "nombre_bloque" : "97.a", "territorio_padre" : 97, "color" : null}}, {"type" : "Feature", "geometry" : {"type":"Polygon","coordinates":[[[-73.33,-37.481111],[-73.329829,-37.48111],[-73.329767,-37.481092],[-73.329695,-37.481059],[-73.3295,-37.481018],[-73.329168,-37.480976],[-73.329012,-37.480977],[-73.328803,-37.480967],[-73.328759,-37.480941],[-73.328433,-37.480905],[-73.3285,-37.480463],[-73.330058,-37.480707],[-73.33,-37.481111]]]}, "properties" : {"id" : "97-97.b", "nombre_bloque" : "97.b", "territorio_padre" : 97, "color" : null}}, {"type" : "Feature", "geometry" : {"type":"Polygon","coordinates":[[[-73.328331,-37.481313],[-73.328285,-37.481292],[-73.328248,-37.481292],[-73.328199,-37.481323],[-73.328168,-37.481357],[-73.328168,-37.481382],[-73.328164,-37.4814],[-73.327993,-37.481716],[-73.327922,-37.48187],[-73.327875,-37.481985],[-73.327867,-37.482108],[-73.327876,-37.482202],[-73.327908,-37.482292],[-73.327921,-37.4823],[-73.327855,-37.482333],[-73.327779,-37.482378],[-73.327739,-37.482409],[-73.327746,-37.482429],[-73.327755,-37.482445],[-73.327782,-37.482447],[-73.327884,-37.482388],[-73.328028,-37.482612],[-73.32774,-37.48264],[-73.32757,-37.482663],[-73.327218,-37.482754],[-73.327072,-37.482559],[-73.327405,-37.482137],[-73.327613,-37.482147],[-73.327634,-37.481997],[-73.327483,-37.481736],[-73.327624,-37.481585],[-73.327711,-37.481402],[-73.327855,-37.48124],[-73.327969,-37.48114],[-73.328059,-37.480796],[-73.328189,-37.480597],[-73.328195,-37.480538],[-73.328218,-37.480474],[-73.328272,-37.480346],[-73.328359,-37.480186],[-73.328487,-37.480054],[-73.328598,-37.479931],[-73.328743,-37.479985],[-73.328795,-37.480033],[-73.328748,-37.480061],[-73.328698,-37.480091],[-73.328673,-37.480139],[-73.328545,-37.480288],[-73.328483,-37.480425],[-73.328421,-37.48056],[-73.328391,-37.480724],[-73.328355,-37.481],[-73.328331,-37.481313]]]}, "properties" : {"id" : "97-97.c", "nombre_bloque" : "97.c", "territorio_padre" : 97, "color" : null}}, {"type" : "Feature", "geometry" : {"type":"Polygon","coordinates":[[[-73.3286217,-37.4798535],[-73.3283534,-37.4801217],[-73.3281657,-37.4804835],[-73.3281657,-37.4805474],[-73.3280477,-37.4807262],[-73.3279511,-37.4811008],[-73.3278143,-37.4812029],[-73.3277982,-37.4811923],[-73.3277177,-37.4811901],[-73.3277526,-37.4810072],[-73.3279404,-37.4801941],[-73.3284071,-37.4795513],[-73.3286217,-37.4798535]]]}, "properties" : {"id" : "97-97.d", "nombre_bloque" : "97.d", "territorio_padre" : 97, "color" : null}}, {"type" : "Feature", "geometry" : {"type":"Polygon","coordinates":[[[-73.334588,-37.481291],[-73.33441,-37.481535],[-73.33423,-37.481794],[-73.334124,-37.481979],[-73.334096,-37.482022],[-73.333955,-37.482012],[-73.333976,-37.481982],[-73.333996,-37.481966],[-73.333958,-37.481451],[-73.334351,-37.481409],[-73.334588,-37.481291]]]}, "properties" : {"id" : "98-98.a", "nombre_bloque" : "98.a", "territorio_padre" : 98, "color" : null}}, {"type" : "Feature", "geometry" : {"type":"Polygon","coordinates":[[[-73.3338833,-37.4814139],[-73.3339053,-37.4816249],[-73.3338933,-37.4819479],[-73.3338753,-37.4820999],[-73.3339153,-37.4821029],[-73.3338833,-37.4822799],[-73.3337333,-37.4823219],[-73.3335833,-37.4823389],[-73.3335323,-37.4823549],[-73.3335273,-37.4822389],[-73.3335513,-37.4822379],[-73.3335553,-37.4822189],[-73.3334683,-37.4813829],[-73.3338833,-37.4814139]]]}, "properties" : {"id" : "98-98.b", "nombre_bloque" : "98.b", "territorio_padre" : 98, "color" : null}}, {"type" : "Feature", "geometry" : {"type":"Polygon","coordinates":[[[-73.3334118,-37.4813768],[-73.3334248,-37.4818398],[-73.3334949,-37.4823857],[-73.3330149,-37.4824325],[-73.3330014,-37.4822133],[-73.3329129,-37.4813513],[-73.3334118,-37.4813768]]]}, "properties" : {"id" : "98-98.c", "nombre_bloque" : "98.c", "territorio_padre" : 98, "color" : null}}, {"type" : "Feature", "geometry" : {"type":"Polygon","coordinates":[[[-73.33285,-37.4813444],[-73.332943,-37.4822054],[-73.332936,-37.4822304],[-73.332919,-37.4822574],[-73.332892,-37.4822694],[-73.332875,-37.4822864],[-73.33277,-37.4822834],[-73.332411,-37.4822744],[-73.332341,-37.4812984],[-73.33285,-37.4813444]]]}, "properties" : {"id" : "98-98.d", "nombre_bloque" : "98.d", "territorio_padre" : 98, "color" : null}}, {"type" : "Feature", "geometry" : {"type":"Polygon","coordinates":[[[-73.332274,-37.481307],[-73.33234,-37.482267],[-73.331842,-37.482251],[-73.331794,-37.48127],[-73.332274,-37.481307]]]}, "properties" : {"id" : "99-99.a", "nombre_bloque" : "99.a", "territorio_padre" : 99, "color" : null}}, {"type" : "Feature", "geometry" : {"type":"Polygon","coordinates":[[[-73.331724,-37.481274],[-73.331785,-37.48225],[-73.331289,-37.482234],[-73.331217,-37.481233],[-73.331724,-37.481274]]]}, "properties" : {"id" : "99-99.b", "nombre_bloque" : "99.b", "territorio_padre" : 99, "color" : null}}, {"type" : "Feature", "geometry" : {"type":"Polygon","coordinates":[[[-73.331145,-37.481222],[-73.33123,-37.482229],[-73.330691,-37.482216],[-73.330661,-37.48119],[-73.331145,-37.481222]]]}, "properties" : {"id" : "99-99.c", "nombre_bloque" : "99.c", "territorio_padre" : 99, "color" : null}}, {"type" : "Feature", "geometry" : {"type":"Polygon","coordinates":[[[-73.330598,-37.481184],[-73.330629,-37.482206],[-73.330269,-37.482201],[-73.330149,-37.482178],[-73.33009,-37.481155],[-73.330598,-37.481184]]]}, "properties" : {"id" : "99-99.d", "nombre_bloque" : "99.d", "territorio_padre" : 99, "color" : null}}, {"type" : "Feature", "geometry" : {"type":"Polygon","coordinates":[[[-73.341501,-37.476433],[-73.341764,-37.476778],[-73.341614,-37.476824],[-73.341481,-37.476616],[-73.341048,-37.476057],[-73.340752,-37.475602],[-73.341017,-37.475564],[-73.341848,-37.475524],[-73.34308,-37.475476],[-73.343019,-37.475801],[-73.34254,-37.475917],[-73.342391,-37.475757],[-73.342064,-37.475783],[-73.342053,-37.475785],[-73.341306,-37.475827],[-73.341325,-37.476092],[-73.341335,-37.47622],[-73.341501,-37.476433]]]}, "properties" : {"id" : "61-61.a", "nombre_bloque" : "61.a", "territorio_padre" : 61, "color" : null}}, {"type" : "Feature", "geometry" : {"type":"Polygon","coordinates":[[[-73.341791,-37.477522],[-73.342405,-37.478227],[-73.33889,-37.480253],[-73.338384,-37.479762],[-73.338291,-37.479477],[-73.339086,-37.47948],[-73.339623,-37.479424],[-73.339907,-37.479303],[-73.339898,-37.479186],[-73.34046,-37.478984],[-73.340759,-37.478795],[-73.341306,-37.478162],[-73.341791,-37.477522]]]}, "properties" : {"id" : "61-61.c", "nombre_bloque" : "61.c", "territorio_padre" : 61, "color" : null}}, {"type" : "Feature", "geometry" : {"type":"Polygon","coordinates":[[[-73.342782,-37.477601],[-73.342962,-37.477887],[-73.342455,-37.478159],[-73.34191,-37.477561],[-73.341848,-37.477458],[-73.341843,-37.477351],[-73.341813,-37.477241],[-73.341735,-37.477036],[-73.341674,-37.476844],[-73.341762,-37.476821],[-73.341827,-37.476773],[-73.341859,-37.476737],[-73.341905,-37.476703],[-73.342014,-37.476665],[-73.342166,-37.476619],[-73.342285,-37.476587],[-73.342358,-37.476557],[-73.342396,-37.476501],[-73.342425,-37.476403],[-73.342454,-37.476346],[-73.342571,-37.476269],[-73.342944,-37.476182],[-73.342782,-37.477601]]]}, "properties" : {"id" : "61-61.b", "nombre_bloque" : "61.b", "territorio_padre" : 61, "color" : null}}, {"type" : "Feature", "geometry" : {"type":"Polygon","coordinates":[[[-73.339881,-37.4792097],[-73.3398837,-37.4793076],[-73.3396638,-37.47938],[-73.3393312,-37.4794056],[-73.3388779,-37.4793992],[-73.3389828,-37.4791967],[-73.339189,-37.4792268],[-73.3393419,-37.4792395],[-73.3395377,-37.4792353],[-73.3396986,-37.4792012],[-73.3398596,-37.4792076],[-73.339881,-37.4792097]]]}, "properties" : {"id" : "61-61.d", "nombre_bloque" : "61.d", "territorio_padre" : 61, "color" : null}}, {"type" : "Feature", "geometry" : {"type":"Polygon","coordinates":[[[-73.3409895,-37.4752042],[-73.3409681,-37.4753222],[-73.3409932,-37.4755048],[-73.340747,-37.4755237],[-73.3406278,-37.475259],[-73.340594,-37.475126],[-73.340615,-37.475063],[-73.340652,-37.474995],[-73.340735,-37.474932],[-73.340834,-37.47487],[-73.340972,-37.474792],[-73.341125,-37.47469],[-73.341262,-37.474613],[-73.341384,-37.474545],[-73.341474,-37.474521],[-73.341564,-37.474509],[-73.341651,-37.474703],[-73.341447,-37.474871],[-73.341318,-37.474976],[-73.3409895,-37.4752042]]]}, "properties" : {"id" : "62-62.a", "nombre_bloque" : "62.a", "territorio_padre" : 62, "color" : null}}, {"type" : "Feature", "geometry" : {"type":"Polygon","coordinates":[[[-73.341794,-37.474932],[-73.341839,-37.47509],[-73.341872,-37.475263],[-73.341886,-37.475453],[-73.341039,-37.475505],[-73.341019,-37.475401],[-73.341014,-37.47533],[-73.341017,-37.475274],[-73.341072,-37.475213],[-73.341144,-37.475165],[-73.341243,-37.475103],[-73.341365,-37.475022],[-73.3415,-37.474908],[-73.341633,-37.474786],[-73.34168,-37.47476],[-73.341794,-37.474932]]]}, "properties" : {"id" : "62-62.b", "nombre_bloque" : "62.b", "territorio_padre" : 62, "color" : null}}, {"type" : "Feature", "geometry" : {"type":"Polygon","coordinates":[[[-73.340544,-37.4749],[-73.340666,-37.474729],[-73.341254,-37.474322],[-73.34187,-37.474311],[-73.341907,-37.474349],[-73.341936,-37.474427],[-73.341583,-37.474452],[-73.341409,-37.474503],[-73.341258,-37.474561],[-73.341079,-37.474652],[-73.340846,-37.474783],[-73.340609,-37.474958],[-73.340544,-37.4749]]]}, "properties" : {"id" : "62-62.c", "nombre_bloque" : "62.c", "territorio_padre" : 62, "color" : null}}, {"type" : "Feature", "geometry" : {"type":"Polygon","coordinates":[[[-73.343054,-37.475416],[-73.341953,-37.475456],[-73.341942,-37.475316],[-73.341902,-37.475134],[-73.34187,-37.474992],[-73.341804,-37.474843],[-73.341747,-37.474727],[-73.341723,-37.474677],[-73.341642,-37.474489],[-73.341867,-37.474472],[-73.342245,-37.474442],[-73.342657,-37.474407],[-73.343043,-37.474377],[-73.34322,-37.474378],[-73.343054,-37.475416]]]}, "properties" : {"id" : "62-62.d", "nombre_bloque" : "62.d", "territorio_padre" : 62, "color" : null}}, {"type" : "Feature", "geometry" : {"type":"Polygon","coordinates":[[[-73.343321,-37.47065],[-73.342825,-37.470595],[-73.342365,-37.470476],[-73.342201,-37.470385],[-73.342196,-37.470214],[-73.342071,-37.470142],[-73.341975,-37.470073],[-73.3418,-37.469956],[-73.341493,-37.469708],[-73.341187,-37.469196],[-73.340858,-37.468638],[-73.341617,-37.468402],[-73.341726,-37.468523],[-73.341881,-37.468651],[-73.342026,-37.468773],[-73.342187,-37.468854],[-73.342341,-37.46889],[-73.342497,-37.468855],[-73.342615,-37.468803],[-73.342727,-37.468824],[-73.342959,-37.469048],[-73.343129,-37.469282],[-73.343327,-37.469435],[-73.343527,-37.469707],[-73.343619,-37.469973],[-73.343548,-37.470164],[-73.343545,-37.470336],[-73.343637,-37.470634],[-73.343321,-37.47065]]]}, "properties" : {"id" : "63-63.b", "nombre_bloque" : "63.b", "territorio_padre" : 63, "color" : null}}, {"type" : "Feature", "geometry" : {"type":"Polygon","coordinates":[[[-73.34537,-37.471463],[-73.345188,-37.471178],[-73.345083,-37.471086],[-73.344895,-37.470987],[-73.344621,-37.470923],[-73.344014,-37.470786],[-73.343804,-37.470724],[-73.343744,-37.470647],[-73.343659,-37.470502],[-73.343607,-37.470352],[-73.343617,-37.47021],[-73.343668,-37.470061],[-73.343692,-37.469939],[-73.343636,-37.469792],[-73.34356,-37.469592],[-73.343376,-37.469373],[-73.343148,-37.469223],[-73.342981,-37.468982],[-73.342877,-37.468852],[-73.342791,-37.46877],[-73.342668,-37.468743],[-73.342494,-37.468379],[-73.342982,-37.468072],[-73.34424,-37.469326],[-73.344471,-37.469725],[-73.345054,-37.470023],[-73.345828,-37.470137],[-73.346392,-37.471039],[-73.346051,-37.47295],[-73.343509,-37.473168],[-73.343545,-37.472912],[-73.344016,-37.472811],[-73.344288,-37.472751],[-73.344687,-37.472681],[-73.344936,-37.47262],[-73.3451,-37.472555],[-73.345256,-37.472448],[-73.345386,-37.472291],[-73.345459,-37.472145],[-73.34551,-37.471907],[-73.345423,-37.471643],[-73.34537,-37.471463]]]}, "properties" : {"id" : "63-63.a", "nombre_bloque" : "63.a", "territorio_padre" : 63, "color" : null}}, {"type" : "Feature", "geometry" : {"type":"Polygon","coordinates":[[[-73.34291,-37.46802],[-73.342393,-37.468348],[-73.342573,-37.46875],[-73.342432,-37.468795],[-73.342259,-37.468816],[-73.342121,-37.468754],[-73.341873,-37.468535],[-73.341673,-37.468355],[-73.341628,-37.468187],[-73.341661,-37.468038],[-73.341664,-37.467785],[-73.341641,-37.46766],[-73.341517,-37.467384],[-73.341434,-37.467275],[-73.341223,-37.467239],[-73.340993,-37.46729],[-73.340898,-37.467281],[-73.340701,-37.467229],[-73.340167,-37.467056],[-73.340033,-37.466951],[-73.339636,-37.466876],[-73.339414,-37.466852],[-73.339115,-37.467058],[-73.338642,-37.466658],[-73.338835,-37.466032],[-73.343285,-37.467655],[-73.34291,-37.46802]]]}, "properties" : {"id" : "63-63.c", "nombre_bloque" : "63.c", "territorio_padre" : 63, "color" : null}}, {"type" : "Feature", "geometry" : {"type":"Polygon","coordinates":[[[-73.343518,-37.472847],[-73.343436,-37.472334],[-73.343207,-37.471687],[-73.341538,-37.471551],[-73.341077,-37.47138],[-73.341706,-37.470625],[-73.339734,-37.469994],[-73.339341,-37.469853],[-73.339199,-37.469701],[-73.339139,-37.469585],[-73.339076,-37.469437],[-73.33916,-37.469258],[-73.339088,-37.469086],[-73.339027,-37.468938],[-73.338894,-37.468829],[-73.338793,-37.46867],[-73.338797,-37.468525],[-73.339191,-37.468703],[-73.339503,-37.469113],[-73.339755,-37.469334],[-73.340072,-37.469512],[-73.340303,-37.469667],[-73.34064,-37.469906],[-73.340835,-37.470064],[-73.341119,-37.470182],[-73.341378,-37.470279],[-73.341957,-37.470427],[-73.342115,-37.470463],[-73.342375,-37.470561],[-73.342557,-37.470625],[-73.342827,-37.470694],[-73.3431,-37.470701],[-73.343406,-37.470713],[-73.34368,-37.470691],[-73.343767,-37.470796],[-73.34448,-37.470961],[-73.344909,-37.471062],[-73.345156,-37.471233],[-73.345343,-37.471605],[-73.345407,-37.471866],[-73.345411,-37.472068],[-73.345345,-37.472225],[-73.345199,-37.472391],[-73.345068,-37.472469],[-73.344914,-37.472542],[-73.344698,-37.472605],[-73.344271,-37.472686],[-73.343518,-37.472847]]]}, "properties" : {"id" : "64-64.a", "nombre_bloque" : "64.a", "territorio_padre" : 64, "color" : null}}, {"type" : "Feature", "geometry" : {"type":"Polygon","coordinates":[[[-73.336199,-37.468575],[-73.3362,-37.468333],[-73.336767,-37.467435],[-73.337068,-37.467651],[-73.337393,-37.467877],[-73.33749,-37.4679],[-73.337721,-37.467885],[-73.338653,-37.468473],[-73.338695,-37.468633],[-73.33883,-37.46889],[-73.338956,-37.468993],[-73.339071,-37.469246],[-73.338998,-37.469491],[-73.339109,-37.469659],[-73.339206,-37.469816],[-73.339295,-37.469906],[-73.339408,-37.469951],[-73.339359,-37.47007],[-73.339348,-37.470179],[-73.338708,-37.469817],[-73.338276,-37.469668],[-73.338034,-37.469878],[-73.337716,-37.469882],[-73.337332,-37.46974],[-73.337171,-37.469661],[-73.336694,-37.469453],[-73.336568,-37.469434],[-73.335766,-37.469244],[-73.336199,-37.468575]]]}, "properties" : {"id" : "64-64.c", "nombre_bloque" : "64.c", "territorio_padre" : 64, "color" : null}}, {"type" : "Feature", "geometry" : {"type":"Polygon","coordinates":[[[-73.341649,-37.470257],[-73.34114,-37.470117],[-73.340901,-37.469985],[-73.34066,-37.469805],[-73.340383,-37.469607],[-73.340133,-37.46944],[-73.339872,-37.469315],[-73.339718,-37.46918],[-73.339466,-37.468938],[-73.339252,-37.468625],[-73.338842,-37.46843],[-73.338263,-37.468132],[-73.337767,-37.467819],[-73.33759,-37.467773],[-73.337429,-37.467779],[-73.337346,-37.467731],[-73.336845,-37.467304],[-73.336726,-37.467192],[-73.336662,-37.467057],[-73.336484,-37.466806],[-73.336732,-37.466648],[-73.337284,-37.46712],[-73.340242,-37.468353],[-73.340509,-37.468525],[-73.340742,-37.468659],[-73.341437,-37.469766],[-73.341919,-37.47015],[-73.342078,-37.470249],[-73.342102,-37.470372],[-73.341649,-37.470257]]]}, "properties" : {"id" : "64-64.b", "nombre_bloque" : "64.b", "territorio_padre" : 64, "color" : null}}, {"type" : "Feature", "geometry" : {"type":"Polygon","coordinates":[[[-73.341605,-37.473099],[-73.340486,-37.473268],[-73.34027,-37.473268],[-73.340107,-37.473243],[-73.339964,-37.473204],[-73.339785,-37.473124],[-73.339745,-37.473043],[-73.339709,-37.472855],[-73.33964,-37.472625],[-73.339889,-37.472578],[-73.340118,-37.472537],[-73.340158,-37.472527],[-73.340195,-37.4725],[-73.340273,-37.472439],[-73.34036,-37.472391],[-73.340784,-37.472415],[-73.341181,-37.472422],[-73.341199,-37.472397],[-73.341201,-37.47238],[-73.341178,-37.47237],[-73.34136,-37.472312],[-73.341781,-37.472223],[-73.342203,-37.472126],[-73.342551,-37.472198],[-73.3429,-37.472396],[-73.343422,-37.472514],[-73.343475,-37.472841],[-73.343291,-37.472869],[-73.343158,-37.472857],[-73.342031,-37.473023],[-73.341605,-37.473099]]]}, "properties" : {"id" : "65-65.a", "nombre_bloque" : "65.a", "territorio_padre" : 65, "color" : null}}, {"type" : "Feature", "geometry" : {"type":"Polygon","coordinates":[[[-73.341178,-37.472366],[-73.340776,-37.472364],[-73.340445,-37.472351],[-73.340386,-37.472341],[-73.340338,-37.472341],[-73.340313,-37.472347],[-73.340294,-37.472358],[-73.340266,-37.47238],[-73.340145,-37.472466],[-73.340116,-37.472483],[-73.340085,-37.472497],[-73.340015,-37.472511],[-73.339891,-37.472531],[-73.339811,-37.472547],[-73.339695,-37.472575],[-73.33962,-37.472583],[-73.339511,-37.472439],[-73.339538,-37.472412],[-73.33956,-37.47238],[-73.339576,-37.472333],[-73.339576,-37.472279],[-73.339544,-37.472225],[-73.33946,-37.472124],[-73.339368,-37.472013],[-73.339062,-37.4717],[-73.338957,-37.47162],[-73.338843,-37.471551],[-73.338746,-37.471492],[-73.338619,-37.471442],[-73.33841,-37.471348],[-73.338316,-37.471291],[-73.33825,-37.471242],[-73.338176,-37.471176],[-73.338101,-37.471123],[-73.338011,-37.471052],[-73.337929,-37.471016],[-73.337828,-37.470978],[-73.337747,-37.470952],[-73.337565,-37.47089],[-73.337384,-37.470855],[-73.33725,-37.470798],[-73.337153,-37.470721],[-73.33695,-37.470514],[-73.336764,-37.470348],[-73.336464,-37.47013],[-73.336094,-37.4699],[-73.335979,-37.469837],[-73.335855,-37.469797],[-73.33576,-37.469782],[-73.335671,-37.469784],[-73.335597,-37.469794],[-73.335466,-37.469862],[-73.335393,-37.469898],[-73.335331,-37.469925],[-73.335301,-37.469984],[-73.335275,-37.470048],[-73.335255,-37.470088],[-73.335151,-37.470076],[-73.335008,-37.470072],[-73.334855,-37.470069],[-73.334717,-37.470066],[-73.334623,-37.470068],[-73.334464,-37.470079],[-73.334583,-37.469723],[-73.334617,-37.469686],[-73.334682,-37.469657],[-73.33476,-37.4695],[-73.33496,-37.469286],[-73.336194,-37.469608],[-73.339322,-37.471054],[-73.341126,-37.472206],[-73.341178,-37.472366]]]}, "properties" : {"id" : "65-65.b", "nombre_bloque" : "65.b", "territorio_padre" : 65, "color" : null}}, {"type" : "Feature", "geometry" : {"type":"Polygon","coordinates":[[[-73.339021,-37.47197],[-73.338878,-37.471854],[-73.338794,-37.471802],[-73.338674,-37.471754],[-73.338518,-37.471703],[-73.338275,-37.471636],[-73.337846,-37.471472],[-73.337624,-37.471386],[-73.337403,-37.471306],[-73.337207,-37.471251],[-73.337012,-37.471215],[-73.336897,-37.471137],[-73.336726,-37.47104],[-73.336539,-37.470962],[-73.336281,-37.470904],[-73.336312,-37.470848],[-73.336333,-37.470789],[-73.336338,-37.470749],[-73.33633,-37.470671],[-73.336311,-37.470591],[-73.336297,-37.470515],[-73.336271,-37.470433],[-73.336232,-37.470358],[-73.336147,-37.470255],[-73.336017,-37.470184],[-73.335867,-37.470132],[-73.335744,-37.470113],[-73.33559,-37.470106],[-73.335453,-37.470107],[-73.335337,-37.470109],[-73.335372,-37.46999],[-73.335401,-37.469955],[-73.335518,-37.469904],[-73.335589,-37.469852],[-73.3357,-37.469831],[-73.33583,-37.469843],[-73.335973,-37.469903],[-73.336113,-37.469963],[-73.336272,-37.470065],[-73.336438,-37.470181],[-73.336603,-37.470291],[-73.33683,-37.470466],[-73.336958,-37.470612],[-73.337071,-37.470727],[-73.337223,-37.470832],[-73.337355,-37.470908],[-73.337532,-37.470941],[-73.337759,-37.47101],[-73.337953,-37.471087],[-73.338132,-37.471219],[-73.338293,-37.471346],[-73.338386,-37.471397],[-73.33859,-37.471479],[-73.338747,-37.471547],[-73.338868,-37.471629],[-73.339038,-37.471761],[-73.339232,-37.471954],[-73.339279,-37.471995],[-73.339412,-37.472152],[-73.339509,-37.472283],[-73.339508,-37.472338],[-73.33947,-37.472381],[-73.339021,-37.47197]]]}, "properties" : {"id" : "65-65.c", "nombre_bloque" : "65.c", "territorio_padre" : 65, "color" : null}}, {"type" : "Feature", "geometry" : {"type":"Polygon","coordinates":[[[-73.334256,-37.470522],[-73.334399,-37.470324],[-73.334504,-37.470149],[-73.334531,-37.470133],[-73.334563,-37.470115],[-73.334777,-37.470116],[-73.335013,-37.470128],[-73.335172,-37.470134],[-73.335236,-37.470149],[-73.335349,-37.470169],[-73.335675,-37.470157],[-73.335855,-37.470185],[-73.33597,-37.470223],[-73.336075,-37.470278],[-73.336133,-37.470327],[-73.336195,-37.470401],[-73.33623,-37.470506],[-73.336158,-37.470474],[-73.336081,-37.470456],[-73.335929,-37.470454],[-73.335707,-37.470445],[-73.335351,-37.470452],[-73.335018,-37.470454],[-73.334694,-37.470475],[-73.334256,-37.470522]]]}, "properties" : {"id" : "65-65.d", "nombre_bloque" : "65.d", "territorio_padre" : 65, "color" : null}}, {"type" : "Feature", "geometry" : {"type":"Polygon","coordinates":[[[-73.3376129,-37.4714283],[-73.3378526,-37.4715301],[-73.3380242,-37.4716025],[-73.3381905,-37.4716876],[-73.3383005,-37.4717196],[-73.3384051,-37.4717557],[-73.3384722,-37.4717749],[-73.3387747,-37.471862],[-73.3390237,-37.47197],[-73.3392034,-37.4721713],[-73.3394112,-37.4723757],[-73.339576,-37.472644],[-73.3396754,-37.4728717],[-73.3397157,-37.4731079],[-73.3393322,-37.4728674],[-73.3390237,-37.4726949],[-73.3387904,-37.4725481],[-73.3385892,-37.4724565],[-73.3384122,-37.4723735],[-73.3381896,-37.4722543],[-73.3378757,-37.472126],[-73.3376424,-37.4720329],[-73.3373447,-37.4719265],[-73.3376129,-37.4714283]]]}, "properties" : {"id" : "66-66.a", "nombre_bloque" : "66.a", "territorio_padre" : 66, "color" : null}}, {"type" : "Feature", "geometry" : {"type":"Polygon","coordinates":[[[-73.3374305,-37.471707],[-73.337414,-37.4717381],[-73.3373835,-37.4717848],[-73.33737,-37.4718227],[-73.3373357,-37.4718799],[-73.3372863,-37.4718631],[-73.3370233,-37.4717791],[-73.3367643,-37.4717481],[-73.3366113,-37.4717641],[-73.3364623,-37.4718051],[-73.3363163,-37.4718521],[-73.3362353,-37.4719221],[-73.3358673,-37.4718811],[-73.3356683,-37.4718421],[-73.3353813,-37.4716891],[-73.3351703,-37.4715281],[-73.3346783,-37.4711991],[-73.3348773,-37.4709971],[-73.3358163,-37.4714431],[-73.3359723,-37.4714541],[-73.3362393,-37.4713311],[-73.3365373,-37.4712301],[-73.3370823,-37.4712841],[-73.3375603,-37.4714151],[-73.3375408,-37.4714951],[-73.3374885,-37.4715991],[-73.3374706,-37.4716413],[-73.3374567,-37.4716665],[-73.3374451,-37.4716871],[-73.3374305,-37.471707]]]}, "properties" : {"id" : "66-66.b", "nombre_bloque" : "66.b", "territorio_padre" : 66, "color" : null}}, {"type" : "Feature", "geometry" : {"type":"Polygon","coordinates":[[[-73.336565,-37.471204],[-73.336358,-37.471236],[-73.336177,-37.471316],[-73.335943,-37.471406],[-73.335748,-37.471359],[-73.33558,-37.471256],[-73.334996,-37.470989],[-73.335874,-37.471005],[-73.335976,-37.471003],[-73.336058,-37.47099],[-73.336187,-37.470946],[-73.336523,-37.471027],[-73.336665,-37.471089],[-73.33687,-37.471193],[-73.336565,-37.471204]]]}, "properties" : {"id" : "66-66.c", "nombre_bloque" : "66.c", "territorio_padre" : 66, "color" : null}}, {"type" : "Feature", "geometry" : {"type":"Polygon","coordinates":[[[-73.33624,-37.470842],[-73.336207,-37.470876],[-73.336159,-37.470891],[-73.336105,-37.470911],[-73.336048,-37.470927],[-73.335993,-37.470938],[-73.33589,-37.470951],[-73.335748,-37.470954],[-73.335629,-37.470951],[-73.335457,-37.470946],[-73.335308,-37.470934],[-73.335162,-37.470934],[-73.335011,-37.470933],[-73.334902,-37.470932],[-73.334833,-37.470935],[-73.334791,-37.470953],[-73.334743,-37.470976],[-73.334564,-37.471128],[-73.334338,-37.470981],[-73.33419,-37.470908],[-73.334108,-37.470863],[-73.334058,-37.47083],[-73.334034,-37.470802],[-73.334032,-37.470774],[-73.334072,-37.47071],[-73.33422,-37.470581],[-73.334389,-37.470561],[-73.334586,-37.470541],[-73.334823,-37.470508],[-73.335072,-37.470497],[-73.335227,-37.470501],[-73.33543,-37.470505],[-73.335651,-37.4705],[-73.335925,-37.470503],[-73.336062,-37.470505],[-73.336174,-37.47053],[-73.336214,-37.470577],[-73.336253,-37.47068],[-73.336263,-37.470779],[-73.33624,-37.470842]]]}, "properties" : {"id" : "66-66.d", "nombre_bloque" : "66.d", "territorio_padre" : 66, "color" : null}}, {"type" : "Feature", "geometry" : {"type":"Polygon","coordinates":[[[-73.334376,-37.472506],[-73.334465,-37.472757],[-73.334226,-37.472763],[-73.334008,-37.472749],[-73.333817,-37.472767],[-73.333625,-37.472796],[-73.333486,-37.472422],[-73.333854,-37.472372],[-73.334188,-37.472254],[-73.334376,-37.472506]]]}, "properties" : {"id" : "67-67.b", "nombre_bloque" : "67.b", "territorio_padre" : 67, "color" : null}}, {"type" : "Feature", "geometry" : {"type":"Polygon","coordinates":[[[-73.334725,-37.471906],[-73.335068,-37.472163],[-73.334792,-37.472333],[-73.334642,-37.472404],[-73.334576,-37.472427],[-73.334412,-37.472486],[-73.334219,-37.472203],[-73.334725,-37.471906]]]}, "properties" : {"id" : "67-67.c", "nombre_bloque" : "67.c", "territorio_padre" : 67, "color" : null}}, {"type" : "Feature", "geometry" : {"type":"Polygon","coordinates":[[[-73.33455,-37.471958],[-73.334407,-37.472028],[-73.334135,-37.472183],[-73.333872,-37.4723],[-73.333868,-37.472328],[-73.333468,-37.47239],[-73.333382,-37.472173],[-73.333583,-37.47212],[-73.333785,-37.47196],[-73.333966,-37.471834],[-73.334345,-37.471598],[-73.334701,-37.471844],[-73.33455,-37.471958]]]}, "properties" : {"id" : "67-67.d", "nombre_bloque" : "67.d", "territorio_padre" : 67, "color" : null}}, {"type" : "Feature", "geometry" : {"type":"Polygon","coordinates":[[[-73.336165,-37.472014],[-73.335499,-37.472573],[-73.335337,-37.47266],[-73.33521,-37.472692],[-73.335051,-37.472718],[-73.334903,-37.472732],[-73.334746,-37.472743],[-73.334528,-37.472753],[-73.334489,-37.472509],[-73.334757,-37.472405],[-73.335041,-37.472259],[-73.335109,-37.472222],[-73.335139,-37.472256],[-73.335293,-37.472184],[-73.335444,-37.472059],[-73.335415,-37.472031],[-73.335556,-37.471877],[-73.335745,-37.471951],[-73.335959,-37.471975],[-73.336165,-37.472014]]]}, "properties" : {"id" : "67-67.a", "nombre_bloque" : "67.a", "territorio_padre" : 67, "color" : null}}, {"type" : "Feature", "geometry" : {"type":"Polygon","coordinates":[[[-73.33444,-37.471345],[-73.334293,-37.471336],[-73.333707,-37.471215],[-73.333499,-37.471206],[-73.333243,-37.471324],[-73.333065,-37.471352],[-73.332767,-37.471554],[-73.332603,-37.47163],[-73.332447,-37.471801],[-73.332317,-37.471731],[-73.332184,-37.471067],[-73.332823,-37.47065],[-73.33303,-37.470508],[-73.333311,-37.470512],[-73.333366,-37.4707],[-73.333444,-37.470746],[-73.333622,-37.470786],[-73.33377,-37.470838],[-73.33396,-37.470884],[-73.334416,-37.471117],[-73.33464,-37.471279],[-73.33444,-37.471345]]]}, "properties" : {"id" : "67-67.f", "nombre_bloque" : "67.f", "territorio_padre" : 67, "color" : null}}, {"type" : "Feature", "geometry" : {"type":"Polygon","coordinates":[[[-73.334533,-37.469696],[-73.334453,-37.46993],[-73.334398,-37.470076],[-73.334345,-37.470226],[-73.334303,-37.470341],[-73.334236,-37.470446],[-73.334188,-37.470522],[-73.334092,-37.470619],[-73.333976,-37.470723],[-73.333962,-37.470773],[-73.333976,-37.470823],[-73.333833,-37.470825],[-73.333675,-37.470766],[-73.333404,-37.470681],[-73.333371,-37.470487],[-73.333249,-37.470319],[-73.333477,-37.470069],[-73.333937,-37.469009],[-73.334825,-37.469259],[-73.334533,-37.469696]]]}, "properties" : {"id" : "67-67.g", "nombre_bloque" : "67.g", "territorio_padre" : 67, "color" : null}}, {"type" : "Feature", "geometry" : {"type":"Polygon","coordinates":[[[-73.335524,-37.471868],[-73.33527,-37.472136],[-73.335185,-37.472117],[-73.335127,-37.472155],[-73.334789,-37.471895],[-73.334817,-37.471868],[-73.334693,-37.47177],[-73.33438,-37.471562],[-73.334568,-37.47134],[-73.334679,-37.471336],[-73.335524,-37.471868]]]}, "properties" : {"id" : "67-67.e", "nombre_bloque" : "67.e", "territorio_padre" : 67, "color" : null}}, {"type" : "Feature", "geometry" : {"type":"Polygon","coordinates":[[[-73.3433377,-37.4729707],[-73.3433216,-37.4731517],[-73.3428469,-37.4731836],[-73.3424982,-37.4732262],[-73.3422353,-37.4732751],[-73.3422192,-37.4734241],[-73.3419135,-37.473505],[-73.3418357,-37.4732985],[-73.3420905,-37.4731325],[-73.3425867,-37.4730537],[-73.3429971,-37.4730112],[-73.3433377,-37.4729707]]]}, "properties" : {"id" : "68-68.a", "nombre_bloque" : "68.a", "territorio_padre" : 68, "color" : null}}, {"type" : "Feature", "geometry" : {"type":"Polygon","coordinates":[[[-73.3417293,-37.4732805],[-73.3415255,-37.4734018],[-73.3412975,-37.4735338],[-73.3411258,-37.4736743],[-73.3409327,-37.4737722],[-73.3405438,-37.4738702],[-73.3404526,-37.4738744],[-73.3403755,-37.4736898],[-73.3403426,-37.4734891],[-73.3403116,-37.4733475],[-73.3404124,-37.4733465],[-73.3406135,-37.4733465],[-73.3408925,-37.4733167],[-73.341048,-37.4732699],[-73.3412787,-37.4732315],[-73.341437,-37.4732209],[-73.3416006,-37.4731996],[-73.3417293,-37.4732805]]]}, "properties" : {"id" : "68-68.c", "nombre_bloque" : "68.c", "territorio_padre" : 68, "color" : null}}, {"type" : "Feature", "geometry" : {"type":"Polygon","coordinates":[[[-73.3404496,-37.4739235],[-73.3403244,-37.4741006],[-73.3401685,-37.4741524],[-73.3400254,-37.4741916],[-73.3398742,-37.4742584],[-73.3396688,-37.4743644],[-73.339361,-37.474145],[-73.3395897,-37.473695],[-73.3395077,-37.473562],[-73.3393587,-37.473412],[-73.3391657,-37.473284],[-73.3389097,-37.47315],[-73.3385277,-37.472965],[-73.3381907,-37.472778],[-73.3377607,-37.472588],[-73.3375087,-37.472458],[-73.3372967,-37.472371],[-73.3369937,-37.472274],[-73.3367287,-37.472218],[-73.3364847,-37.472204],[-73.3362987,-37.472379],[-73.3360387,-37.472579],[-73.3358627,-37.472689],[-73.3357847,-37.472826],[-73.3357877,-37.472946],[-73.3358487,-37.473013],[-73.3359287,-37.473033],[-73.3360607,-37.473055],[-73.3362117,-37.473065],[-73.3364467,-37.473086],[-73.3362347,-37.473136],[-73.3360247,-37.473189],[-73.3358257,-37.47325],[-73.3356187,-37.47325],[-73.3354917,-37.473223],[-73.3353387,-37.473177],[-73.3352287,-37.473125],[-73.3350967,-37.473102],[-73.3349607,-37.473083],[-73.3348417,-37.473065],[-73.3347547,-37.473024],[-73.3346687,-37.472789],[-73.3351517,-37.472754],[-73.3353077,-37.472716],[-73.3354397,-37.47267],[-73.3355797,-37.472605],[-73.3359157,-37.472381],[-73.3361507,-37.472153],[-73.3363147,-37.471968],[-73.3364737,-37.471897],[-73.3366437,-37.471835],[-73.3369567,-37.471839],[-73.3372967,-37.47195],[-73.3375937,-37.472075],[-73.3379537,-37.472248],[-73.3382647,-37.472385],[-73.3386287,-37.472568],[-73.3389967,-37.472768],[-73.3392507,-37.47291],[-73.3396067,-37.473113],[-73.3399147,-37.473266],[-73.3402537,-37.473324],[-73.3402794,-37.4733432],[-73.3402982,-37.4733475],[-73.340304,-37.4734038],[-73.3403027,-37.4733648],[-73.3403688,-37.4736781],[-73.3403907,-37.4737599],[-73.3404389,-37.4738636],[-73.3404496,-37.4739235]]]}, "properties" : {"id" : "68-68.d", "nombre_bloque" : "68.d", "territorio_padre" : 68, "color" : null}}, {"type" : "Feature", "geometry" : {"type":"Polygon","coordinates":[[[-73.3418122,-37.473336],[-73.3419114,-37.473651],[-73.3419919,-37.4737894],[-73.3420402,-37.4739193],[-73.342075,-37.4740193],[-73.3421126,-37.4740832],[-73.3415815,-37.4741194],[-73.3414662,-37.4741108],[-73.3413857,-37.4740299],[-73.3413642,-37.4739746],[-73.3411577,-37.4738937],[-73.3413401,-37.4736936],[-73.3415413,-37.4735489],[-73.3416861,-37.473419],[-73.3418122,-37.473336]]]}, "properties" : {"id" : "68-68.b", "nombre_bloque" : "68.b", "territorio_padre" : 68, "color" : null}}, {"type" : "Feature", "geometry" : {"type":"Polygon","coordinates":[[[-73.337634,-37.472617],[-73.337611,-37.47282],[-73.337475,-37.472928],[-73.337253,-37.473004],[-73.337104,-37.473018],[-73.336857,-37.473079],[-73.336782,-37.4731],[-73.336569,-37.473114],[-73.336411,-37.473058],[-73.336145,-37.473021],[-73.335878,-37.472965],[-73.335869,-37.472754],[-73.336545,-37.472306],[-73.336895,-37.472327],[-73.337634,-37.472617]]]}, "properties" : {"id" : "68-68.e", "nombre_bloque" : "68.e", "territorio_padre" : 68, "color" : null}}, {"type" : "Feature", "geometry" : {"type":"Polygon","coordinates":[[[-73.336653,-37.47321],[-73.337067,-37.473462],[-73.337129,-37.473548],[-73.336652,-37.473599],[-73.335729,-37.473814],[-73.335169,-37.473967],[-73.334978,-37.474001],[-73.334253,-37.474316],[-73.334077,-37.474142],[-73.334251,-37.474085],[-73.334369,-37.47396],[-73.334467,-37.473827],[-73.334506,-37.473656],[-73.33456,-37.473435],[-73.334601,-37.473325],[-73.334759,-37.473134],[-73.334975,-37.473159],[-73.335148,-37.473185],[-73.335281,-37.473241],[-73.335478,-37.473312],[-73.335615,-37.473337],[-73.335718,-37.473337],[-73.335841,-37.473317],[-73.33596,-37.47328],[-73.336097,-37.473248],[-73.336245,-37.473214],[-73.336434,-37.47317],[-73.336472,-37.47316],[-73.336653,-37.47321]]]}, "properties" : {"id" : "68-68.g", "nombre_bloque" : "68.g", "territorio_padre" : 68, "color" : null}}, {"type" : "Feature", "geometry" : {"type":"Polygon","coordinates":[[[-73.339438,-37.473616],[-73.339471,-37.473699],[-73.339349,-37.474007],[-73.33886,-37.4737795],[-73.338371,-37.47349],[-73.337526,-37.473505],[-73.337265,-37.473525],[-73.337165,-37.473424],[-73.336834,-37.473274],[-73.33685,-37.473141],[-73.33731,-37.473034],[-73.33766,-37.472922],[-73.337705,-37.472652],[-73.338125,-37.472832],[-73.338986,-37.473285],[-73.339124,-37.473346],[-73.339299,-37.473477],[-73.339438,-37.473616]]]}, "properties" : {"id" : "68-68.f", "nombre_bloque" : "68.f", "territorio_padre" : 68, "color" : null}}, {"type" : "Feature", "geometry" : {"type":"Polygon","coordinates":[[[-73.334581,-37.472813],[-73.334645,-37.473015],[-73.334688,-37.473078],[-73.334524,-37.473272],[-73.3344,-37.473684],[-73.334326,-37.473869],[-73.334173,-37.474004],[-73.334094,-37.474059],[-73.333954,-37.474066],[-73.333738,-37.474068],[-73.333559,-37.474055],[-73.333472,-37.474065],[-73.33344,-37.474069],[-73.333354,-37.474056],[-73.333196,-37.47401],[-73.332915,-37.474008],[-73.332566,-37.473842],[-73.332361,-37.473848],[-73.332574,-37.473566],[-73.332946,-37.473279],[-73.333309,-37.473047],[-73.333811,-37.472877],[-73.334581,-37.472813]]]}, "properties" : {"id" : "68-68.h", "nombre_bloque" : "68.h", "territorio_padre" : 68, "color" : null}}, {"type" : "Feature", "geometry" : {"type":"Polygon","coordinates":[[[-73.339682,-37.47529],[-73.3391262,-37.4758923],[-73.338919,-37.476132],[-73.3388069,-37.4762503],[-73.338646,-37.476429],[-73.338424,-37.476702],[-73.338307,-37.476834],[-73.338193,-37.476953],[-73.338003,-37.477062],[-73.3370636,-37.4774352],[-73.3362494,-37.4775199],[-73.3358098,-37.4775454],[-73.3357779,-37.4771962],[-73.3363149,-37.477179],[-73.3368752,-37.4771953],[-73.3378502,-37.4768858],[-73.3383,-37.476174],[-73.337977,-37.475922],[-73.338132,-37.475504],[-73.338979,-37.474753],[-73.339265,-37.474883],[-73.339682,-37.47529]]]}, "properties" : {"id" : "69-69.b", "nombre_bloque" : "69.b", "territorio_padre" : 69, "color" : null}}, {"type" : "Feature", "geometry" : {"type":"Polygon","coordinates":[[[-73.3408779,-37.4740751],[-73.3397299,-37.4752671],[-73.3395783,-37.4751501],[-73.3394925,-37.4750553],[-73.3393973,-37.4749723],[-73.3393557,-37.4749085],[-73.3393316,-37.4748851],[-73.3393208,-37.4748148],[-73.3395193,-37.474702],[-73.3397661,-37.4745232],[-73.3401684,-37.4743486],[-73.3403776,-37.4742167],[-73.3404903,-37.4741698],[-73.3407317,-37.4740251],[-73.3408779,-37.4740751]]]}, "properties" : {"id" : "69-69.a", "nombre_bloque" : "69.a", "territorio_padre" : 69, "color" : null}}, {"type" : "Feature", "geometry" : {"type":"Polygon","coordinates":[[[-73.339759,-37.476292],[-73.339747,-37.476685],[-73.339724,-37.477163],[-73.3397,-37.477195],[-73.339225,-37.476909],[-73.339759,-37.476292]]]}, "properties" : {"id" : "70-70.b", "nombre_bloque" : "70.b", "territorio_padre" : 70, "color" : null}}, {"type" : "Feature", "geometry" : {"type":"Polygon","coordinates":[[[-73.3399295,-37.4760518],[-73.3398785,-37.4761318],[-73.3397625,-37.4762318],[-73.3391925,-37.4768888],[-73.3386555,-37.4765808],[-73.3391045,-37.4760598],[-73.3393455,-37.4757948],[-73.3396245,-37.4754948],[-73.3399155,-37.4751758],[-73.3401235,-37.4749478],[-73.3399295,-37.4760518]]]}, "properties" : {"id" : "70-70.a", "nombre_bloque" : "70.a", "territorio_padre" : 70, "color" : null}}, {"type" : "Feature", "geometry" : {"type":"Polygon","coordinates":[[[-73.340596,-37.476251],[-73.339802,-37.477106],[-73.339844,-37.476315],[-73.339832,-37.476279],[-73.339826,-37.476234],[-73.339938,-37.476142],[-73.339992,-37.476043],[-73.34005,-37.476],[-73.340144,-37.475885],[-73.340176,-37.475847],[-73.340228,-37.475818],[-73.34026,-37.475832],[-73.340596,-37.476251]]]}, "properties" : {"id" : "70-70.c", "nombre_bloque" : "70.c", "territorio_padre" : 70, "color" : null}}, {"type" : "Feature", "geometry" : {"type":"Polygon","coordinates":[[[-73.340646,-37.476313],[-73.340966,-37.476739],[-73.340268,-37.477524],[-73.339767,-37.477236],[-73.339803,-37.477173],[-73.340646,-37.476313]]]}, "properties" : {"id" : "70-70.d", "nombre_bloque" : "70.d", "territorio_padre" : 70, "color" : null}}, {"type" : "Feature", "geometry" : {"type":"Polygon","coordinates":[[[-73.341183,-37.477162],[-73.341233,-37.477296],[-73.341246,-37.477356],[-73.340822,-37.47785],[-73.34032,-37.47755],[-73.341002,-37.476794],[-73.341183,-37.477162]]]}, "properties" : {"id" : "70-70.e", "nombre_bloque" : "70.e", "territorio_padre" : 70, "color" : null}}, {"type" : "Feature", "geometry" : {"type":"Polygon","coordinates":[[[-73.338105,-37.47817],[-73.338054,-37.478268],[-73.337974,-37.478167],[-73.337918,-37.478054],[-73.337894,-37.477886],[-73.33789,-37.477761],[-73.337888,-37.477628],[-73.337986,-37.477451],[-73.338084,-37.477289],[-73.33811,-37.477196],[-73.338081,-37.477101],[-73.338229,-37.477002],[-73.338425,-37.476825],[-73.338596,-37.476617],[-73.339132,-37.476924],[-73.338105,-37.47817]]]}, "properties" : {"id" : "71-71.a", "nombre_bloque" : "71.a", "territorio_padre" : 71, "color" : null}}, {"type" : "Feature", "geometry" : {"type":"Polygon","coordinates":[[[-73.33965,-37.477242],[-73.338807,-37.478239],[-73.338727,-37.4783],[-73.338566,-37.47835],[-73.338217,-37.478405],[-73.338117,-37.47831],[-73.338189,-37.478152],[-73.338393,-37.477914],[-73.339185,-37.476966],[-73.33965,-37.477242]]]}, "properties" : {"id" : "71-71.b", "nombre_bloque" : "71.b", "territorio_padre" : 71, "color" : null}}, {"type" : "Feature", "geometry" : {"type":"Polygon","coordinates":[[[-73.340221,-37.47757],[-73.339055,-37.478889],[-73.338989,-37.478885],[-73.338785,-37.478844],[-73.338649,-37.478792],[-73.338558,-37.478709],[-73.338765,-37.478356],[-73.338852,-37.478306],[-73.338915,-37.478226],[-73.339722,-37.477285],[-73.340221,-37.47757]]]}, "properties" : {"id" : "71-71.c", "nombre_bloque" : "71.c", "territorio_padre" : 71, "color" : null}}, {"type" : "Feature", "geometry" : {"type":"Polygon","coordinates":[[[-73.340282,-37.477603],[-73.340786,-37.477899],[-73.340418,-37.478287],[-73.34017,-37.478588],[-73.340005,-37.478756],[-73.339854,-37.47884],[-73.339719,-37.478882],[-73.33961,-37.478906],[-73.339441,-37.478917],[-73.339306,-37.478915],[-73.339127,-37.478905],[-73.340282,-37.477603]]]}, "properties" : {"id" : "71-71.d", "nombre_bloque" : "71.d", "territorio_padre" : 71, "color" : null}}, {"type" : "Feature", "geometry" : {"type":"Polygon","coordinates":[[[-73.338422,-37.478789],[-73.337929,-37.478947],[-73.337206,-37.479162],[-73.337053,-37.478824],[-73.337404,-37.478689],[-73.337711,-37.478592],[-73.338051,-37.478489],[-73.3382,-37.478478],[-73.338473,-37.478724],[-73.338422,-37.478789]]]}, "properties" : {"id" : "72-72.a", "nombre_bloque" : "72.a", "territorio_padre" : 72, "color" : null}}, {"type" : "Feature", "geometry" : {"type":"Polygon","coordinates":[[[-73.3391587,-37.4789849],[-73.3392767,-37.4789849],[-73.339502,-37.4789849],[-73.3396737,-37.4789593],[-73.3398775,-37.4789082],[-73.3399955,-37.4788529],[-73.3401189,-37.4787763],[-73.3401994,-37.4786826],[-73.3403871,-37.4785081],[-73.3405749,-37.4783037],[-73.3407626,-37.4780866],[-73.3408753,-37.4779334],[-73.3412133,-37.4781079],[-73.3410845,-37.4782399],[-73.3408753,-37.4784697],[-73.3406714,-37.4786485],[-73.3404086,-37.4788359],[-73.3400545,-37.4790104],[-73.3396415,-37.4790998],[-73.3393035,-37.4791126],[-73.339105,-37.4790743],[-73.3391587,-37.4789849]]]}, "properties" : {"id" : "72-72.c", "nombre_bloque" : "72.c", "territorio_padre" : 72, "color" : null}}, {"type" : "Feature", "geometry" : {"type":"Polygon","coordinates":[[[-73.3408753,-37.4779334],[-73.3410148,-37.4777929],[-73.3411542,-37.4776481],[-73.3412776,-37.4774906],[-73.3413527,-37.477397],[-73.3413527,-37.4772692],[-73.3412669,-37.477133],[-73.3411864,-37.4769499],[-73.3410255,-37.4766732],[-73.3408485,-37.4764561],[-73.34065,-37.4761964],[-73.3404891,-37.4760176],[-73.3404193,-37.4759112],[-73.3403442,-37.4757962],[-73.3402745,-37.4757707],[-73.3401404,-37.475792],[-73.3400814,-37.4758431],[-73.3401726,-37.4753109],[-73.3402047,-37.475196],[-73.3402638,-37.475362],[-73.3402852,-37.4755153],[-73.3403335,-37.4756643],[-73.3404944,-37.4757835],[-73.3407734,-37.4761198],[-73.3409879,-37.4764008],[-73.3412562,-37.4766945],[-73.3414225,-37.476967],[-73.3415458,-37.4772096],[-73.3415834,-37.4773842],[-73.3415673,-37.4775843],[-73.3414976,-37.4777333],[-73.3414117,-37.4778397],[-73.3413259,-37.4779887],[-73.3412133,-37.4781079],[-73.3408753,-37.4779334]]]}, "properties" : {"id" : "72-72.d", "nombre_bloque" : "72.d", "territorio_padre" : 72, "color" : null}}, {"type" : "Feature", "geometry" : {"type":"Polygon","coordinates":[[[-73.339106,-37.478956],[-73.339011,-37.479088],[-73.338363,-37.479051],[-73.337732,-37.479215],[-73.337289,-37.479522],[-73.337152,-37.479278],[-73.337287,-37.479197],[-73.338383,-37.478865],[-73.338469,-37.478833],[-73.338514,-37.478764],[-73.338602,-37.478829],[-73.338726,-37.478886],[-73.339106,-37.478956]]]}, "properties" : {"id" : "72-72.b", "nombre_bloque" : "72.b", "territorio_padre" : 72, "color" : null}}, {"type" : "Feature", "geometry" : {"type":"Polygon","coordinates":[[[-73.341433,-37.480098],[-73.340675,-37.480291],[-73.339749,-37.480497],[-73.339636,-37.480506],[-73.339511,-37.480517],[-73.339443,-37.48053],[-73.339317,-37.480568],[-73.338976,-37.480312],[-73.340254,-37.479564],[-73.34127,-37.479034],[-73.341609,-37.479465],[-73.341579,-37.479483],[-73.341546,-37.479536],[-73.341521,-37.479572],[-73.341519,-37.47964],[-73.341722,-37.47999],[-73.341433,-37.480098]]]}, "properties" : {"id" : "73-73.a", "nombre_bloque" : "73.a", "territorio_padre" : 73, "color" : null}}, {"type" : "Feature", "geometry" : {"type":"Polygon","coordinates":[[[-73.340753,-37.480401],[-73.342147,-37.479969],[-73.342254,-37.480065],[-73.340979,-37.480697],[-73.340753,-37.480401]]]}, "properties" : {"id" : "73-73.b", "nombre_bloque" : "73.b", "territorio_padre" : 73, "color" : null}}, {"type" : "Feature", "geometry" : {"type":"Polygon","coordinates":[[[-73.342757,-37.480441],[-73.342503,-37.480635],[-73.342327,-37.480782],[-73.342107,-37.48093],[-73.342094,-37.480944],[-73.342095,-37.480961],[-73.3421,-37.480971],[-73.342119,-37.480974],[-73.342139,-37.480968],[-73.342234,-37.480911],[-73.342379,-37.480817],[-73.3428,-37.48048],[-73.343073,-37.480714],[-73.343297,-37.48093],[-73.343535,-37.481178],[-73.343505,-37.481206],[-73.34347,-37.481233],[-73.343408,-37.481263],[-73.343334,-37.481292],[-73.343265,-37.48131],[-73.343212,-37.481315],[-73.343148,-37.481311],[-73.343091,-37.4813],[-73.343034,-37.481287],[-73.34295,-37.481267],[-73.342877,-37.481245],[-73.342801,-37.481223],[-73.342705,-37.481197],[-73.342642,-37.481178],[-73.342582,-37.481173],[-73.342502,-37.481178],[-73.342413,-37.481208],[-73.342186,-37.481314],[-73.341687,-37.481541],[-73.341023,-37.480775],[-73.342327,-37.480092],[-73.342757,-37.480441]]]}, "properties" : {"id" : "73-73.c", "nombre_bloque" : "73.c", "territorio_padre" : 73, "color" : null}}, {"type" : "Feature", "geometry" : {"type":"Polygon","coordinates":[[[-73.340889,-37.480754],[-73.340109,-37.481149],[-73.339806,-37.480621],[-73.340665,-37.480431],[-73.340889,-37.480754]]]}, "properties" : {"id" : "74-74.a", "nombre_bloque" : "74.a", "territorio_padre" : 74, "color" : null}}, {"type" : "Feature", "geometry" : {"type":"Polygon","coordinates":[[[-73.3399072,-37.4813756],[-73.3400305,-37.4815182],[-73.3401834,-37.4817012],[-73.3402907,-37.4818396],[-73.340406,-37.4819737],[-73.3404624,-37.4821205],[-73.3405214,-37.4822525],[-73.340553,-37.4824087],[-73.3403604,-37.4825611],[-73.340221,-37.4827165],[-73.3401378,-37.4828165],[-73.339993,-37.4829719],[-73.3398723,-37.4830592],[-73.3397328,-37.4831124],[-73.3396792,-37.4829911],[-73.3396041,-37.4828187],[-73.3395397,-37.4826718],[-73.3394887,-37.4825462],[-73.3394404,-37.4824249],[-73.3393707,-37.4823504],[-73.3392929,-37.4822674],[-73.3392125,-37.4821567],[-73.3392205,-37.4820482],[-73.3393707,-37.4820013],[-73.3394646,-37.4819439],[-73.3395236,-37.4818673],[-73.3395424,-37.4818034],[-73.3395075,-37.4816927],[-73.3394941,-37.4815969],[-73.3399072,-37.4813756]]]}, "properties" : {"id" : "74-74.c", "nombre_bloque" : "74.c", "territorio_padre" : 74, "color" : null}}, {"type" : "Feature", "geometry" : {"type":"Polygon","coordinates":[[[-73.34162,-37.481581],[-73.34146,-37.481667],[-73.341287,-37.481801],[-73.341123,-37.481945],[-73.340966,-37.482057],[-73.340572,-37.482324],[-73.340416,-37.481936],[-73.340275,-37.481766],[-73.339938,-37.481314],[-73.340947,-37.480799],[-73.34162,-37.481581]]]}, "properties" : {"id" : "74-74.b", "nombre_bloque" : "74.b", "territorio_padre" : 74, "color" : null}}, {"type" : "Feature", "geometry" : {"type":"Polygon","coordinates":[[[-73.3391531,-37.4822461],[-73.3393006,-37.4823227],[-73.3393757,-37.4824142],[-73.3394374,-37.4825866],[-73.3395071,-37.4827271],[-73.3395849,-37.4828846],[-73.3396734,-37.483057],[-73.3396681,-37.483123],[-73.3395259,-37.4831932],[-73.3394079,-37.4830868],[-73.3392202,-37.4829038],[-73.3391236,-37.4827697],[-73.3390646,-37.4826207],[-73.339078,-37.4824483],[-73.3390995,-37.4823525],[-73.3391531,-37.4822461]]]}, "properties" : {"id" : "74-74.d", "nombre_bloque" : "74.d", "territorio_padre" : 74, "color" : null}}, {"type" : "Feature", "geometry" : {"type":"Polygon","coordinates":[[[-73.341695,-37.4819237],[-73.341594,-37.4820077],[-73.341508,-37.4820757],[-73.341446,-37.4821357],[-73.341384,-37.4821977],[-73.341369,-37.4822197],[-73.341278,-37.4823377],[-73.34124,-37.4823977],[-73.341174,-37.4825047],[-73.341124,-37.4825797],[-73.341078,-37.4826607],[-73.341029,-37.4827437],[-73.341025,-37.4827647],[-73.341029,-37.4828037],[-73.341048,-37.4828457],[-73.341186,-37.4830117],[-73.340723,-37.4833027],[-73.340679,-37.4833397],[-73.340626,-37.4833807],[-73.340585,-37.4834327],[-73.34055,-37.4834297],[-73.340505,-37.4834317],[-73.340459,-37.4834357],[-73.340415,-37.4834487],[-73.340383,-37.4834637],[-73.340326,-37.4834927],[-73.34028,-37.4835137],[-73.340181,-37.4835537],[-73.340104,-37.4835657],[-73.340013,-37.4835757],[-73.339935,-37.4835647],[-73.339681,-37.4834737],[-73.33964,-37.4834427],[-73.339612,-37.4834047],[-73.339581,-37.4833377],[-73.339539,-37.4832437],[-73.339692,-37.4831557],[-73.339771,-37.4831247],[-73.339918,-37.4830497],[-73.339988,-37.4829997],[-73.340288,-37.4826647],[-73.340362,-37.4825867],[-73.340553,-37.4824087],[-73.340794,-37.48222],[-73.340916,-37.4821567],[-73.341164,-37.4819887],[-73.341271,-37.4818987],[-73.341388,-37.4817937],[-73.341497,-37.4817177],[-73.34166,-37.4816267],[-73.341822,-37.4818457],[-73.341695,-37.4819237]]]}, "properties" : {"id" : "75-75.a", "nombre_bloque" : "75.a", "territorio_padre" : 75, "color" : null}}, {"type" : "Feature", "geometry" : {"type":"Polygon","coordinates":[[[-73.342315,-37.482435],[-73.341946,-37.482635],[-73.341654,-37.482787],[-73.341389,-37.482923],[-73.341229,-37.48298],[-73.341092,-37.482813],[-73.34108,-37.482781],[-73.341077,-37.482755],[-73.341093,-37.482724],[-73.341165,-37.482606],[-73.341242,-37.482483],[-73.341324,-37.482352],[-73.341423,-37.482221],[-73.341543,-37.4821],[-73.341729,-37.48195],[-73.34185,-37.481875],[-73.342315,-37.482435]]]}, "properties" : {"id" : "75-75.b", "nombre_bloque" : "75.b", "territorio_padre" : 75, "color" : null}}, {"type" : "Feature", "geometry" : {"type":"Polygon","coordinates":[[[-73.343419,-37.481862],[-73.343399,-37.481839],[-73.343367,-37.481811],[-73.343304,-37.481743],[-73.343201,-37.481623],[-73.343042,-37.481477],[-73.342793,-37.481282],[-73.342889,-37.481309],[-73.342947,-37.481321],[-73.342996,-37.481335],[-73.343052,-37.481348],[-73.343097,-37.481357],[-73.343152,-37.481368],[-73.343188,-37.48137],[-73.343228,-37.481371],[-73.343279,-37.481365],[-73.343357,-37.481346],[-73.343417,-37.481321],[-73.343461,-37.481301],[-73.343523,-37.48127],[-73.34359,-37.481222],[-73.343959,-37.481612],[-73.343419,-37.481862]]]}, "properties" : {"id" : "75-75.d", "nombre_bloque" : "75.d", "territorio_padre" : 75, "color" : null}}, {"type" : "Feature", "geometry" : {"type":"Polygon","coordinates":[[[-73.343371,-37.481888],[-73.342882,-37.482129],[-73.342367,-37.482401],[-73.342055,-37.482027],[-73.341893,-37.48183],[-73.341723,-37.481594],[-73.342487,-37.481239],[-73.342551,-37.481226],[-73.342602,-37.481229],[-73.342676,-37.48125],[-73.343013,-37.481518],[-73.343163,-37.481656],[-73.343371,-37.481888]]]}, "properties" : {"id" : "75-75.c", "nombre_bloque" : "75.c", "territorio_padre" : 75, "color" : null}}, {"type" : "Feature", "geometry" : {"type":"Polygon","coordinates":[[[-73.343457,-37.48191],[-73.344009,-37.481665],[-73.344629,-37.482434],[-73.344612,-37.482461],[-73.344601,-37.482489],[-73.344585,-37.482511],[-73.344559,-37.482529],[-73.34453,-37.482541],[-73.344492,-37.482551],[-73.344444,-37.482565],[-73.34439,-37.482586],[-73.344343,-37.482603],[-73.34428,-37.482626],[-73.344231,-37.482647],[-73.344182,-37.482667],[-73.344112,-37.482701],[-73.344031,-37.482757],[-73.343946,-37.482641],[-73.343821,-37.482443],[-73.343737,-37.482318],[-73.343457,-37.48191]]]}, "properties" : {"id" : "76-76.a", "nombre_bloque" : "76.a", "territorio_padre" : 76, "color" : null}}, {"type" : "Feature", "geometry" : {"type":"Polygon","coordinates":[[[-73.343703,-37.48236],[-73.343987,-37.482786],[-73.343435,-37.483064],[-73.343288,-37.483127],[-73.343007,-37.483234],[-73.3424,-37.482449],[-73.342872,-37.482194],[-73.343406,-37.481936],[-73.343703,-37.48236]]]}, "properties" : {"id" : "76-76.b", "nombre_bloque" : "76.b", "territorio_padre" : 76, "color" : null}}, {"type" : "Feature", "geometry" : {"type":"Polygon","coordinates":[[[-73.3435834,-37.4843456],[-73.3431328,-37.4844733],[-73.3427787,-37.4835964],[-73.3418775,-37.4834559],[-73.3408958,-37.4838178],[-73.3405578,-37.4835538],[-73.34081,-37.483307],[-73.3412499,-37.4830345],[-73.3414215,-37.4829749],[-73.3418078,-37.4831069],[-73.3421886,-37.4831963],[-73.3426607,-37.4832772],[-73.3429933,-37.4832984],[-73.3435834,-37.4843456]]]}, "properties" : {"id" : "76-76.d", "nombre_bloque" : "76.d", "territorio_padre" : 76, "color" : null}}, {"type" : "Feature", "geometry" : {"type":"Polygon","coordinates":[[[-73.342949,-37.483239],[-73.342877,-37.483243],[-73.342705,-37.483225],[-73.3425,-37.483196],[-73.34238,-37.483174],[-73.342246,-37.483151],[-73.342133,-37.483132],[-73.342075,-37.483117],[-73.341919,-37.483081],[-73.3417,-37.483012],[-73.341468,-37.482938],[-73.342348,-37.482467],[-73.342949,-37.483239]]]}, "properties" : {"id" : "76-76.c", "nombre_bloque" : "76.c", "territorio_padre" : 76, "color" : null}}, {"type" : "Feature", "geometry" : {"type":"Polygon","coordinates":[[[-73.344371,-37.483212],[-73.3444,-37.483253],[-73.344408,-37.483277],[-73.34441,-37.483306],[-73.3444,-37.483329],[-73.344384,-37.483355],[-73.344356,-37.483381],[-73.344285,-37.483438],[-73.344131,-37.483557],[-73.343855,-37.483779],[-73.343705,-37.483853],[-73.343603,-37.483886],[-73.343557,-37.483888],[-73.343518,-37.483884],[-73.343504,-37.483905],[-73.343443,-37.483968],[-73.343042,-37.483277],[-73.343261,-37.48319],[-73.343434,-37.483116],[-73.343787,-37.48295],[-73.344014,-37.482824],[-73.344371,-37.483212]]]}, "properties" : {"id" : "76-76.e", "nombre_bloque" : "76.e", "territorio_padre" : 76, "color" : null}}, {"type" : "Feature", "geometry" : {"type":"Polygon","coordinates":[[[-73.344939,-37.482743],[-73.345023,-37.482852],[-73.345035,-37.482967],[-73.345118,-37.483125],[-73.345172,-37.483264],[-73.345179,-37.483312],[-73.34517,-37.483378],[-73.344881,-37.483653],[-73.344682,-37.483546],[-73.343656,-37.484319],[-73.343627,-37.484336],[-73.343417,-37.48399],[-73.343521,-37.483923],[-73.343572,-37.483935],[-73.343647,-37.483917],[-73.343736,-37.483892],[-73.34379,-37.483868],[-73.343854,-37.483834],[-73.343908,-37.483796],[-73.343995,-37.483735],[-73.34406,-37.483684],[-73.344134,-37.483623],[-73.344202,-37.483572],[-73.344281,-37.483504],[-73.344355,-37.483456],[-73.34441,-37.483418],[-73.344441,-37.48338],[-73.344463,-37.483335],[-73.344471,-37.483293],[-73.344461,-37.483241],[-73.344437,-37.483203],[-73.344076,-37.482792],[-73.344154,-37.48274],[-73.344211,-37.482709],[-73.344289,-37.482675],[-73.344361,-37.482655],[-73.344474,-37.48262],[-73.344579,-37.482587],[-73.344644,-37.482529],[-73.344695,-37.482438],[-73.344939,-37.482743]]]}, "properties" : {"id" : "76-76.f", "nombre_bloque" : "76.f", "territorio_padre" : 76, "color" : null}}, {"type" : "Feature", "geometry" : {"type":"Polygon","coordinates":[[[-73.34535,-37.483954],[-73.345083,-37.48405],[-73.344731,-37.484185],[-73.34504,-37.483709],[-73.345082,-37.483628],[-73.345183,-37.483512],[-73.345257,-37.483397],[-73.345253,-37.483295],[-73.345463,-37.483573],[-73.345573,-37.483767],[-73.345532,-37.483923],[-73.34535,-37.483954]]]}, "properties" : {"id" : "77-77.a", "nombre_bloque" : "77.a", "territorio_padre" : 77, "color" : null}}, {"type" : "Feature", "geometry" : {"type":"Polygon","coordinates":[[[-73.3455858,-37.4839677],[-73.3456555,-37.4843636],[-73.3454302,-37.484585],[-73.3450225,-37.4847339],[-73.3446041,-37.4848318],[-73.3444539,-37.485215],[-73.3441964,-37.485266],[-73.3439443,-37.4856023],[-73.3440784,-37.4859386],[-73.3439174,-37.4860705],[-73.3436117,-37.4859131],[-73.3437726,-37.4855555],[-73.3438477,-37.485249],[-73.3441052,-37.4849936],[-73.3443895,-37.4847084],[-73.3447006,-37.48427],[-73.3453551,-37.484006],[-73.3455858,-37.4839677]]]}, "properties" : {"id" : "77-77.b", "nombre_bloque" : "77.b", "territorio_padre" : 77, "color" : null}}, {"type" : "Feature", "geometry" : {"type":"Polygon","coordinates":[[[-73.342222,-37.487533],[-73.341593,-37.487376],[-73.341592,-37.487341],[-73.341655,-37.48733],[-73.341812,-37.487331],[-73.342045,-37.487363],[-73.342112,-37.487349],[-73.342276,-37.48727],[-73.342357,-37.487201],[-73.342289,-37.487151],[-73.342178,-37.487248],[-73.34211,-37.487292],[-73.342036,-37.487303],[-73.341906,-37.487296],[-73.341808,-37.48728],[-73.341696,-37.487285],[-73.341601,-37.48729],[-73.341532,-37.48732],[-73.341512,-37.487361],[-73.341517,-37.48739],[-73.341429,-37.487357],[-73.341361,-37.487318],[-73.341276,-37.487236],[-73.34123,-37.487163],[-73.341242,-37.487123],[-73.341372,-37.487068],[-73.341488,-37.48701],[-73.341606,-37.486954],[-73.341711,-37.486929],[-73.341827,-37.486901],[-73.341948,-37.486912],[-73.342049,-37.486926],[-73.342056,-37.486926],[-73.342171,-37.486869],[-73.342309,-37.486741],[-73.342477,-37.486611],[-73.342846,-37.486244],[-73.342843,-37.486196],[-73.342801,-37.486185],[-73.342732,-37.486261],[-73.342051,-37.486845],[-73.341923,-37.48684],[-73.341853,-37.48684],[-73.341733,-37.486865],[-73.341612,-37.486883],[-73.341483,-37.486943],[-73.341358,-37.487002],[-73.341267,-37.487049],[-73.341225,-37.487061],[-73.340781,-37.486724],[-73.34181,-37.486421],[-73.342915,-37.485607],[-73.343132,-37.48452],[-73.343591,-37.484373],[-73.344135,-37.484821],[-73.343898,-37.485042],[-73.34379,-37.485173],[-73.343725,-37.485301],[-73.343685,-37.485531],[-73.343507,-37.48592],[-73.343267,-37.486294],[-73.343145,-37.486515],[-73.343031,-37.486805],[-73.342972,-37.487008],[-73.342901,-37.487112],[-73.342631,-37.487256],[-73.342461,-37.487383],[-73.342222,-37.487533]]]}, "properties" : {"id" : "77-77.d", "nombre_bloque" : "77.d", "territorio_padre" : 77, "color" : null}}, {"type" : "Feature", "geometry" : {"type":"Polygon","coordinates":[[[-73.34325,-37.486477],[-73.343305,-37.486494],[-73.343418,-37.486593],[-73.343463,-37.486679],[-73.34345,-37.486804],[-73.343421,-37.486975],[-73.343369,-37.487189],[-73.343293,-37.487436],[-73.343249,-37.487522],[-73.343081,-37.487825],[-73.342956,-37.488025],[-73.342891,-37.48816],[-73.34285,-37.488186],[-73.342777,-37.488159],[-73.34268,-37.488102],[-73.342508,-37.488006],[-73.342394,-37.487905],[-73.342251,-37.48777],[-73.342244,-37.487652],[-73.342285,-37.487591],[-73.34238,-37.487504],[-73.342532,-37.487419],[-73.342681,-37.487322],[-73.34282,-37.487223],[-73.342944,-37.487175],[-73.343028,-37.487094],[-73.343148,-37.486707],[-73.343199,-37.486576],[-73.34325,-37.486477]]]}, "properties" : {"id" : "77-77.e", "nombre_bloque" : "77.e", "territorio_padre" : 77, "color" : null}}, {"type" : "Feature", "geometry" : {"type":"Polygon","coordinates":[[[-73.344149,-37.484793],[-73.343647,-37.484371],[-73.344691,-37.483595],[-73.344869,-37.483693],[-73.344149,-37.484793]]]}, "properties" : {"id" : "77-77.c", "nombre_bloque" : "77.c", "territorio_padre" : 77, "color" : null}}, {"type" : "Feature", "geometry" : {"type":"Polygon","coordinates":[[[-73.343431,-37.486189],[-73.343466,-37.486305],[-73.343556,-37.486448],[-73.343771,-37.486557],[-73.343986,-37.486699],[-73.344041,-37.486738],[-73.344084,-37.486844],[-73.344118,-37.486933],[-73.343972,-37.487135],[-73.343838,-37.487346],[-73.343806,-37.487423],[-73.343787,-37.48753],[-73.343815,-37.487586],[-73.343846,-37.487693],[-73.343754,-37.487698],[-73.343587,-37.48777],[-73.343472,-37.487689],[-73.343309,-37.487643],[-73.343503,-37.486946],[-73.343548,-37.486786],[-73.343549,-37.486691],[-73.343541,-37.486625],[-73.343479,-37.486562],[-73.343396,-37.486483],[-73.343297,-37.48641],[-73.343431,-37.486189]]]}, "properties" : {"id" : "77-77.f", "nombre_bloque" : "77.f", "territorio_padre" : 77, "color" : null}}, {"type" : "Feature", "geometry" : {"type":"Polygon","coordinates":[[[-73.3449598,-37.4863799],[-73.3447399,-37.4863842],[-73.3439674,-37.4860905],[-73.3441176,-37.4859543],[-73.3439996,-37.4856222],[-73.3442249,-37.4852987],[-73.3445038,-37.4852434],[-73.3446326,-37.4848645],[-73.3450617,-37.4847709],[-73.3454855,-37.4846091],[-73.3456786,-37.4844006],[-73.3457913,-37.4848305],[-73.3457806,-37.484988],[-73.3457376,-37.48512],[-73.3452334,-37.485635],[-73.3451154,-37.4857797],[-73.3450349,-37.4859458],[-73.3449652,-37.4861671],[-73.3449598,-37.4863799]]]}, "properties" : {"id" : "78-78.a", "nombre_bloque" : "78.a", "territorio_padre" : 78, "color" : null}}, {"type" : "Feature", "geometry" : {"type":"Polygon","coordinates":[[[-73.344885,-37.48688],[-73.34492,-37.487217],[-73.344949,-37.48737],[-73.344948,-37.487508],[-73.344946,-37.487581],[-73.344737,-37.487596],[-73.344264,-37.487655],[-73.343952,-37.48771],[-73.343893,-37.487707],[-73.343865,-37.487419],[-73.344188,-37.486946],[-73.344135,-37.486715],[-73.344885,-37.48688]]]}, "properties" : {"id" : "78-78.c", "nombre_bloque" : "78.c", "territorio_padre" : 78, "color" : null}}, {"type" : "Feature", "geometry" : {"type":"Polygon","coordinates":[[[-73.344831,-37.486455],[-73.344875,-37.486882],[-73.344138,-37.486718],[-73.344112,-37.486681],[-73.344028,-37.486619],[-73.343947,-37.486544],[-73.343842,-37.486481],[-73.343735,-37.486445],[-73.343641,-37.48639],[-73.343577,-37.486318],[-73.34355,-37.486243],[-73.343616,-37.48616],[-73.343725,-37.48607],[-73.343819,-37.486088],[-73.343849,-37.486115],[-73.344003,-37.486201],[-73.344308,-37.486332],[-73.344712,-37.486454],[-73.344831,-37.486455]]]}, "properties" : {"id" : "78-78.b", "nombre_bloque" : "78.b", "territorio_padre" : 78, "color" : null}}, {"type" : "Feature", "geometry" : {"type":"Polygon","coordinates":[[[-73.345221,-37.486547],[-73.345304,-37.486711],[-73.345385,-37.486766],[-73.34541,-37.487359],[-73.345382,-37.487788],[-73.345167,-37.487765],[-73.345164,-37.487648],[-73.345138,-37.487463],[-73.345118,-37.487301],[-73.345074,-37.487028],[-73.345036,-37.486782],[-73.34501,-37.486504],[-73.345221,-37.486547]]]}, "properties" : {"id" : "78-78.e", "nombre_bloque" : "78.e", "territorio_padre" : 78, "color" : null}}, {"type" : "Feature", "geometry" : {"type":"Polygon","coordinates":[[[-73.344972,-37.488036],[-73.344926,-37.488176],[-73.344778,-37.488496],[-73.34466,-37.48867],[-73.344578,-37.488963],[-73.344474,-37.489363],[-73.343912,-37.489265],[-73.343939,-37.489039],[-73.344219,-37.489028],[-73.344379,-37.488801],[-73.344413,-37.488448],[-73.344345,-37.488194],[-73.344245,-37.48808],[-73.344092,-37.487944],[-73.343995,-37.487838],[-73.343947,-37.487781],[-73.344026,-37.487759],[-73.344225,-37.487722],[-73.344313,-37.487708],[-73.344704,-37.487663],[-73.344963,-37.487645],[-73.344972,-37.488036]]]}, "properties" : {"id" : "78-78.d", "nombre_bloque" : "78.d", "territorio_padre" : 78, "color" : null}}, {"type" : "Feature", "geometry" : {"type":"Polygon","coordinates":[[[-73.344422,-37.489835],[-73.344739,-37.489979],[-73.344608,-37.490401],[-73.344676,-37.490409],[-73.344789,-37.490017],[-73.345108,-37.490107],[-73.345127,-37.490052],[-73.344831,-37.489926],[-73.344628,-37.48985],[-73.344471,-37.489735],[-73.344653,-37.489178],[-73.344951,-37.48955],[-73.345113,-37.489796],[-73.345292,-37.490009],[-73.345364,-37.490223],[-73.345357,-37.490425],[-73.34529,-37.49064],[-73.345253,-37.490828],[-73.345199,-37.49085],[-73.3451,-37.49082],[-73.344883,-37.490761],[-73.344763,-37.49073],[-73.344595,-37.490685],[-73.344423,-37.490624],[-73.344226,-37.49061],[-73.344422,-37.489835]]]}, "properties" : {"id" : "78-78.f", "nombre_bloque" : "78.f", "territorio_padre" : 78, "color" : null}}, {"type" : "Feature", "geometry" : {"type":"Polygon","coordinates":[[[-73.342161,-37.487652],[-73.342122,-37.487762],[-73.342124,-37.487897],[-73.342153,-37.487954],[-73.342182,-37.488063],[-73.342201,-37.488172],[-73.342217,-37.488263],[-73.342206,-37.488359],[-73.342182,-37.488462],[-73.342149,-37.488544],[-73.342075,-37.488561],[-73.341989,-37.48855],[-73.341923,-37.488509],[-73.341859,-37.488139],[-73.340671,-37.487542],[-73.340782,-37.48674],[-73.341233,-37.487055],[-73.341143,-37.487104],[-73.341148,-37.487183],[-73.341228,-37.487307],[-73.341326,-37.487393],[-73.34175,-37.487534],[-73.342161,-37.487652]]]}, "properties" : {"id" : "79-79.a", "nombre_bloque" : "79.a", "territorio_padre" : 79, "color" : null}}, {"type" : "Feature", "geometry" : {"type":"Polygon","coordinates":[[[-73.342735,-37.488548],[-73.342721,-37.488728],[-73.342717,-37.489091],[-73.342776,-37.489322],[-73.342948,-37.489567],[-73.34299,-37.489721],[-73.343041,-37.489981],[-73.343104,-37.490173],[-73.343165,-37.490427],[-73.343142,-37.490768],[-73.343137,-37.490845],[-73.343182,-37.490971],[-73.343216,-37.491128],[-73.343231,-37.491226],[-73.343262,-37.491339],[-73.343324,-37.491545],[-73.343217,-37.491717],[-73.343114,-37.491861],[-73.342927,-37.491925],[-73.342731,-37.491973],[-73.342531,-37.492012],[-73.342288,-37.492053],[-73.342073,-37.492079],[-73.341837,-37.49212],[-73.341736,-37.491974],[-73.341704,-37.49188],[-73.341711,-37.491746],[-73.34175,-37.491598],[-73.341795,-37.491517],[-73.341841,-37.491434],[-73.341739,-37.491369],[-73.341712,-37.491327],[-73.34182,-37.491191],[-73.341927,-37.491117],[-73.341934,-37.491109],[-73.342029,-37.491048],[-73.342132,-37.491018],[-73.342268,-37.491042],[-73.342381,-37.491026],[-73.342447,-37.491001],[-73.342473,-37.490903],[-73.342508,-37.490774],[-73.342496,-37.490595],[-73.342495,-37.490412],[-73.342379,-37.490158],[-73.34219,-37.489932],[-73.342161,-37.489735],[-73.342161,-37.489551],[-73.342158,-37.489293],[-73.342156,-37.488989],[-73.342162,-37.488664],[-73.342222,-37.488539],[-73.34228,-37.488349],[-73.342285,-37.488183],[-73.342193,-37.487885],[-73.342327,-37.488025],[-73.342574,-37.488146],[-73.342843,-37.488231],[-73.342735,-37.488548]]]}, "properties" : {"id" : "79-79.b", "nombre_bloque" : "79.b", "territorio_padre" : 79, "color" : null}}, {"type" : "Feature", "geometry" : {"type":"Polygon","coordinates":[[[-73.343337,-37.489097],[-73.3433,-37.489307],[-73.34326,-37.489475],[-73.34326,-37.489723],[-73.343321,-37.489929],[-73.343357,-37.490263],[-73.343313,-37.490618],[-73.343365,-37.490864],[-73.343481,-37.491079],[-73.343539,-37.491299],[-73.343438,-37.491885],[-73.343109,-37.492215],[-73.34291,-37.492316],[-73.34277,-37.492357],[-73.34241,-37.492452],[-73.342235,-37.49251],[-73.341894,-37.492623],[-73.341455,-37.492591],[-73.341219,-37.492367],[-73.34136,-37.49229],[-73.341698,-37.492215],[-73.341914,-37.492154],[-73.342113,-37.492113],[-73.342399,-37.492085],[-73.342605,-37.492064],[-73.34289,-37.492009],[-73.342988,-37.491981],[-73.34316,-37.491909],[-73.343252,-37.491834],[-73.343377,-37.491598],[-73.34337,-37.491411],[-73.343338,-37.491266],[-73.343298,-37.49107],[-73.343274,-37.490923],[-73.343228,-37.49078],[-73.34323,-37.490629],[-73.343266,-37.490422],[-73.343224,-37.490288],[-73.343176,-37.490021],[-73.343091,-37.489711],[-73.343013,-37.489492],[-73.342832,-37.489196],[-73.342819,-37.489005],[-73.342823,-37.488849],[-73.342841,-37.488572],[-73.342936,-37.488312],[-73.343222,-37.488381],[-73.343067,-37.488729],[-73.343141,-37.488788],[-73.343145,-37.48889],[-73.343429,-37.488921],[-73.343497,-37.488999],[-73.343337,-37.489097]]]}, "properties" : {"id" : "79-79.d", "nombre_bloque" : "79.d", "territorio_padre" : 79, "color" : null}}, {"type" : "Feature", "geometry" : {"type":"Polygon","coordinates":[[[-73.343407,-37.487749],[-73.34349,-37.487822],[-73.343547,-37.48797],[-73.343665,-37.488176],[-73.343688,-37.488322],[-73.343646,-37.488327],[-73.343379,-37.488311],[-73.343217,-37.488318],[-73.342952,-37.488244],[-73.343233,-37.487706],[-73.343298,-37.487707],[-73.343407,-37.487749]]]}, "properties" : {"id" : "79-79.c", "nombre_bloque" : "79.c", "territorio_padre" : 79, "color" : null}}, {"type" : "Feature", "geometry" : {"type":"Polygon","coordinates":[[[-73.343574,-37.487844],[-73.343782,-37.487761],[-73.343849,-37.487769],[-73.343978,-37.48795],[-73.344174,-37.488158],[-73.34427,-37.48826],[-73.344344,-37.488487],[-73.344301,-37.488684],[-73.344276,-37.488801],[-73.344045,-37.488998],[-73.343835,-37.488971],[-73.343523,-37.488972],[-73.34349,-37.488902],[-73.343689,-37.488825],[-73.343905,-37.488736],[-73.343957,-37.488711],[-73.343574,-37.487844]]]}, "properties" : {"id" : "79-79.e", "nombre_bloque" : "79.e", "territorio_padre" : 79, "color" : null}}, {"type" : "Feature", "geometry" : {"type":"Polygon","coordinates":[[[-73.341601,-37.491724],[-73.341594,-37.491894],[-73.341651,-37.491986],[-73.341723,-37.492131],[-73.34158,-37.492161],[-73.341449,-37.492207],[-73.341334,-37.492245],[-73.34118,-37.492324],[-73.340952,-37.491908],[-73.341082,-37.49178],[-73.341131,-37.491716],[-73.341652,-37.491416],[-73.341731,-37.491462],[-73.341601,-37.491724]]]}, "properties" : {"id" : "79-79.f", "nombre_bloque" : "79.f", "territorio_padre" : 79, "color" : null}}, {"type" : "Feature", "geometry" : {"type":"Polygon","coordinates":[[[-73.350537,-37.477865],[-73.350122,-37.477619],[-73.349595,-37.477266],[-73.349825,-37.47717],[-73.35009,-37.477145],[-73.350577,-37.477121],[-73.350796,-37.477187],[-73.351071,-37.477841],[-73.350537,-37.477865]]]}, "properties" : {"id" : "40-40.a", "nombre_bloque" : "40.a", "territorio_padre" : 40, "color" : null}}, {"type" : "Feature", "geometry" : {"type":"Polygon","coordinates":[[[-73.351022,-37.478246],[-73.350838,-37.478619],[-73.350734,-37.478605],[-73.350716,-37.478375],[-73.350678,-37.478161],[-73.350662,-37.477934],[-73.351067,-37.477899],[-73.351022,-37.478246]]]}, "properties" : {"id" : "40-40.b", "nombre_bloque" : "40.b", "territorio_padre" : 40, "color" : null}}, {"type" : "Feature", "geometry" : {"type":"Polygon","coordinates":[[[-73.350311,-37.480404],[-73.350396,-37.479924],[-73.350475,-37.479673],[-73.350484,-37.479431],[-73.350462,-37.479196],[-73.350407,-37.478705],[-73.350363,-37.478293],[-73.350275,-37.478028],[-73.350155,-37.477756],[-73.35031,-37.477813],[-73.350444,-37.477877],[-73.350546,-37.477956],[-73.350593,-37.478014],[-73.350602,-37.478125],[-73.350649,-37.478579],[-73.350665,-37.478752],[-73.350724,-37.47891],[-73.350863,-37.479253],[-73.351061,-37.479647],[-73.350777,-37.480523],[-73.350311,-37.480404]]]}, "properties" : {"id" : "40-40.c", "nombre_bloque" : "40.c", "territorio_padre" : 40, "color" : null}}, {"type" : "Feature", "geometry" : {"type":"Polygon","coordinates":[[[-73.3497997,-37.4775259],[-73.3501377,-37.4778282],[-73.3502557,-37.4780878],[-73.3503362,-37.4784625],[-73.3503576,-37.4788073],[-73.3503898,-37.4791691],[-73.3504005,-37.4794842],[-73.3503576,-37.4797481],[-73.3502718,-37.4799993],[-73.3502128,-37.4802377],[-73.3501484,-37.4804888],[-73.3501323,-37.4806846],[-73.3497353,-37.4806378],[-73.3497353,-37.4804122],[-73.3497514,-37.4802079],[-73.3497568,-37.4800376],[-73.349789,-37.4798332],[-73.3499714,-37.4794884],[-73.3501484,-37.4790499],[-73.3501971,-37.4788486],[-73.3501967,-37.4786327],[-73.3501752,-37.4782964],[-73.3500787,-37.4780751],[-73.3499982,-37.477858],[-73.3497997,-37.4775259]]]}, "properties" : {"id" : "40-40.d", "nombre_bloque" : "40.d", "territorio_padre" : 40, "color" : null}}, {"type" : "Feature", "geometry" : {"type":"Polygon","coordinates":[[[-73.35098,-37.477293],[-73.351544,-37.477318],[-73.351644,-37.477527],[-73.351674,-37.477647],[-73.351685,-37.477955],[-73.35173,-37.478253],[-73.351696,-37.478608],[-73.351726,-37.478677],[-73.351796,-37.478753],[-73.351874,-37.479066],[-73.351845,-37.479207],[-73.351792,-37.479299],[-73.351795,-37.47937],[-73.351806,-37.479553],[-73.351829,-37.47966],[-73.351872,-37.479814],[-73.35175,-37.479878],[-73.351475,-37.47986],[-73.35126,-37.479757],[-73.351149,-37.479596],[-73.351043,-37.479396],[-73.350978,-37.479233],[-73.351227,-37.479255],[-73.351608,-37.479245],[-73.351606,-37.479202],[-73.351234,-37.47918],[-73.351263,-37.479014],[-73.351304,-37.478855],[-73.351344,-37.478746],[-73.35134,-37.478655],[-73.351342,-37.478506],[-73.351303,-37.478488],[-73.351257,-37.478482],[-73.351023,-37.478471],[-73.351101,-37.478287],[-73.351139,-37.47815],[-73.35117,-37.477869],[-73.351194,-37.477776],[-73.35098,-37.477293]]]}, "properties" : {"id" : "41-41.a", "nombre_bloque" : "41.a", "territorio_padre" : 41, "color" : null}}, {"type" : "Feature", "geometry" : {"type":"Polygon","coordinates":[[[-73.351192,-37.479179],[-73.350945,-37.479153],[-73.350853,-37.478908],[-73.35085,-37.478877],[-73.350872,-37.478791],[-73.350904,-37.478711],[-73.351011,-37.47851],[-73.35127,-37.478512],[-73.351275,-37.478641],[-73.351287,-37.478707],[-73.351217,-37.478959],[-73.351192,-37.479179]]]}, "properties" : {"id" : "41-41.b", "nombre_bloque" : "41.b", "territorio_padre" : 41, "color" : null}}, {"type" : "Feature", "geometry" : {"type":"Polygon","coordinates":[[[-73.350923,-37.480468],[-73.350962,-37.480341],[-73.351025,-37.480145],[-73.351105,-37.479761],[-73.351408,-37.479949],[-73.35146,-37.479901],[-73.351802,-37.479909],[-73.351877,-37.479917],[-73.351899,-37.480151],[-73.351861,-37.480203],[-73.351772,-37.480246],[-73.351717,-37.480281],[-73.351673,-37.480339],[-73.351633,-37.480397],[-73.351602,-37.480504],[-73.351551,-37.480586],[-73.351458,-37.480591],[-73.350923,-37.480468]]]}, "properties" : {"id" : "41-41.c", "nombre_bloque" : "41.c", "territorio_padre" : 41, "color" : null}}, {"type" : "Feature", "geometry" : {"type":"Polygon","coordinates":[[[-73.35192,-37.479023],[-73.352011,-37.479192],[-73.351995,-37.479254],[-73.352132,-37.4796],[-73.352221,-37.479812],[-73.352285,-37.480106],[-73.352119,-37.480367],[-73.352047,-37.480529],[-73.351907,-37.480901],[-73.351503,-37.480899],[-73.350886,-37.480547],[-73.350909,-37.480498],[-73.351443,-37.480629],[-73.351582,-37.480623],[-73.351636,-37.480567],[-73.351669,-37.480505],[-73.351722,-37.480396],[-73.35174,-37.480332],[-73.351778,-37.480305],[-73.351827,-37.480269],[-73.351878,-37.480243],[-73.351937,-37.480197],[-73.351962,-37.48016],[-73.351964,-37.480068],[-73.351964,-37.479955],[-73.351976,-37.4799],[-73.351974,-37.479837],[-73.351959,-37.479761],[-73.351932,-37.479725],[-73.351897,-37.479655],[-73.351865,-37.479569],[-73.351856,-37.47947],[-73.351846,-37.479381],[-73.35186,-37.479291],[-73.35189,-37.479217],[-73.351911,-37.479171],[-73.351917,-37.479109],[-73.35192,-37.479023]]]}, "properties" : {"id" : "41-41.d", "nombre_bloque" : "41.d", "territorio_padre" : 41, "color" : null}}, {"type" : "Feature", "geometry" : {"type":"Polygon","coordinates":[[[-73.351286,-37.481479],[-73.351323,-37.481416],[-73.351406,-37.481194],[-73.351683,-37.481263],[-73.351999,-37.481318],[-73.352028,-37.481527],[-73.351985,-37.481653],[-73.351946,-37.481743],[-73.351885,-37.481788],[-73.351771,-37.481799],[-73.351652,-37.481743],[-73.351596,-37.481705],[-73.35154,-37.481662],[-73.351474,-37.481631],[-73.351404,-37.481604],[-73.351272,-37.4816],[-73.351286,-37.481479]]]}, "properties" : {"id" : "42-42.a", "nombre_bloque" : "42.a", "territorio_padre" : 42, "color" : null}}, {"type" : "Feature", "geometry" : {"type":"Polygon","coordinates":[[[-73.351269,-37.483117],[-73.351124,-37.482944],[-73.350998,-37.482728],[-73.350955,-37.48267],[-73.35095,-37.482613],[-73.350973,-37.482558],[-73.351018,-37.482484],[-73.351099,-37.482391],[-73.351164,-37.482295],[-73.351219,-37.482181],[-73.351239,-37.482114],[-73.351251,-37.481959],[-73.351284,-37.481655],[-73.351424,-37.481668],[-73.351579,-37.481755],[-73.351647,-37.481814],[-73.351704,-37.481841],[-73.351788,-37.481858],[-73.351269,-37.483117]]]}, "properties" : {"id" : "42-42.b", "nombre_bloque" : "42.b", "territorio_padre" : 42, "color" : null}}, {"type" : "Feature", "geometry" : {"type":"Polygon","coordinates":[[[-73.351203,-37.481851],[-73.351151,-37.48214],[-73.351097,-37.482263],[-73.350956,-37.482464],[-73.350902,-37.482534],[-73.350864,-37.482621],[-73.350892,-37.482694],[-73.351207,-37.483173],[-73.351075,-37.48325],[-73.350321,-37.482794],[-73.350317,-37.482606],[-73.350298,-37.482451],[-73.350292,-37.482349],[-73.3503,-37.482287],[-73.350296,-37.48208],[-73.350665,-37.481834],[-73.35083,-37.481734],[-73.350984,-37.481656],[-73.351086,-37.48162],[-73.351209,-37.481604],[-73.351203,-37.481851]]]}, "properties" : {"id" : "42-42.c", "nombre_bloque" : "42.c", "territorio_padre" : 42, "color" : null}}, {"type" : "Feature", "geometry" : {"type":"Polygon","coordinates":[[[-73.351147,-37.481551],[-73.351082,-37.481571],[-73.351002,-37.481595],[-73.350936,-37.481623],[-73.350846,-37.48167],[-73.350703,-37.481757],[-73.350606,-37.481813],[-73.350507,-37.481882],[-73.350293,-37.482013],[-73.350312,-37.481646],[-73.350353,-37.481471],[-73.350399,-37.481317],[-73.350544,-37.481044],[-73.350841,-37.480589],[-73.350957,-37.480649],[-73.351133,-37.480742],[-73.35124,-37.480826],[-73.351359,-37.480927],[-73.351421,-37.480989],[-73.351376,-37.481091],[-73.351147,-37.481551]]]}, "properties" : {"id" : "42-42.d", "nombre_bloque" : "42.d", "territorio_padre" : 42, "color" : null}}, {"type" : "Feature", "geometry" : {"type":"Polygon","coordinates":[[[-73.350264,-37.48158],[-73.350175,-37.481538],[-73.350042,-37.48152],[-73.350179,-37.480706],[-73.35021,-37.480692],[-73.350283,-37.48046],[-73.35078,-37.480573],[-73.350595,-37.480822],[-73.350477,-37.481002],[-73.350399,-37.481148],[-73.350312,-37.481313],[-73.350264,-37.48158]]]}, "properties" : {"id" : "42-42.e", "nombre_bloque" : "42.e", "territorio_padre" : 42, "color" : null}}, {"type" : "Feature", "geometry" : {"type":"Polygon","coordinates":[[[-73.350109,-37.481973],[-73.34964,-37.482019],[-73.349256,-37.481366],[-73.349182,-37.480866],[-73.349358,-37.48055],[-73.349674,-37.480618],[-73.349565,-37.480696],[-73.349521,-37.481098],[-73.349514,-37.481366],[-73.349539,-37.481457],[-73.349781,-37.481545],[-73.350131,-37.481586],[-73.350102,-37.481796],[-73.350109,-37.481973]]]}, "properties" : {"id" : "42-42.f", "nombre_bloque" : "42.f", "territorio_padre" : 42, "color" : null}}, {"type" : "Feature", "geometry" : {"type":"Polygon","coordinates":[[[-73.350193,-37.482566],[-73.350316,-37.482597],[-73.350317,-37.482793],[-73.350232,-37.482785],[-73.349668,-37.48204],[-73.350175,-37.481996],[-73.350193,-37.482566]]]}, "properties" : {"id" : "42-42.g", "nombre_bloque" : "42.g", "territorio_padre" : 42, "color" : null}}, {"type" : "Feature", "geometry" : {"type":"Polygon","coordinates":[[[-73.352589,-37.479821],[-73.352703,-37.479985],[-73.352748,-37.480184],[-73.352774,-37.48039],[-73.352677,-37.480721],[-73.35255,-37.481496],[-73.352168,-37.481512],[-73.352036,-37.481554],[-73.351965,-37.480957],[-73.352125,-37.480765],[-73.352108,-37.480582],[-73.352187,-37.480373],[-73.352364,-37.480115],[-73.35227,-37.479811],[-73.352064,-37.479342],[-73.352011,-37.479198],[-73.352589,-37.479821]]]}, "properties" : {"id" : "43-43.a", "nombre_bloque" : "43.a", "territorio_padre" : 43, "color" : null}}, {"type" : "Feature", "geometry" : {"type":"Polygon","coordinates":[[[-73.352493,-37.482511],[-73.352417,-37.482687],[-73.352344,-37.482804],[-73.352226,-37.482856],[-73.352061,-37.482898],[-73.351815,-37.482923],[-73.351675,-37.48296],[-73.351498,-37.483017],[-73.351435,-37.483068],[-73.351339,-37.483201],[-73.351282,-37.483135],[-73.351445,-37.482778],[-73.351499,-37.482737],[-73.351556,-37.482697],[-73.351626,-37.482686],[-73.351878,-37.482495],[-73.352013,-37.482357],[-73.352074,-37.482108],[-73.352087,-37.481951],[-73.352116,-37.481858],[-73.352152,-37.481743],[-73.352078,-37.481729],[-73.352065,-37.48168],[-73.352068,-37.481588],[-73.352171,-37.481546],[-73.352552,-37.481552],[-73.352493,-37.482511]]]}, "properties" : {"id" : "43-43.b", "nombre_bloque" : "43.b", "territorio_padre" : 43, "color" : null}}, {"type" : "Feature", "geometry" : {"type":"Polygon","coordinates":[[[-73.35213,-37.484354],[-73.351427,-37.484119],[-73.35134,-37.484031],[-73.351288,-37.483932],[-73.351279,-37.483819],[-73.351349,-37.483511],[-73.351406,-37.483269],[-73.351487,-37.483147],[-73.351622,-37.483084],[-73.351752,-37.483056],[-73.351907,-37.483024],[-73.352101,-37.483003],[-73.35223,-37.482982],[-73.352457,-37.482757],[-73.352959,-37.48291],[-73.352886,-37.483133],[-73.352533,-37.48409],[-73.35213,-37.484354]]]}, "properties" : {"id" : "43-43.c", "nombre_bloque" : "43.c", "territorio_padre" : 43, "color" : null}}, {"type" : "Feature", "geometry" : {"type":"Polygon","coordinates":[[[-73.351217,-37.483171],[-73.351307,-37.483251],[-73.351231,-37.483494],[-73.351199,-37.483693],[-73.351188,-37.483879],[-73.351198,-37.484021],[-73.3513,-37.484151],[-73.351444,-37.48424],[-73.352055,-37.484447],[-73.351571,-37.484792],[-73.350663,-37.483895],[-73.350933,-37.48335],[-73.351217,-37.483171]]]}, "properties" : {"id" : "43-43.d", "nombre_bloque" : "43.d", "territorio_padre" : 43, "color" : null}}, {"type" : "Feature", "geometry" : {"type":"Polygon","coordinates":[[[-73.348567,-37.485014],[-73.348682,-37.485089],[-73.348632,-37.485216],[-73.348551,-37.48542],[-73.348581,-37.485606],[-73.348563,-37.485826],[-73.348685,-37.486123],[-73.348959,-37.486051],[-73.349179,-37.486386],[-73.34904,-37.486448],[-73.348832,-37.486572],[-73.348799,-37.486428],[-73.3487,-37.486306],[-73.348589,-37.486193],[-73.34844,-37.486057],[-73.348384,-37.485861],[-73.348364,-37.485656],[-73.348283,-37.485487],[-73.348157,-37.485387],[-73.34802,-37.485314],[-73.348334,-37.485213],[-73.348379,-37.485183],[-73.348343,-37.48503],[-73.348567,-37.485014]]]}, "properties" : {"id" : "44-44.a", "nombre_bloque" : "44.a", "territorio_padre" : 44, "color" : null}}, {"type" : "Feature", "geometry" : {"type":"Polygon","coordinates":[[[-73.348424,-37.48661],[-73.348356,-37.4866],[-73.348294,-37.486578],[-73.348173,-37.486497],[-73.348044,-37.486382],[-73.347992,-37.486298],[-73.347966,-37.486186],[-73.3479,-37.486072],[-73.347866,-37.48601],[-73.347822,-37.485958],[-73.347788,-37.485926],[-73.347746,-37.485894],[-73.34768,-37.485863],[-73.347614,-37.485838],[-73.347512,-37.485809],[-73.34743,-37.485812],[-73.347341,-37.485813],[-73.347261,-37.485824],[-73.34702,-37.485829],[-73.346883,-37.48548],[-73.346911,-37.485448],[-73.347044,-37.48536],[-73.347171,-37.485291],[-73.347287,-37.48528],[-73.34739,-37.485267],[-73.347608,-37.485288],[-73.34776,-37.485329],[-73.347833,-37.485334],[-73.347971,-37.485375],[-73.348042,-37.485429],[-73.348158,-37.485548],[-73.348217,-37.485699],[-73.348275,-37.485852],[-73.348322,-37.486037],[-73.348341,-37.486109],[-73.34841,-37.486179],[-73.348487,-37.486242],[-73.348601,-37.486369],[-73.348696,-37.486494],[-73.34869,-37.486538],[-73.348581,-37.486578],[-73.348424,-37.48661]]]}, "properties" : {"id" : "44-44.b", "nombre_bloque" : "44.b", "territorio_padre" : 44, "color" : null}}, {"type" : "Feature", "geometry" : {"type":"Polygon","coordinates":[[[-73.348044,-37.48682],[-73.347939,-37.4867],[-73.347798,-37.486564],[-73.347611,-37.486393],[-73.347414,-37.486253],[-73.347195,-37.486175],[-73.34705,-37.485886],[-73.347157,-37.485863],[-73.347306,-37.485851],[-73.347445,-37.48585],[-73.347585,-37.485873],[-73.347685,-37.485924],[-73.347787,-37.486007],[-73.34787,-37.486101],[-73.347928,-37.486229],[-73.347946,-37.486304],[-73.347989,-37.486386],[-73.348083,-37.486483],[-73.348206,-37.486568],[-73.348314,-37.486723],[-73.348261,-37.486743],[-73.348044,-37.48682]]]}, "properties" : {"id" : "44-44.c", "nombre_bloque" : "44.c", "territorio_padre" : 44, "color" : null}}, {"type" : "Feature", "geometry" : {"type":"Polygon","coordinates":[[[-73.347178,-37.48627],[-73.347299,-37.486302],[-73.347565,-37.486418],[-73.347979,-37.486835],[-73.347601,-37.48701],[-73.347245,-37.487132],[-73.347175,-37.487001],[-73.347133,-37.486798],[-73.347133,-37.486794],[-73.347112,-37.486647],[-73.347126,-37.486428],[-73.34713,-37.486332],[-73.347178,-37.48627]]]}, "properties" : {"id" : "44-44.d", "nombre_bloque" : "44.d", "territorio_padre" : 44, "color" : null}}, {"type" : "Feature", "geometry" : {"type":"Polygon","coordinates":[[[-73.346816,-37.485515],[-73.34694,-37.485797],[-73.346726,-37.486018],[-73.346616,-37.48612],[-73.346506,-37.486218],[-73.346451,-37.486332],[-73.346385,-37.486401],[-73.346283,-37.486459],[-73.346209,-37.486514],[-73.346113,-37.486581],[-73.346065,-37.48657],[-73.34603,-37.486474],[-73.345912,-37.486371],[-73.345753,-37.486258],[-73.345917,-37.486014],[-73.346009,-37.485908],[-73.346216,-37.485775],[-73.346373,-37.485688],[-73.346816,-37.485515]]]}, "properties" : {"id" : "45-45.a", "nombre_bloque" : "45.a", "territorio_padre" : 45, "color" : null}}, {"type" : "Feature", "geometry" : {"type":"Polygon","coordinates":[[[-73.345652,-37.486248],[-73.345816,-37.486347],[-73.345955,-37.486442],[-73.346018,-37.486507],[-73.346025,-37.486573],[-73.345771,-37.486762],[-73.345591,-37.486779],[-73.345421,-37.486655],[-73.345652,-37.486248]]]}, "properties" : {"id" : "45-45.b", "nombre_bloque" : "45.b", "territorio_padre" : 45, "color" : null}}, {"type" : "Feature", "geometry" : {"type":"Polygon","coordinates":[[[-73.347078,-37.486035],[-73.347138,-37.486212],[-73.346884,-37.486332],[-73.346687,-37.486448],[-73.346556,-37.486554],[-73.346407,-37.486652],[-73.346316,-37.486674],[-73.346211,-37.48668],[-73.34616,-37.486666],[-73.346157,-37.486581],[-73.346234,-37.486535],[-73.346341,-37.486461],[-73.346423,-37.486414],[-73.346472,-37.486372],[-73.346514,-37.4863],[-73.346569,-37.486222],[-73.346648,-37.486155],[-73.346774,-37.486037],[-73.34695,-37.485857],[-73.347078,-37.486035]]]}, "properties" : {"id" : "45-45.c", "nombre_bloque" : "45.c", "territorio_padre" : 45, "color" : null}}, {"type" : "Feature", "geometry" : {"type":"Polygon","coordinates":[[[-73.347058,-37.486735],[-73.346945,-37.486774],[-73.346829,-37.486811],[-73.346805,-37.486857],[-73.34668,-37.486968],[-73.346537,-37.487101],[-73.346344,-37.487025],[-73.346188,-37.487026],[-73.34611,-37.487006],[-73.346061,-37.486857],[-73.346089,-37.486761],[-73.346163,-37.48667],[-73.346215,-37.486684],[-73.346306,-37.486677],[-73.346404,-37.486651],[-73.346555,-37.486557],[-73.346691,-37.486447],[-73.346764,-37.486439],[-73.346796,-37.486478],[-73.347068,-37.486349],[-73.347058,-37.486735]]]}, "properties" : {"id" : "45-45.d", "nombre_bloque" : "45.d", "territorio_padre" : 45, "color" : null}}, {"type" : "Feature", "geometry" : {"type":"Polygon","coordinates":[[[-73.347106,-37.487005],[-73.347206,-37.487169],[-73.347286,-37.487279],[-73.347345,-37.487367],[-73.34738,-37.487527],[-73.347321,-37.487543],[-73.347217,-37.487538],[-73.347094,-37.487457],[-73.347042,-37.487401],[-73.346933,-37.487314],[-73.346885,-37.487277],[-73.346791,-37.487224],[-73.346611,-37.487151],[-73.346773,-37.486985],[-73.346841,-37.486908],[-73.346868,-37.486863],[-73.347055,-37.486804],[-73.347106,-37.487005]]]}, "properties" : {"id" : "45-45.e", "nombre_bloque" : "45.e", "territorio_padre" : 45, "color" : null}}, {"type" : "Feature", "geometry" : {"type":"Polygon","coordinates":[[[-73.347774,-37.484254],[-73.347947,-37.484322],[-73.348015,-37.48439],[-73.34803,-37.48448],[-73.348047,-37.484601],[-73.347873,-37.484672],[-73.347583,-37.484795],[-73.347315,-37.484885],[-73.34719,-37.484432],[-73.347774,-37.484254]]]}, "properties" : {"id" : "46-46.a", "nombre_bloque" : "46.a", "territorio_padre" : 46, "color" : null}}, {"type" : "Feature", "geometry" : {"type":"Polygon","coordinates":[[[-73.347567,-37.484875],[-73.347618,-37.484835],[-73.347785,-37.484791],[-73.347973,-37.484704],[-73.34803,-37.484738],[-73.348122,-37.484821],[-73.348205,-37.484903],[-73.348234,-37.484971],[-73.348277,-37.485032],[-73.348306,-37.485088],[-73.348311,-37.485151],[-73.348204,-37.485192],[-73.348057,-37.485245],[-73.347978,-37.485279],[-73.347944,-37.48527],[-73.34788,-37.48522],[-73.34781,-37.485165],[-73.347745,-37.485104],[-73.347687,-37.485055],[-73.347641,-37.484996],[-73.347588,-37.48492],[-73.347567,-37.484875]]]}, "properties" : {"id" : "46-46.b", "nombre_bloque" : "46.b", "territorio_padre" : 46, "color" : null}}, {"type" : "Feature", "geometry" : {"type":"Polygon","coordinates":[[[-73.347039,-37.485261],[-73.346804,-37.485276],[-73.346477,-37.485288],[-73.346192,-37.485304],[-73.345979,-37.485361],[-73.34578,-37.485411],[-73.345727,-37.485269],[-73.345859,-37.485231],[-73.346059,-37.485187],[-73.346186,-37.485151],[-73.346323,-37.485121],[-73.346471,-37.485091],[-73.34668,-37.485058],[-73.346894,-37.485024],[-73.347107,-37.485],[-73.347483,-37.48491],[-73.347808,-37.485246],[-73.347825,-37.485281],[-73.347757,-37.485285],[-73.347676,-37.485259],[-73.3476,-37.485237],[-73.347528,-37.485203],[-73.347443,-37.485203],[-73.347219,-37.485223],[-73.347039,-37.485261]]]}, "properties" : {"id" : "46-46.c", "nombre_bloque" : "46.c", "territorio_padre" : 46, "color" : null}}, {"type" : "Feature", "geometry" : {"type":"Polygon","coordinates":[[[-73.346862,-37.4854],[-73.346713,-37.485479],[-73.346612,-37.485527],[-73.346377,-37.485626],[-73.346153,-37.485722],[-73.345975,-37.485869],[-73.345804,-37.485707],[-73.345757,-37.485589],[-73.345753,-37.485468],[-73.345872,-37.485417],[-73.346071,-37.485377],[-73.346226,-37.48536],[-73.346447,-37.485342],[-73.34663,-37.485337],[-73.346831,-37.485335],[-73.346862,-37.4854]]]}, "properties" : {"id" : "46-46.d", "nombre_bloque" : "46.d", "territorio_padre" : 46, "color" : null}}, {"type" : "Feature", "geometry" : {"type":"Polygon","coordinates":[[[-73.346468,-37.484991],[-73.345839,-37.485176],[-73.345873,-37.485014],[-73.345869,-37.48475],[-73.345765,-37.484474],[-73.345719,-37.484259],[-73.345915,-37.48426],[-73.346181,-37.484242],[-73.346468,-37.484991]]]}, "properties" : {"id" : "46-46.e", "nombre_bloque" : "46.e", "territorio_padre" : 46, "color" : null}}, {"type" : "Feature", "geometry" : {"type":"Polygon","coordinates":[[[-73.348786,-37.482604],[-73.349334,-37.482474],[-73.349463,-37.483046],[-73.34913,-37.483652],[-73.348284,-37.48431],[-73.348137,-37.484138],[-73.347896,-37.483898],[-73.347689,-37.48355],[-73.347555,-37.483287],[-73.347562,-37.48309],[-73.347546,-37.48293],[-73.347874,-37.482695],[-73.348239,-37.482448],[-73.348433,-37.482369],[-73.348552,-37.482244],[-73.348704,-37.48257],[-73.34848,-37.482651],[-73.348268,-37.482834],[-73.34806,-37.48299],[-73.348101,-37.483039],[-73.348298,-37.482892],[-73.348468,-37.482727],[-73.348712,-37.482634],[-73.348891,-37.48311],[-73.348403,-37.483229],[-73.348245,-37.483266],[-73.348117,-37.483327],[-73.348078,-37.48338],[-73.348065,-37.483433],[-73.348093,-37.483481],[-73.348143,-37.483558],[-73.348168,-37.483595],[-73.348208,-37.483624],[-73.348238,-37.483636],[-73.348276,-37.483643],[-73.348346,-37.483645],[-73.348487,-37.483605],[-73.348777,-37.483508],[-73.348914,-37.483442],[-73.34899,-37.483395],[-73.34902,-37.483352],[-73.349036,-37.483312],[-73.349029,-37.483246],[-73.348996,-37.483156],[-73.348786,-37.482604]]]}, "properties" : {"id" : "47-47.a", "nombre_bloque" : "47.a", "territorio_padre" : 47, "color" : null}}, {"type" : "Feature", "geometry" : {"type":"Polygon","coordinates":[[[-73.348915,-37.483154],[-73.348972,-37.483301],[-73.348954,-37.483333],[-73.348931,-37.483359],[-73.348879,-37.483395],[-73.348819,-37.483437],[-73.34861,-37.483511],[-73.348444,-37.48357],[-73.348339,-37.483595],[-73.348258,-37.48359],[-73.348217,-37.483559],[-73.348165,-37.483457],[-73.348143,-37.483401],[-73.348165,-37.483365],[-73.348296,-37.483304],[-73.348488,-37.483254],[-73.348915,-37.483154]]]}, "properties" : {"id" : "47-47.b", "nombre_bloque" : "47.b", "territorio_padre" : 47, "color" : null}}, {"type" : "Feature", "geometry" : {"type":"Polygon","coordinates":[[[-73.349348,-37.482464],[-73.349559,-37.482391],[-73.34969,-37.482679],[-73.349724,-37.482856],[-73.349726,-37.483124],[-73.349632,-37.483401],[-73.349539,-37.48353],[-73.349374,-37.483752],[-73.349101,-37.484041],[-73.348867,-37.484211],[-73.348595,-37.484406],[-73.348443,-37.484483],[-73.348373,-37.484474],[-73.348287,-37.484318],[-73.348584,-37.484137],[-73.349143,-37.483654],[-73.349468,-37.483045],[-73.349348,-37.482464]]]}, "properties" : {"id" : "47-47.c", "nombre_bloque" : "47.c", "territorio_padre" : 47, "color" : null}}, {"type" : "Feature", "geometry" : {"type":"Polygon","coordinates":[[[-73.3480495,-37.4846619],[-73.3483786,-37.4845258],[-73.3484537,-37.4845216],[-73.3487165,-37.4843939],[-73.3488721,-37.4842704],[-73.3491832,-37.4840235],[-73.349371,-37.4838192],[-73.3494758,-37.4836822],[-73.3495438,-37.4835642],[-73.3496821,-37.4833935],[-73.3497572,-37.4831594],[-73.3497679,-37.4829381],[-73.3497036,-37.4826188],[-73.349588,-37.4823309],[-73.3492637,-37.4819122],[-73.3494622,-37.4818185],[-73.3500719,-37.4827166],[-73.3498412,-37.4836148],[-73.3490151,-37.4842533],[-73.3488059,-37.4846194],[-73.348366,-37.484845],[-73.3482265,-37.484845],[-73.3480495,-37.4846619]]]}, "properties" : {"id" : "47-47.d", "nombre_bloque" : "47.d", "territorio_padre" : 47, "color" : null}}, {"type" : "Feature", "geometry" : {"type":"Polygon","coordinates":[[[-73.348613,-37.482139],[-73.349208,-37.481959],[-73.349513,-37.482343],[-73.349088,-37.482468],[-73.348762,-37.482537],[-73.348597,-37.482204],[-73.348613,-37.482139]]]}, "properties" : {"id" : "47-47.e", "nombre_bloque" : "47.e", "territorio_padre" : 47, "color" : null}}, {"type" : "Feature", "geometry" : {"type":"Polygon","coordinates":[[[-73.3461331,-37.4826947],[-73.3452778,-37.4830692],[-73.3451869,-37.4829972],[-73.3449059,-37.4826252],[-73.3446199,-37.4822622],[-73.3443219,-37.4818902],[-73.3440899,-37.4816052],[-73.3450249,-37.4811042],[-73.3453149,-37.4815402],[-73.3452809,-37.4817142],[-73.3452569,-37.4818382],[-73.3452659,-37.4819552],[-73.3453069,-37.4820312],[-73.3453449,-37.4820982],[-73.3454719,-37.4821672],[-73.3457029,-37.4822672],[-73.3458839,-37.4823542],[-73.3461331,-37.4826947]]]}, "properties" : {"id" : "48-48.a", "nombre_bloque" : "48.a", "territorio_padre" : 48, "color" : null}}, {"type" : "Feature", "geometry" : {"type":"Polygon","coordinates":[[[-73.347394,-37.482872],[-73.346478,-37.483028],[-73.346417,-37.482999],[-73.346203,-37.482735],[-73.345944,-37.482366],[-73.346099,-37.482329],[-73.346262,-37.4823],[-73.34649,-37.482272],[-73.346663,-37.482265],[-73.346994,-37.482314],[-73.347454,-37.482393],[-73.347607,-37.482402],[-73.347722,-37.482432],[-73.348172,-37.482388],[-73.347394,-37.482872]]]}, "properties" : {"id" : "48-48.b", "nombre_bloque" : "48.b", "territorio_padre" : 48, "color" : null}}, {"type" : "Feature", "geometry" : {"type":"Polygon","coordinates":[[[-73.3461455,-37.4827331],[-73.3464271,-37.4830801],[-73.3455957,-37.4834504],[-73.3453113,-37.4830886],[-73.3461455,-37.4827331]]]}, "properties" : {"id" : "48-48.c", "nombre_bloque" : "48.c", "territorio_padre" : 48, "color" : null}}, {"type" : "Feature", "geometry" : {"type":"Polygon","coordinates":[[[-73.345638,-37.483534],[-73.346104,-37.483313],[-73.346517,-37.483105],[-73.34743,-37.483012],[-73.347419,-37.483356],[-73.347587,-37.483673],[-73.347771,-37.484001],[-73.3476963,-37.4841751],[-73.347376,-37.484332],[-73.347239,-37.484287],[-73.347161,-37.484183],[-73.347142,-37.484131],[-73.347159,-37.484069],[-73.34719,-37.484002],[-73.347212,-37.48394],[-73.347206,-37.483852],[-73.347181,-37.483776],[-73.347142,-37.483685],[-73.34708,-37.483579],[-73.347022,-37.48351],[-73.34692,-37.483415],[-73.346796,-37.483415],[-73.346738,-37.483439],[-73.346673,-37.483504],[-73.346602,-37.483555],[-73.346541,-37.483635],[-73.346526,-37.483721],[-73.346467,-37.483873],[-73.346338,-37.48397],[-73.346329,-37.483973],[-73.346227,-37.484029],[-73.346076,-37.48408],[-73.346067,-37.484083],[-73.345923,-37.484118],[-73.345823,-37.484116],[-73.345713,-37.484099],[-73.345644,-37.484082],[-73.345654,-37.483966],[-73.345717,-37.48385],[-73.345751,-37.483772],[-73.34573,-37.4837],[-73.345638,-37.483534]]]}, "properties" : {"id" : "48-48.d", "nombre_bloque" : "48.d", "territorio_padre" : 48, "color" : null}}, {"type" : "Feature", "geometry" : {"type":"Polygon","coordinates":[[[-73.346112,-37.481553],[-73.345498,-37.481828],[-73.345275,-37.481369],[-73.346848,-37.480681],[-73.34704,-37.481241],[-73.346112,-37.481553]]]}, "properties" : {"id" : "49-49.a", "nombre_bloque" : "49.a", "territorio_padre" : 49, "color" : null}}, {"type" : "Feature", "geometry" : {"type":"Polygon","coordinates":[[[-73.34742,-37.482338],[-73.346729,-37.482203],[-73.346518,-37.482206],[-73.346347,-37.482211],[-73.346107,-37.482247],[-73.345842,-37.482301],[-73.345742,-37.482258],[-73.345464,-37.482128],[-73.345391,-37.48207],[-73.345314,-37.481992],[-73.345284,-37.481912],[-73.345287,-37.481791],[-73.345329,-37.481644],[-73.345394,-37.481731],[-73.345359,-37.481771],[-73.345447,-37.481927],[-73.345487,-37.48191],[-73.345646,-37.481851],[-73.345953,-37.481731],[-73.346429,-37.481526],[-73.346634,-37.481463],[-73.347041,-37.481304],[-73.347165,-37.481617],[-73.347279,-37.481872],[-73.347395,-37.482118],[-73.347464,-37.482314],[-73.34742,-37.482338]]]}, "properties" : {"id" : "49-49.b", "nombre_bloque" : "49.b", "territorio_padre" : 49, "color" : null}}, {"type" : "Feature", "geometry" : {"type":"Polygon","coordinates":[[[-73.347907,-37.481886],[-73.347575,-37.481375],[-73.34754,-37.481219],[-73.347552,-37.480939],[-73.3475872,-37.4808332],[-73.347595,-37.48052],[-73.347548,-37.480349],[-73.348253,-37.47998],[-73.348183,-37.480593],[-73.34813,-37.480949],[-73.348102,-37.481266],[-73.348151,-37.481364],[-73.348193,-37.481494],[-73.348255,-37.481656],[-73.348344,-37.48182],[-73.348439,-37.482021],[-73.348445,-37.482146],[-73.348252,-37.482372],[-73.347907,-37.481886]]]}, "properties" : {"id" : "50-50.a", "nombre_bloque" : "50.a", "territorio_padre" : 50, "color" : null}}, {"type" : "Feature", "geometry" : {"type":"Polygon","coordinates":[[[-73.348132,-37.482327],[-73.347726,-37.482378],[-73.347643,-37.48235],[-73.347447,-37.481936],[-73.347273,-37.481484],[-73.347145,-37.481133],[-73.346951,-37.480627],[-73.347473,-37.480375],[-73.347522,-37.480601],[-73.347476,-37.481179],[-73.347468,-37.481278],[-73.347535,-37.481483],[-73.348132,-37.482327]]]}, "properties" : {"id" : "50-50.b", "nombre_bloque" : "50.b", "territorio_padre" : 50, "color" : null}}, {"type" : "Feature", "geometry" : {"type":"Polygon","coordinates":[[[-73.349508,-37.479305],[-73.349609,-37.479103],[-73.34964,-37.478978],[-73.349663,-37.478861],[-73.349619,-37.478785],[-73.349656,-37.478641],[-73.349639,-37.47849],[-73.349604,-37.478298],[-73.349511,-37.478121],[-73.349471,-37.478007],[-73.349346,-37.477815],[-73.349468,-37.477743],[-73.349633,-37.478024],[-73.34969,-37.478163],[-73.349753,-37.478332],[-73.349786,-37.478417],[-73.349812,-37.478599],[-73.349806,-37.47875],[-73.349782,-37.478911],[-73.349719,-37.479146],[-73.349671,-37.479249],[-73.349604,-37.479343],[-73.349508,-37.479305]]]}, "properties" : {"id" : "51-51.a", "nombre_bloque" : "51.a", "territorio_padre" : 51, "color" : null}}, {"type" : "Feature", "geometry" : {"type":"Polygon","coordinates":[[[-73.3498622,-37.4794686],[-73.3496905,-37.479392],[-73.3497993,-37.4792171],[-73.3498905,-37.4789873],[-73.3499226,-37.4787914],[-73.3499656,-37.4786084],[-73.3499495,-37.4784338],[-73.3498797,-37.4781827],[-73.3497885,-37.4779826],[-73.3496705,-37.4777867],[-73.3495632,-37.4776207],[-73.3494077,-37.4774419],[-73.3493755,-37.4773525],[-73.3495042,-37.4773057],[-73.3496383,-37.4773738],[-73.3497403,-37.4776079],[-73.3498851,-37.4778293],[-73.3500085,-37.4780635],[-73.350105,-37.4783529],[-73.3501479,-37.4786126],[-73.3501479,-37.4787957],[-73.3500889,-37.4790171],[-73.3500085,-37.4792299],[-73.3498622,-37.4794686]]]}, "properties" : {"id" : "51-51.b", "nombre_bloque" : "51.b", "territorio_padre" : 51, "color" : null}}, {"type" : "Feature", "geometry" : {"type":"Polygon","coordinates":[[[-73.3496905,-37.479392],[-73.3498622,-37.4794686],[-73.3497817,-37.479592],[-73.349728,-37.4796942],[-73.3495671,-37.4799411],[-73.3494384,-37.4802093],[-73.349315,-37.480469],[-73.3491594,-37.4806563],[-73.3490682,-37.4808521],[-73.3490307,-37.4810054],[-73.3490253,-37.4812565],[-73.3491648,-37.4814736],[-73.3492935,-37.4816269],[-73.3493686,-37.4817801],[-73.3493901,-37.4818482],[-73.3492184,-37.4819291],[-73.3490521,-37.481678],[-73.348977,-37.4814949],[-73.3488697,-37.4812395],[-73.3488697,-37.4810862],[-73.3488697,-37.4808521],[-73.3489717,-37.4806052],[-73.3491862,-37.4802519],[-73.3492935,-37.4800475],[-73.3494276,-37.4798517],[-73.3495886,-37.4796346],[-73.3496905,-37.479392]]]}, "properties" : {"id" : "51-51.c", "nombre_bloque" : "51.c", "territorio_padre" : 51, "color" : null}}, {"type" : "Feature", "geometry" : {"type":"Polygon","coordinates":[[[-73.349151,-37.481918],[-73.348605,-37.482077],[-73.348309,-37.481215],[-73.348361,-37.48051],[-73.348666,-37.480424],[-73.348821,-37.48037],[-73.348887,-37.480303],[-73.34919,-37.479753],[-73.349459,-37.479367],[-73.349561,-37.479418],[-73.349328,-37.479779],[-73.349154,-37.480063],[-73.348988,-37.480306],[-73.348845,-37.480576],[-73.348754,-37.48076],[-73.348703,-37.480984],[-73.348728,-37.481211],[-73.348853,-37.481519],[-73.349151,-37.481918]]]}, "properties" : {"id" : "51-51.d", "nombre_bloque" : "51.d", "territorio_padre" : 51, "color" : null}}, {"type" : "Feature", "geometry" : {"type":"Polygon","coordinates":[[[-73.348305,-37.48045],[-73.348347,-37.47999],[-73.348334,-37.479835],[-73.348295,-37.479503],[-73.348343,-37.479441],[-73.348801,-37.479229],[-73.349076,-37.479097],[-73.349291,-37.478982],[-73.34948,-37.478861],[-73.349552,-37.478875],[-73.349535,-37.479022],[-73.349502,-37.479156],[-73.3494,-37.479307],[-73.349331,-37.479414],[-73.349227,-37.479547],[-73.34914,-37.479677],[-73.34908,-37.479786],[-73.349005,-37.479922],[-73.348925,-37.480026],[-73.348924,-37.480031],[-73.348882,-37.480129],[-73.348793,-37.48024],[-73.348728,-37.480309],[-73.348651,-37.480351],[-73.348341,-37.480434],[-73.348305,-37.48045]]]}, "properties" : {"id" : "51-51.e", "nombre_bloque" : "51.e", "territorio_padre" : 51, "color" : null}}, {"type" : "Feature", "geometry" : {"type":"Polygon","coordinates":[[[-73.346868,-37.477563],[-73.346594,-37.477231],[-73.346534,-37.477173],[-73.346916,-37.476955],[-73.34714,-37.476829],[-73.347223,-37.476787],[-73.347338,-37.476759],[-73.347414,-37.476767],[-73.347938,-37.476982],[-73.346868,-37.477563]]]}, "properties" : {"id" : "52-52.a", "nombre_bloque" : "52.a", "territorio_padre" : 52, "color" : null}}, {"type" : "Feature", "geometry" : {"type":"Polygon","coordinates":[[[-73.347607,-37.478561],[-73.34687,-37.477671],[-73.348008,-37.477072],[-73.348733,-37.477322],[-73.34917,-37.477395],[-73.349281,-37.477682],[-73.347607,-37.478561]]]}, "properties" : {"id" : "52-52.b", "nombre_bloque" : "52.b", "territorio_padre" : 52, "color" : null}}, {"type" : "Feature", "geometry" : {"type":"Polygon","coordinates":[[[-73.3495452,-37.4782684],[-73.3495842,-37.4784064],[-73.3495962,-37.4785834],[-73.3495742,-37.4786934],[-73.3491045,-37.4790211],[-73.3482969,-37.4793438],[-73.3477022,-37.4785984],[-73.3493102,-37.4777824],[-73.3495452,-37.4782684]]]}, "properties" : {"id" : "52-52.c", "nombre_bloque" : "52.c", "territorio_padre" : 52, "color" : null}}, {"type" : "Feature", "geometry" : {"type":"Polygon","coordinates":[[[-73.347574,-37.478627],[-73.34659,-37.479133],[-73.346482,-37.479003],[-73.346416,-37.478914],[-73.346361,-37.478817],[-73.346317,-37.478735],[-73.346292,-37.478662],[-73.346292,-37.478602],[-73.346323,-37.478545],[-73.34639,-37.478479],[-73.346487,-37.478422],[-73.346616,-37.478338],[-73.347136,-37.478065],[-73.347574,-37.478627]]]}, "properties" : {"id" : "53-53.a", "nombre_bloque" : "53.a", "territorio_padre" : 53, "color" : null}}, {"type" : "Feature", "geometry" : {"type":"Polygon","coordinates":[[[-73.347946,-37.479139],[-73.347192,-37.47949],[-73.347173,-37.479479],[-73.346965,-37.479571],[-73.346637,-37.479177],[-73.347596,-37.478684],[-73.347946,-37.479139]]]}, "properties" : {"id" : "53-53.b", "nombre_bloque" : "53.b", "territorio_padre" : 53, "color" : null}}, {"type" : "Feature", "geometry" : {"type":"Polygon","coordinates":[[[-73.346994,-37.479619],[-73.347193,-37.479521],[-73.347201,-37.479511],[-73.347198,-37.479501],[-73.347964,-37.479154],[-73.348195,-37.479435],[-73.347215,-37.479899],[-73.346994,-37.479619]]]}, "properties" : {"id" : "53-53.c", "nombre_bloque" : "53.c", "territorio_padre" : 53, "color" : null}}, {"type" : "Feature", "geometry" : {"type":"Polygon","coordinates":[[[-73.347502,-37.48025],[-73.347282,-37.479978],[-73.348233,-37.479512],[-73.34827,-37.479865],[-73.347502,-37.48025]]]}, "properties" : {"id" : "53-53.d", "nombre_bloque" : "53.d", "territorio_padre" : 53, "color" : null}}, {"type" : "Feature", "geometry" : {"type":"Polygon","coordinates":[[[-73.345449,-37.480201],[-73.345136,-37.480353],[-73.344714,-37.480571],[-73.344503,-37.480259],[-73.344813,-37.480106],[-73.345054,-37.479993],[-73.34531,-37.47987],[-73.345689,-37.479688],[-73.346019,-37.479529],[-73.346532,-37.479223],[-73.346579,-37.479204],[-73.346846,-37.479537],[-73.345449,-37.480201]]]}, "properties" : {"id" : "54-54.a", "nombre_bloque" : "54.a", "territorio_padre" : 54, "color" : null}}, {"type" : "Feature", "geometry" : {"type":"Polygon","coordinates":[[[-73.347131,-37.479949],[-73.346189,-37.480428],[-73.345623,-37.480716],[-73.345012,-37.481015],[-73.344749,-37.480619],[-73.345038,-37.480467],[-73.34524,-37.480367],[-73.345466,-37.480252],[-73.345717,-37.480135],[-73.346094,-37.479957],[-73.346882,-37.479582],[-73.347131,-37.479949]]]}, "properties" : {"id" : "54-54.b", "nombre_bloque" : "54.b", "territorio_padre" : 54, "color" : null}}, {"type" : "Feature", "geometry" : {"type":"Polygon","coordinates":[[[-73.34523,-37.481316],[-73.345063,-37.481076],[-73.347178,-37.480039],[-73.347374,-37.480329],[-73.34523,-37.481316]]]}, "properties" : {"id" : "54-54.c", "nombre_bloque" : "54.c", "territorio_padre" : 54, "color" : null}}, {"type" : "Feature", "geometry" : {"type":"Polygon","coordinates":[[[-73.3437834,-37.4794179],[-73.3441267,-37.4797712],[-73.3437136,-37.4799883],[-73.3434132,-37.4801714],[-73.3430431,-37.4804438],[-73.3429894,-37.4804821],[-73.3422331,-37.4799032],[-73.3429358,-37.4797329],[-73.3434079,-37.4795669],[-73.3437834,-37.4794179]]]}, "properties" : {"id" : "55-55.a", "nombre_bloque" : "55.a", "territorio_padre" : 55, "color" : null}}, {"type" : "Feature", "geometry" : {"type":"Polygon","coordinates":[[[-73.34443,-37.480242],[-73.344017,-37.480443],[-73.343652,-37.48067],[-73.343333,-37.480866],[-73.34325,-37.480778],[-73.342969,-37.480525],[-73.343138,-37.480402],[-73.343297,-37.480295],[-73.343448,-37.480197],[-73.343623,-37.480089],[-73.3438,-37.479966],[-73.344005,-37.479861],[-73.344109,-37.479822],[-73.34443,-37.480242]]]}, "properties" : {"id" : "55-55.b", "nombre_bloque" : "55.b", "territorio_padre" : 55, "color" : null}}, {"type" : "Feature", "geometry" : {"type":"Polygon","coordinates":[[[-73.344661,-37.480604],[-73.34443,-37.480751],[-73.344047,-37.48102],[-73.34377,-37.481258],[-73.34358,-37.481188],[-73.343555,-37.481136],[-73.343372,-37.480905],[-73.343614,-37.480755],[-73.343868,-37.4806],[-73.344052,-37.480494],[-73.344261,-37.480383],[-73.344441,-37.480294],[-73.344661,-37.480604]]]}, "properties" : {"id" : "55-55.c", "nombre_bloque" : "55.c", "territorio_padre" : 55, "color" : null}}, {"type" : "Feature", "geometry" : {"type":"Polygon","coordinates":[[[-73.344951,-37.481048],[-73.344066,-37.481547],[-73.343824,-37.481287],[-73.344031,-37.48111],[-73.344144,-37.481027],[-73.344378,-37.480855],[-73.344692,-37.480651],[-73.344951,-37.481048]]]}, "properties" : {"id" : "55-55.d", "nombre_bloque" : "55.d", "territorio_padre" : 55, "color" : null}}, {"type" : "Feature", "geometry" : {"type":"Polygon","coordinates":[[[-73.346637,-37.477716],[-73.34636,-37.477874],[-73.34627,-37.477938],[-73.346005,-37.478154],[-73.345853,-37.478324],[-73.345766,-37.478401],[-73.345712,-37.478467],[-73.345553,-37.478779],[-73.34548,-37.478926],[-73.345409,-37.479011],[-73.345363,-37.479053],[-73.345165,-37.479196],[-73.345053,-37.479271],[-73.344934,-37.479356],[-73.344814,-37.479422],[-73.344587,-37.479536],[-73.344434,-37.479608],[-73.344331,-37.479663],[-73.344157,-37.479743],[-73.3440957,-37.4797412],[-73.3440183,-37.4796544],[-73.3438843,-37.4795022],[-73.3438339,-37.4794452],[-73.3437899,-37.4793751],[-73.344368,-37.478978],[-73.344844,-37.478677],[-73.345201,-37.478437],[-73.345486,-37.47822],[-73.345589,-37.478126],[-73.345848,-37.477786],[-73.346337,-37.477316],[-73.346472,-37.477219],[-73.346549,-37.477279],[-73.346814,-37.47763],[-73.346637,-37.477716]]]}, "properties" : {"id" : "56-56.a", "nombre_bloque" : "56.a", "territorio_padre" : 56, "color" : null}}, {"type" : "Feature", "geometry" : {"type":"Polygon","coordinates":[[[-73.346671,-37.478248],[-73.346379,-37.478424],[-73.346298,-37.478485],[-73.346255,-37.478538],[-73.346227,-37.47858],[-73.346223,-37.478636],[-73.346238,-37.478712],[-73.346301,-37.478845],[-73.346373,-37.47897],[-73.346534,-37.47916],[-73.34597,-37.479498],[-73.345495,-37.47973],[-73.344451,-37.48022],[-73.344141,-37.479804],[-73.344231,-37.47977],[-73.344366,-37.479702],[-73.344612,-37.479581],[-73.344778,-37.479498],[-73.344956,-37.479402],[-73.345095,-37.479305],[-73.345274,-37.47918],[-73.345448,-37.479051],[-73.345556,-37.478898],[-73.345785,-37.478456],[-73.345946,-37.478294],[-73.346087,-37.478152],[-73.346273,-37.478005],[-73.346401,-37.477913],[-73.346637,-37.477769],[-73.346833,-37.477678],[-73.347099,-37.478026],[-73.346671,-37.478248]]]}, "properties" : {"id" : "56-56.b", "nombre_bloque" : "56.b", "territorio_padre" : 56, "color" : null}}, {"type" : "Feature", "geometry" : {"type":"Polygon","coordinates":[[[-73.3429658,-37.4781283],[-73.3431656,-37.4782986],[-73.343065,-37.4783795],[-73.3428438,-37.4782039],[-73.3429658,-37.4781283]]]}, "properties" : {"id" : "57-57.a", "nombre_bloque" : "57.a", "territorio_padre" : 57, "color" : null}}, {"type" : "Feature", "geometry" : {"type":"Polygon","coordinates":[[[-73.3427767,-37.4782294],[-73.3430087,-37.4784114],[-73.3429068,-37.4784891],[-73.3426681,-37.4783146],[-73.3427767,-37.4782294]]]}, "properties" : {"id" : "57-57.b", "nombre_bloque" : "57.b", "territorio_padre" : 57, "color" : null}}, {"type" : "Feature", "geometry" : {"type":"Polygon","coordinates":[[[-73.3426166,-37.4783261],[-73.3428298,-37.47849],[-73.3427225,-37.4785879],[-73.3424999,-37.4784038],[-73.3426166,-37.4783261]]]}, "properties" : {"id" : "57-57.c", "nombre_bloque" : "57.c", "territorio_padre" : 57, "color" : null}}, {"type" : "Feature", "geometry" : {"type":"Polygon","coordinates":[[[-73.3424154,-37.4784038],[-73.3426192,-37.4785624],[-73.3425079,-37.4786582],[-73.342296,-37.4784964],[-73.3424154,-37.4784038]]]}, "properties" : {"id" : "57-57.d", "nombre_bloque" : "57.d", "territorio_padre" : 57, "color" : null}}, {"type" : "Feature", "geometry" : {"type":"Polygon","coordinates":[[[-73.3426367,-37.4785709],[-73.3427708,-37.4786805],[-73.3426072,-37.4788359],[-73.3424517,-37.4787221],[-73.3426367,-37.4785709]]]}, "properties" : {"id" : "57-57.e", "nombre_bloque" : "57.e", "territorio_padre" : 57, "color" : null}}, {"type" : "Feature", "geometry" : {"type":"Polygon","coordinates":[[[-73.3435176,-37.478368],[-73.3435502,-37.4783527],[-73.3435989,-37.4783383],[-73.3436489,-37.4782993],[-73.3437958,-37.4782218],[-73.343889,-37.4780975],[-73.343949,-37.4780865],[-73.343991,-37.4780815],[-73.344033,-37.4780915],[-73.344156,-37.4781535],[-73.344008,-37.4783525],[-73.343576,-37.4785725],[-73.343577,-37.4786035],[-73.343598,-37.4786235],[-73.343631,-37.4786155],[-73.343876,-37.4784825],[-73.34433,-37.4789325],[-73.343917,-37.4791435],[-73.343407,-37.4793885],[-73.343126,-37.4794175],[-73.342597,-37.4794055],[-73.342101,-37.4793565],[-73.341993,-37.4793405],[-73.341729,-37.4794485],[-73.341381,-37.4790245],[-73.3422345,-37.4785267],[-73.342473,-37.4787969],[-73.3425426,-37.4788478],[-73.3426122,-37.4788562],[-73.3426751,-37.4788252],[-73.3427219,-37.4787687],[-73.3428263,-37.4786727],[-73.3434475,-37.4783909],[-73.3435176,-37.478368]]]}, "properties" : {"id" : "57-57.f", "nombre_bloque" : "57.f", "territorio_padre" : 57, "color" : null}}, {"type" : "Feature", "geometry" : {"type":"Polygon","coordinates":[[[-73.342615,-37.479719],[-73.342136,-37.479849],[-73.341773,-37.479496],[-73.341865,-37.47946],[-73.341981,-37.479426],[-73.342111,-37.479442],[-73.342417,-37.479483],[-73.342776,-37.479544],[-73.343131,-37.479543],[-73.342615,-37.479719]]]}, "properties" : {"id" : "57-57.g", "nombre_bloque" : "57.g", "territorio_padre" : 57, "color" : null}}, {"type" : "Feature", "geometry" : {"type":"Polygon","coordinates":[[[-73.348967,-37.477258],[-73.3488,-37.477232],[-73.348515,-37.477095],[-73.348141,-37.476943],[-73.347771,-37.476794],[-73.3475,-37.476681],[-73.347384,-37.476645],[-73.347296,-37.476639],[-73.347185,-37.476673],[-73.346986,-37.476751],[-73.3465743,-37.476978],[-73.346085,-37.476695],[-73.346592,-37.476527],[-73.346956,-37.476465],[-73.347295,-37.476456],[-73.347553,-37.476492],[-73.347875,-37.47657],[-73.348084,-37.476636],[-73.348383,-37.476747],[-73.348596,-37.47686],[-73.348866,-37.47701],[-73.349065,-37.477143],[-73.348967,-37.477258]]]}, "properties" : {"id" : "58-58.a", "nombre_bloque" : "58.a", "territorio_padre" : 58, "color" : null}}, {"type" : "Feature", "geometry" : {"type":"Polygon","coordinates":[[[-73.344688,-37.478306],[-73.344733,-37.47822],[-73.344755,-37.47807],[-73.344786,-37.47794],[-73.344834,-37.477763],[-73.344874,-37.477558],[-73.344863,-37.477418],[-73.344875,-37.477391],[-73.344912,-37.477356],[-73.345466,-37.477043],[-73.34565,-37.476914],[-73.345987,-37.476723],[-73.346157,-37.476913],[-73.34607,-37.476974],[-73.345887,-37.477177],[-73.34559,-37.477514],[-73.345391,-37.477714],[-73.345358,-37.477756],[-73.345361,-37.47779],[-73.345385,-37.477801],[-73.345421,-37.477789],[-73.345522,-37.477684],[-73.345681,-37.477497],[-73.34589,-37.477287],[-73.346107,-37.477025],[-73.346192,-37.476972],[-73.346359,-37.477168],[-73.346055,-37.477433],[-73.345844,-37.477624],[-73.345677,-37.477796],[-73.34551,-37.478083],[-73.345251,-37.478323],[-73.345056,-37.478452],[-73.344978,-37.478368],[-73.345013,-37.47829],[-73.345051,-37.478214],[-73.34509,-37.47812],[-73.345115,-37.478086],[-73.34515,-37.478054],[-73.345162,-37.478027],[-73.345149,-37.478016],[-73.345128,-37.478011],[-73.345101,-37.478019],[-73.345045,-37.478074],[-73.345001,-37.478135],[-73.344976,-37.478218],[-73.344939,-37.478295],[-73.344908,-37.478344],[-73.34491,-37.478392],[-73.34501,-37.478489],[-73.34492,-37.478554],[-73.344688,-37.478306]]]}, "properties" : {"id" : "58-58.b", "nombre_bloque" : "58.b", "territorio_padre" : 58, "color" : null}}, {"type" : "Feature", "geometry" : {"type":"Polygon","coordinates":[[[-73.344386,-37.478903],[-73.34394,-37.478458],[-73.344057,-37.478403],[-73.344118,-37.478363],[-73.344169,-37.478288],[-73.344232,-37.478205],[-73.344285,-37.478191],[-73.34434,-37.478212],[-73.344436,-37.478236],[-73.344618,-37.478326],[-73.344871,-37.47859],[-73.344386,-37.478903]]]}, "properties" : {"id" : "58-58.c", "nombre_bloque" : "58.c", "territorio_padre" : 58, "color" : null}}, {"type" : "Feature", "geometry" : {"type":"Polygon","coordinates":[[[-73.34521,-37.475912],[-73.345179,-37.475928],[-73.344881,-37.476754],[-73.344468,-37.476987],[-73.343517,-37.475969],[-73.34468,-37.475295],[-73.34521,-37.475912]]]}, "properties" : {"id" : "59-59.a", "nombre_bloque" : "59.a", "territorio_padre" : 59, "color" : null}}, {"type" : "Feature", "geometry" : {"type":"Polygon","coordinates":[[[-73.343507,-37.477607],[-73.343377,-37.477453],[-73.343344,-37.477408],[-73.343275,-37.477367],[-73.343217,-37.477333],[-73.342957,-37.477326],[-73.343174,-37.475745],[-73.344445,-37.477093],[-73.343507,-37.477607]]]}, "properties" : {"id" : "59-59.b", "nombre_bloque" : "59.b", "territorio_padre" : 59, "color" : null}}, {"type" : "Feature", "geometry" : {"type":"Polygon","coordinates":[[[-73.343072,-37.477835],[-73.342936,-37.477618],[-73.342935,-37.477558],[-73.342942,-37.477382],[-73.342995,-37.477379],[-73.343068,-37.477381],[-73.343158,-37.477383],[-73.343242,-37.477408],[-73.343295,-37.477455],[-73.343435,-37.47765],[-73.343072,-37.477835]]]}, "properties" : {"id" : "59-59.c", "nombre_bloque" : "59.c", "territorio_padre" : 59, "color" : null}}, {"type" : "Feature", "geometry" : {"type":"Polygon","coordinates":[[[-73.343943,-37.474502],[-73.344193,-37.474778],[-73.344412,-37.475007],[-73.344623,-37.475241],[-73.343459,-37.475909],[-73.343197,-37.475628],[-73.343221,-37.475467],[-73.343253,-37.475237],[-73.343265,-37.475085],[-73.343281,-37.474924],[-73.343316,-37.47474],[-73.343362,-37.474514],[-73.34338,-37.474411],[-73.343943,-37.474502]]]}, "properties" : {"id" : "60-60.a", "nombre_bloque" : "60.a", "territorio_padre" : 60, "color" : null}}, {"type" : "Feature", "geometry" : {"type":"Polygon","coordinates":[[[-73.344702,-37.4752],[-73.344085,-37.474519],[-73.345691,-37.474611],[-73.344702,-37.4752]]]}, "properties" : {"id" : "60-60.b", "nombre_bloque" : "60.b", "territorio_padre" : 60, "color" : null}}, {"type" : "Feature", "geometry" : {"type":"Polygon","coordinates":[[[-73.345804,-37.474704],[-73.345274,-37.475872],[-73.344751,-37.475249],[-73.345781,-37.474629],[-73.345804,-37.474704]]]}, "properties" : {"id" : "60-60.c", "nombre_bloque" : "60.c", "territorio_padre" : 60, "color" : null}}, {"type" : "Feature", "geometry" : {"type":"Polygon","coordinates":[[[-73.346567,-37.474856],[-73.346016,-37.474715],[-73.345873,-37.474674],[-73.345881,-37.474647],[-73.345875,-37.474618],[-73.345868,-37.474598],[-73.345847,-37.474574],[-73.345867,-37.474561],[-73.345898,-37.47454],[-73.345939,-37.474531],[-73.345988,-37.474527],[-73.3466,-37.47455],[-73.346567,-37.474856]]]}, "properties" : {"id" : "60-60.d", "nombre_bloque" : "60.d", "territorio_padre" : 60, "color" : null}}, {"type" : "Feature", "geometry" : {"type":"Polygon","coordinates":[[[-73.3553386,-37.4676124],[-73.3554888,-37.4675315],[-73.3555344,-37.4675549],[-73.3558214,-37.4677487],[-73.3561138,-37.4679594],[-73.3565537,-37.468217],[-73.3564222,-37.4683618],[-73.3562398,-37.4682681],[-73.3559958,-37.468117],[-73.3557651,-37.4679594],[-73.3555586,-37.4678253],[-73.3554045,-37.4677593],[-73.3553386,-37.4676124]]]}, "properties" : {"id" : "20-20.a", "nombre_bloque" : "20.a", "territorio_padre" : 20, "color" : null}}, {"type" : "Feature", "geometry" : {"type":"Polygon","coordinates":[[[-73.3564318,-37.4684043],[-73.3562092,-37.46863],[-73.3555413,-37.4681787],[-73.3557585,-37.467985],[-73.3564318,-37.4684043]]]}, "properties" : {"id" : "20-20.b", "nombre_bloque" : "20.b", "territorio_padre" : 20, "color" : null}}, {"type" : "Feature", "geometry" : {"type":"Polygon","coordinates":[[[-73.3554436,-37.4678222],[-73.3556649,-37.4679564],[-73.3554517,-37.4681618],[-73.3552009,-37.468017],[-73.3554436,-37.4678222]]]}, "properties" : {"id" : "20-20.c", "nombre_bloque" : "20.c", "territorio_padre" : 20, "color" : null}}, {"type" : "Feature", "geometry" : {"type":"Polygon","coordinates":[[[-73.3561743,-37.4686683],[-73.3559463,-37.4688961],[-73.3552865,-37.4684512],[-73.3554984,-37.4682298],[-73.3561743,-37.4686683]]]}, "properties" : {"id" : "20-20.d", "nombre_bloque" : "20.d", "territorio_padre" : 20, "color" : null}}, {"type" : "Feature", "geometry" : {"type":"Polygon","coordinates":[[[-73.355442,-37.4681893],[-73.3552623,-37.4683788],[-73.3550075,-37.4682042],[-73.3552007,-37.4680297],[-73.355442,-37.4681893]]]}, "properties" : {"id" : "20-20.e", "nombre_bloque" : "20.e", "territorio_padre" : 20, "color" : null}}, {"type" : "Feature", "geometry" : {"type":"Polygon","coordinates":[[[-73.3554045,-37.4677593],[-73.3549593,-37.4681851],[-73.3548251,-37.4680531],[-73.3547822,-37.4680871],[-73.3549002,-37.4682149],[-73.3546159,-37.4684363],[-73.3540902,-37.4685214],[-73.3539078,-37.4687088],[-73.3537952,-37.4686534],[-73.3539186,-37.4684661],[-73.3548949,-37.4677423],[-73.3552865,-37.4675933],[-73.3554045,-37.4677593]]]}, "properties" : {"id" : "20-20.f", "nombre_bloque" : "20.f", "territorio_padre" : 20, "color" : null}}, {"type" : "Feature", "geometry" : {"type":"Polygon","coordinates":[[[-73.3558927,-37.4689216],[-73.3554581,-37.4694028],[-73.3543745,-37.4688024],[-73.3542458,-37.4689259],[-73.3539454,-37.4687513],[-73.3541492,-37.4685683],[-73.354455,-37.4685299],[-73.3545784,-37.4685172],[-73.3546535,-37.4684789],[-73.35497,-37.468266],[-73.355206,-37.4684192],[-73.3552221,-37.4684959],[-73.3558927,-37.4689216]]]}, "properties" : {"id" : "20-20.g", "nombre_bloque" : "20.g", "territorio_padre" : 20, "color" : null}}, {"type" : "Feature", "geometry" : {"type":"Polygon","coordinates":[[[-73.3555279,-37.4673859],[-73.3556138,-37.4675179],[-73.3553777,-37.467552],[-73.3550881,-37.4676456],[-73.3547662,-37.4678244],[-73.3544443,-37.4680458],[-73.3541868,-37.4682417],[-73.3539293,-37.468412],[-73.3538006,-37.4685568],[-73.3536075,-37.4688548],[-73.3533822,-37.4692124],[-73.353155,-37.469612],[-73.3530281,-37.4695701],[-73.353071,-37.4694849],[-73.3532105,-37.4692721],[-73.3533071,-37.469089],[-73.3534519,-37.4688463],[-73.3535377,-37.468676],[-73.3537362,-37.4684333],[-73.353865,-37.468263],[-73.3540635,-37.4680969],[-73.3542727,-37.4679224],[-73.3544282,-37.4677819],[-73.3547394,-37.4676499],[-73.3549969,-37.4675562],[-73.3553241,-37.4674711],[-73.3555279,-37.4673859]]]}, "properties" : {"id" : "21-21.a", "nombre_bloque" : "21.a", "territorio_padre" : 21, "color" : null}}, {"type" : "Feature", "geometry" : {"type":"Polygon","coordinates":[[[-73.355436,-37.466933],[-73.355569,-37.467282],[-73.354963,-37.46745],[-73.354594,-37.467611],[-73.354412,-37.467712],[-73.354074,-37.467916],[-73.35376,-37.468218],[-73.353605,-37.468406],[-73.353453,-37.468616],[-73.353305,-37.46885],[-73.353101,-37.469237],[-73.352779,-37.469093],[-73.352931,-37.468762],[-73.352442,-37.468138],[-73.352602,-37.468035],[-73.353241,-37.467909],[-73.354087,-37.467209],[-73.355279,-37.466742],[-73.355436,-37.466933]]]}, "properties" : {"id" : "21-21.b", "nombre_bloque" : "21.b", "territorio_padre" : 21, "color" : null}}, {"type" : "Feature", "geometry" : {"type":"Polygon","coordinates":[[[-73.352582,-37.470169],[-73.351982,-37.470558],[-73.351519,-37.470732],[-73.351183,-37.470817],[-73.3499419,-37.4711322],[-73.3499282,-37.4710427],[-73.350428,-37.470907],[-73.350811,-37.470811],[-73.351458,-37.470612],[-73.351985,-37.470403],[-73.352354,-37.470178],[-73.352554,-37.470033],[-73.352937,-37.469637],[-73.353076,-37.469694],[-73.352582,-37.470169]]]}, "properties" : {"id" : "21-21.c", "nombre_bloque" : "21.c", "territorio_padre" : 21, "color" : null}}, {"type" : "Feature", "geometry" : {"type":"Polygon","coordinates":[[[-73.353057,-37.469312],[-73.352869,-37.469607],[-73.352573,-37.469917],[-73.352248,-37.470166],[-73.351928,-37.470362],[-73.351451,-37.470534],[-73.351019,-37.47068],[-73.350397,-37.470853],[-73.34985,-37.470999],[-73.349463,-37.471101],[-73.349312,-37.470721],[-73.349934,-37.470552],[-73.350293,-37.470589],[-73.350713,-37.470528],[-73.351356,-37.470349],[-73.351764,-37.470131],[-73.352318,-37.46976],[-73.352734,-37.469154],[-73.353057,-37.469312]]]}, "properties" : {"id" : "21-21.d", "nombre_bloque" : "21.d", "territorio_padre" : 21, "color" : null}}, {"type" : "Feature", "geometry" : {"type":"Polygon","coordinates":[[[-73.3492025,-37.4705909],[-73.3490725,-37.4702989],[-73.3498245,-37.4700329],[-73.3507005,-37.4679649],[-73.3514855,-37.4679119],[-73.3518845,-37.4677269],[-73.3523285,-37.4680899],[-73.3527665,-37.4686259],[-73.3521815,-37.4696319],[-73.3516615,-37.4700269],[-73.3512825,-37.4702099],[-73.3510361,-37.4702627],[-73.3508365,-37.4703649],[-73.3503025,-37.4704779],[-73.3498145,-37.4704369],[-73.3492025,-37.4705909]]]}, "properties" : {"id" : "21-21.e", "nombre_bloque" : "21.e", "territorio_padre" : 21, "color" : null}}, {"type" : "Feature", "geometry" : {"type":"Polygon","coordinates":[[[-73.355036,-37.469833],[-73.354065,-37.469296],[-73.35391,-37.469208],[-73.353853,-37.469195],[-73.35381,-37.469204],[-73.353768,-37.46923],[-73.353338,-37.469716],[-73.353155,-37.469612],[-73.353608,-37.468955],[-73.353706,-37.468992],[-73.355142,-37.46972],[-73.355036,-37.469833]]]}, "properties" : {"id" : "22-22.a", "nombre_bloque" : "22.a", "territorio_padre" : 22, "color" : null}}, {"type" : "Feature", "geometry" : {"type":"Polygon","coordinates":[[[-73.354998,-37.469878],[-73.354781,-37.470101],[-73.353854,-37.469591],[-73.354066,-37.469357],[-73.354998,-37.469878]]]}, "properties" : {"id" : "22-22.b", "nombre_bloque" : "22.b", "territorio_padre" : 22, "color" : null}}, {"type" : "Feature", "geometry" : {"type":"Polygon","coordinates":[[[-73.354017,-37.46933],[-73.353803,-37.469561],[-73.353639,-37.469465],[-73.353804,-37.469275],[-73.353835,-37.469256],[-73.353855,-37.469251],[-73.353893,-37.469266],[-73.354017,-37.46933]]]}, "properties" : {"id" : "22-22.c", "nombre_bloque" : "22.c", "territorio_padre" : 22, "color" : null}}, {"type" : "Feature", "geometry" : {"type":"Polygon","coordinates":[[[-73.354737,-37.470141],[-73.354499,-37.470392],[-73.353393,-37.469753],[-73.353599,-37.469502],[-73.354737,-37.470141]]]}, "properties" : {"id" : "22-22.d", "nombre_bloque" : "22.d", "territorio_padre" : 22, "color" : null}}, {"type" : "Feature", "geometry" : {"type":"Polygon","coordinates":[[[-73.354456,-37.470431],[-73.354098,-37.470794],[-73.353293,-37.470329],[-73.352891,-37.470157],[-73.353026,-37.470053],[-73.353244,-37.469895],[-73.353356,-37.469793],[-73.354182,-37.47026],[-73.354456,-37.470431]]]}, "properties" : {"id" : "22-22.e", "nombre_bloque" : "22.e", "territorio_padre" : 22, "color" : null}}, {"type" : "Feature", "geometry" : {"type":"Polygon","coordinates":[[[-73.35267,-37.470292],[-73.352024,-37.470541],[-73.352578,-37.470185],[-73.353111,-37.469668],[-73.353285,-37.469767],[-73.35267,-37.470292]]]}, "properties" : {"id" : "22-22.f", "nombre_bloque" : "22.f", "territorio_padre" : 22, "color" : null}}, {"type" : "Feature", "geometry" : {"type":"Polygon","coordinates":[[[-73.356043,-37.469439],[-73.356416,-37.469659],[-73.356865,-37.469921],[-73.357451,-37.470262],[-73.357012,-37.470687],[-73.356901,-37.470615],[-73.356941,-37.470579],[-73.35704,-37.470474],[-73.357117,-37.470367],[-73.357095,-37.470283],[-73.356329,-37.469814],[-73.356307,-37.469847],[-73.356398,-37.46991],[-73.356208,-37.470133],[-73.356042,-37.470029],[-73.355929,-37.469936],[-73.355808,-37.46984],[-73.355724,-37.469768],[-73.355713,-37.469728],[-73.355809,-37.469624],[-73.355864,-37.469636],[-73.356043,-37.469439]]]}, "properties" : {"id" : "23-23.a", "nombre_bloque" : "23.a", "territorio_padre" : 23, "color" : null}}, {"type" : "Feature", "geometry" : {"type":"Polygon","coordinates":[[[-73.356796,-37.470173],[-73.357033,-37.470318],[-73.357049,-37.470377],[-73.356889,-37.470558],[-73.356836,-37.470561],[-73.356574,-37.47041],[-73.356796,-37.470173]]]}, "properties" : {"id" : "23-23.b", "nombre_bloque" : "23.b", "territorio_padre" : 23, "color" : null}}, {"type" : "Feature", "geometry" : {"type":"Polygon","coordinates":[[[-73.35651,-37.469994],[-73.356747,-37.470135],[-73.356563,-37.470346],[-73.356261,-37.470159],[-73.356413,-37.470002],[-73.356468,-37.469986],[-73.35651,-37.469994]]]}, "properties" : {"id" : "23-23.c", "nombre_bloque" : "23.c", "territorio_padre" : 23, "color" : null}}, {"type" : "Feature", "geometry" : {"type":"Polygon","coordinates":[[[-73.355654,-37.469844],[-73.355721,-37.469892],[-73.355879,-37.470033],[-73.356818,-37.470617],[-73.356892,-37.470617],[-73.357003,-37.470694],[-73.356814,-37.470778],[-73.355472,-37.470022],[-73.355654,-37.469844]]]}, "properties" : {"id" : "23-23.d", "nombre_bloque" : "23.d", "territorio_padre" : 23, "color" : null}}, {"type" : "Feature", "geometry" : {"type":"Polygon","coordinates":[[[-73.355858,-37.470302],[-73.355813,-37.470549],[-73.355799,-37.47067],[-73.355745,-37.470756],[-73.355663,-37.470683],[-73.355627,-37.470609],[-73.355618,-37.470599],[-73.355661,-37.470573],[-73.355676,-37.47057],[-73.35569,-37.470556],[-73.355685,-37.470542],[-73.355404,-37.470183],[-73.355364,-37.470146],[-73.355466,-37.470049],[-73.355858,-37.470302]]]}, "properties" : {"id" : "23-23.e", "nombre_bloque" : "23.e", "territorio_padre" : 23, "color" : null}}, {"type" : "Feature", "geometry" : {"type":"Polygon","coordinates":[[[-73.355586,-37.470612],[-73.355572,-37.470664],[-73.355645,-37.470733],[-73.355953,-37.471085],[-73.35585,-37.471117],[-73.355646,-37.471265],[-73.355617,-37.471189],[-73.355561,-37.47109],[-73.355147,-37.470374],[-73.355327,-37.47018],[-73.355345,-37.470199],[-73.35538,-37.470241],[-73.355638,-37.470565],[-73.355586,-37.470612]]]}, "properties" : {"id" : "23-23.f", "nombre_bloque" : "23.f", "territorio_padre" : 23, "color" : null}}, {"type" : "Feature", "geometry" : {"type":"Polygon","coordinates":[[[-73.355111,-37.470415],[-73.355564,-37.471217],[-73.355603,-37.471228],[-73.355634,-37.471273],[-73.355276,-37.471558],[-73.355009,-37.47126],[-73.354891,-37.47113],[-73.354818,-37.470942],[-73.354732,-37.470686],[-73.354829,-37.470647],[-73.35488,-37.470621],[-73.354946,-37.470584],[-73.355111,-37.470415]]]}, "properties" : {"id" : "23-23.g", "nombre_bloque" : "23.g", "territorio_padre" : 23, "color" : null}}, {"type" : "Feature", "geometry" : {"type":"Polygon","coordinates":[[[-73.356625,-37.471226],[-73.356347,-37.471358],[-73.356147,-37.471438],[-73.356017,-37.47147],[-73.355889,-37.47153],[-73.355542,-37.471743],[-73.35541,-37.471857],[-73.355277,-37.471797],[-73.355803,-37.471377],[-73.356105,-37.47123],[-73.356488,-37.471109],[-73.357803,-37.470733],[-73.358196,-37.470553],[-73.358271,-37.470626],[-73.357717,-37.471091],[-73.357241,-37.47151],[-73.35692,-37.471299],[-73.356954,-37.471261],[-73.356837,-37.471157],[-73.356625,-37.471226]]]}, "properties" : {"id" : "24-24.a", "nombre_bloque" : "24.a", "territorio_padre" : 24, "color" : null}}, {"type" : "Feature", "geometry" : {"type":"Polygon","coordinates":[[[-73.356685,-37.471246],[-73.357147,-37.471583],[-73.356763,-37.471966],[-73.356162,-37.471493],[-73.356685,-37.471246]]]}, "properties" : {"id" : "24-24.b", "nombre_bloque" : "24.b", "territorio_padre" : 24, "color" : null}}, {"type" : "Feature", "geometry" : {"type":"Polygon","coordinates":[[[-73.356061,-37.471506],[-73.356692,-37.472004],[-73.356283,-37.472388],[-73.356215,-37.472344],[-73.355787,-37.471953],[-73.355707,-37.471876],[-73.35565,-37.471818],[-73.355569,-37.471767],[-73.355776,-37.471637],[-73.356061,-37.471506]]]}, "properties" : {"id" : "24-24.c", "nombre_bloque" : "24.c", "territorio_padre" : 24, "color" : null}}, {"type" : "Feature", "geometry" : {"type":"Polygon","coordinates":[[[-73.355596,-37.471835],[-73.356232,-37.472401],[-73.356144,-37.472489],[-73.355556,-37.471988],[-73.355596,-37.471835]]]}, "properties" : {"id" : "24-24.d", "nombre_bloque" : "24.d", "territorio_padre" : 24, "color" : null}}, {"type" : "Feature", "geometry" : {"type":"Polygon","coordinates":[[[-73.356076,-37.472563],[-73.35557,-37.47292],[-73.355356,-37.472739],[-73.355821,-37.472384],[-73.355868,-37.472379],[-73.356076,-37.472563]]]}, "properties" : {"id" : "24-24.e", "nombre_bloque" : "24.e", "territorio_padre" : 24, "color" : null}}, {"type" : "Feature", "geometry" : {"type":"Polygon","coordinates":[[[-73.355589,-37.472145],[-73.355582,-37.472131],[-73.355801,-37.472312],[-73.355446,-37.472603],[-73.35544,-37.472604],[-73.35538,-37.472605],[-73.355154,-37.472411],[-73.355162,-37.472368],[-73.355335,-37.472262],[-73.355589,-37.472145]]]}, "properties" : {"id" : "24-24.f", "nombre_bloque" : "24.f", "territorio_padre" : 24, "color" : null}}, {"type" : "Feature", "geometry" : {"type":"Polygon","coordinates":[[[-73.355267,-37.471844],[-73.355448,-37.471924],[-73.354827,-37.472421],[-73.354691,-37.472301],[-73.355267,-37.471844]]]}, "properties" : {"id" : "24-24.g", "nombre_bloque" : "24.g", "territorio_padre" : 24, "color" : null}}, {"type" : "Feature", "geometry" : {"type":"Polygon","coordinates":[[[-73.355023,-37.472363],[-73.355303,-37.472592],[-73.355377,-37.472712],[-73.355254,-37.472788],[-73.355248,-37.472782],[-73.355222,-37.472757],[-73.355193,-37.472733],[-73.354838,-37.472426],[-73.354938,-37.472351],[-73.355023,-37.472363]]]}, "properties" : {"id" : "24-24.h", "nombre_bloque" : "24.h", "territorio_padre" : 24, "color" : null}}, {"type" : "Feature", "geometry" : {"type":"Polygon","coordinates":[[[-73.35555,-37.47294],[-73.35506,-37.473331],[-73.354894,-37.473228],[-73.354668,-37.472962],[-73.355026,-37.47268],[-73.355182,-37.472826],[-73.35526,-37.472815],[-73.355345,-37.472758],[-73.35555,-37.47294]]]}, "properties" : {"id" : "24-24.i", "nombre_bloque" : "24.i", "territorio_padre" : 24, "color" : null}}, {"type" : "Feature", "geometry" : {"type":"MultiPolygon","coordinates":[[[[-73.3551467,-37.473326],[-73.3551397,-37.473375],[-73.3551387,-37.473353],[-73.3551467,-37.473326]]],[[[-73.3560541,-37.4726583],[-73.3561128,-37.4726113],[-73.3562227,-37.472524],[-73.3563127,-37.472447],[-73.3564957,-37.472288],[-73.3565947,-37.472199],[-73.3566777,-37.472123],[-73.3568117,-37.472001],[-73.3570787,-37.471745],[-73.3572437,-37.471593],[-73.3573747,-37.471478],[-73.3575667,-37.471308],[-73.3577557,-37.471138],[-73.3579737,-37.470941],[-73.3581157,-37.470823],[-73.3582207,-37.470733],[-73.3582997,-37.470673],[-73.3583397,-37.470645],[-73.3583877,-37.470639],[-73.3586067,-37.470638],[-73.3588137,-37.470658],[-73.3589297,-37.470661],[-73.3590637,-37.47066],[-73.3591946,-37.470659],[-73.3596446,-37.470617],[-73.3597496,-37.470622],[-73.3598546,-37.470637],[-73.3599256,-37.470655],[-73.3597616,-37.470701],[-73.3596636,-37.470745],[-73.3594786,-37.470817],[-73.3592256,-37.470957],[-73.3590087,-37.471094],[-73.3587707,-37.471273],[-73.3585727,-37.47147],[-73.3584187,-37.471618],[-73.3582767,-37.471763],[-73.3580197,-37.47202],[-73.3578077,-37.472191],[-73.3575077,-37.472412],[-73.3572787,-37.472575],[-73.3572017,-37.472634],[-73.3570977,-37.472738],[-73.3568497,-37.472996],[-73.3566627,-37.473202],[-73.3565107,-37.473344],[-73.3555421,-37.4738962],[-73.3551289,-37.4733986],[-73.3551581,-37.4733406],[-73.3552248,-37.4732953],[-73.3555939,-37.4730034],[-73.3560541,-37.4726583]]]]}, "properties" : {"id" : "25-25.a", "nombre_bloque" : "25.a", "territorio_padre" : 25, "color" : null}}, {"type" : "Feature", "geometry" : {"type":"MultiPolygon","coordinates":[[[[-73.3508911,-37.477107],[-73.3511825,-37.4763698],[-73.3514837,-37.4764311],[-73.3517523,-37.4764363],[-73.3519512,-37.4763648],[-73.3522249,-37.4765633],[-73.3516982,-37.4769965],[-73.3515738,-37.477153],[-73.3508911,-37.477107]]],[[[-73.3520491,-37.4762747],[-73.3520888,-37.4761546],[-73.3523591,-37.476148],[-73.3526268,-37.4761925],[-73.3525076,-37.4763258],[-73.3524199,-37.4764103],[-73.3522618,-37.4765326],[-73.3519798,-37.4763366],[-73.3520491,-37.4762747]]],[[[-73.352089,-37.4761113],[-73.3520982,-37.4758865],[-73.3521424,-37.4756538],[-73.3522026,-37.4754083],[-73.3525216,-37.4748683],[-73.3529263,-37.4742485],[-73.3536851,-37.4733563],[-73.3543083,-37.4726858],[-73.3545988,-37.4730052],[-73.3548108,-37.4732502],[-73.3549318,-37.4733262],[-73.3550318,-37.4733542],[-73.3550388,-37.4734022],[-73.3550558,-37.4734292],[-73.3551048,-37.4734902],[-73.3554248,-37.4739132],[-73.3551988,-37.4739952],[-73.3548978,-37.4740982],[-73.3546398,-37.4741922],[-73.3544118,-37.4742852],[-73.3542398,-37.4743682],[-73.3540358,-37.4744852],[-73.3538338,-37.4746622],[-73.3528923,-37.4757516],[-73.3527293,-37.4760168],[-73.3526991,-37.4760897],[-73.3526502,-37.4761498],[-73.3523549,-37.476104],[-73.352089,-37.4761113]]]]}, "properties" : {"id" : "25-25.b", "nombre_bloque" : "25.b", "territorio_padre" : 25, "color" : null}}, {"type" : "Feature", "geometry" : {"type":"Polygon","coordinates":[[[-73.360662,-37.470567],[-73.36072,-37.470631],[-73.360923,-37.470714],[-73.36103,-37.470797],[-73.361064,-37.470867],[-73.360989,-37.471027],[-73.360899,-37.471148],[-73.360834,-37.471185],[-73.360748,-37.471216],[-73.36074,-37.471264],[-73.360798,-37.471254],[-73.360853,-37.471217],[-73.360925,-37.471191],[-73.36095,-37.471309],[-73.360836,-37.471504],[-73.360583,-37.471453],[-73.36048,-37.471419],[-73.360343,-37.471432],[-73.360179,-37.471431],[-73.359902,-37.471431],[-73.359704,-37.471418],[-73.359512,-37.471412],[-73.359357,-37.471421],[-73.359346,-37.471368],[-73.359254,-37.47141],[-73.35905,-37.471464],[-73.358897,-37.471507],[-73.358794,-37.471553],[-73.358682,-37.471524],[-73.358766,-37.471415],[-73.358895,-37.471313],[-73.359019,-37.471222],[-73.35918,-37.471129],[-73.35935,-37.471024],[-73.359568,-37.470897],[-73.359834,-37.4708],[-73.360222,-37.470678],[-73.360662,-37.470567]]]}, "properties" : {"id" : "26-26.a", "nombre_bloque" : "26.a", "territorio_padre" : 26, "color" : null}}, {"type" : "Feature", "geometry" : {"type":"Polygon","coordinates":[[[-73.358653,-37.47154],[-73.358761,-37.471577],[-73.358845,-37.471584],[-73.358914,-37.47157],[-73.359138,-37.47151],[-73.3593,-37.471487],[-73.359618,-37.471465],[-73.36022,-37.471479],[-73.360436,-37.471469],[-73.360908,-37.471561],[-73.359858,-37.472469],[-73.359699,-37.47237],[-73.359643,-37.472352],[-73.359474,-37.472319],[-73.359394,-37.472082],[-73.359487,-37.471969],[-73.35956,-37.471918],[-73.359558,-37.471898],[-73.359526,-37.471888],[-73.359488,-37.47191],[-73.359449,-37.471937],[-73.359339,-37.472075],[-73.359417,-37.472323],[-73.359379,-37.472356],[-73.35937,-37.472426],[-73.359349,-37.472462],[-73.35926,-37.472477],[-73.359182,-37.472474],[-73.359113,-37.472456],[-73.359049,-37.4724],[-73.358979,-37.472356],[-73.358918,-37.472316],[-73.358784,-37.472251],[-73.358659,-37.472201],[-73.358725,-37.47208],[-73.358767,-37.472033],[-73.35883,-37.472005],[-73.358879,-37.471994],[-73.35889,-37.471982],[-73.358891,-37.471963],[-73.358867,-37.471947],[-73.358822,-37.471958],[-73.358759,-37.471992],[-73.358704,-37.472024],[-73.35864,-37.472109],[-73.358604,-37.472185],[-73.358403,-37.47213],[-73.35826,-37.47208],[-73.358164,-37.472037],[-73.35847,-37.47172],[-73.358653,-37.47154]]]}, "properties" : {"id" : "26-26.b", "nombre_bloque" : "26.b", "territorio_padre" : 26, "color" : null}}, {"type" : "Feature", "geometry" : {"type":"Polygon","coordinates":[[[-73.35966,-37.472641],[-73.359407,-37.472814],[-73.358442,-37.473476],[-73.358036,-37.473029],[-73.358202,-37.472971],[-73.358327,-37.472864],[-73.358343,-37.472845],[-73.358332,-37.472824],[-73.358301,-37.472821],[-73.358285,-37.472836],[-73.358169,-37.472937],[-73.358046,-37.472978],[-73.357712,-37.472518],[-73.357681,-37.472499],[-73.357636,-37.472478],[-73.357613,-37.472461],[-73.357877,-37.472264],[-73.358221,-37.472501],[-73.358244,-37.472508],[-73.358264,-37.472497],[-73.358266,-37.472475],[-73.357911,-37.472234],[-73.358122,-37.47207],[-73.358331,-37.472148],[-73.358513,-37.4722],[-73.358686,-37.472254],[-73.358901,-37.472352],[-73.35901,-37.472426],[-73.359079,-37.472484],[-73.359123,-37.472504],[-73.359167,-37.472514],[-73.359225,-37.472519],[-73.359294,-37.472517],[-73.359357,-37.472508],[-73.359389,-37.472493],[-73.35942,-37.472441],[-73.359432,-37.472364],[-73.359465,-37.472357],[-73.359532,-37.47237],[-73.35967,-37.472403],[-73.359748,-37.472445],[-73.359823,-37.4725],[-73.35966,-37.472641]]]}, "properties" : {"id" : "26-26.c", "nombre_bloque" : "26.c", "territorio_padre" : 26, "color" : null}}, {"type" : "Feature", "geometry" : {"type":"Polygon","coordinates":[[[-73.35757,-37.472491],[-73.357665,-37.472545],[-73.358007,-37.473021],[-73.358035,-37.473036],[-73.358436,-37.473482],[-73.357294,-37.474278],[-73.35488,-37.475213],[-73.354771,-37.475161],[-73.354702,-37.475101],[-73.354656,-37.475016],[-73.354603,-37.474945],[-73.354507,-37.474878],[-73.354432,-37.474803],[-73.354362,-37.474727],[-73.354368,-37.474657],[-73.354387,-37.474595],[-73.354413,-37.474592],[-73.354426,-37.474584],[-73.354502,-37.474549],[-73.35455,-37.474524],[-73.354566,-37.474495],[-73.3547,-37.474442],[-73.354751,-37.474438],[-73.3548,-37.474455],[-73.354885,-37.474539],[-73.354906,-37.474595],[-73.354914,-37.47465],[-73.354908,-37.474697],[-73.354916,-37.474714],[-73.35493,-37.474721],[-73.354955,-37.474718],[-73.354968,-37.474689],[-73.354976,-37.47465],[-73.354963,-37.474583],[-73.354937,-37.474516],[-73.354885,-37.474457],[-73.354837,-37.474417],[-73.354765,-37.474393],[-73.354693,-37.474401],[-73.354538,-37.474451],[-73.354496,-37.474449],[-73.354473,-37.474454],[-73.354422,-37.474474],[-73.354337,-37.474502],[-73.354247,-37.474532],[-73.354199,-37.474534],[-73.354346,-37.47445],[-73.35447,-37.474392],[-73.354799,-37.474254],[-73.355562,-37.473992],[-73.355892,-37.473848],[-73.35622,-37.47368],[-73.356421,-37.473548],[-73.356499,-37.473484],[-73.35661,-37.473407],[-73.356745,-37.473266],[-73.357135,-37.472854],[-73.35736,-37.47264],[-73.35757,-37.472491]]]}, "properties" : {"id" : "27-27.a", "nombre_bloque" : "27.a", "territorio_padre" : 27, "color" : "#FF1493"}}, {"type" : "Feature", "geometry" : {"type":"Polygon","coordinates":[[[-73.3541554,-37.4745698],[-73.3541929,-37.474589],[-73.3544745,-37.4744975],[-73.3543056,-37.4746081],[-73.3543243,-37.4747401],[-73.3546087,-37.4750041],[-73.3544226,-37.4751222],[-73.3541705,-37.4751989],[-73.3541866,-37.475284],[-73.3545084,-37.4755054],[-73.354605,-37.4756161],[-73.3546157,-37.4757268],[-73.3542831,-37.4757694],[-73.3539452,-37.4760078],[-73.3538647,-37.4761184],[-73.3538915,-37.4762036],[-73.3539344,-37.4762717],[-73.3540203,-37.4763526],[-73.3541437,-37.4764292],[-73.354149,-37.4765357],[-73.3540793,-37.4767059],[-73.3529098,-37.4759907],[-73.3530442,-37.4757661],[-73.3532426,-37.4755447],[-73.3535001,-37.4752382],[-73.3538274,-37.4749019],[-73.3541554,-37.4745698]]]}, "properties" : {"id" : "27-27.b", "nombre_bloque" : "27.b", "territorio_padre" : 27, "color" : "#FF1493"}}, {"type" : "Feature", "geometry" : {"type":"Polygon","coordinates":[[[-73.3528,-37.476252],[-73.352786,-37.476366],[-73.352815,-37.476487],[-73.353002,-37.476738],[-73.353061,-37.476824],[-73.353027,-37.476882],[-73.352903,-37.4771],[-73.35284,-37.477152],[-73.352597,-37.477387],[-73.352588,-37.477563],[-73.352554,-37.477667],[-73.352549,-37.477803],[-73.352596,-37.477912],[-73.352646,-37.477989],[-73.35273,-37.478059],[-73.352811,-37.47812],[-73.352895,-37.478163],[-73.352958,-37.478185],[-73.352997,-37.478207],[-73.353021,-37.478251],[-73.35299,-37.478289],[-73.352936,-37.47832],[-73.352695,-37.47843],[-73.352358,-37.478364],[-73.352113,-37.47794],[-73.351812,-37.477397],[-73.351707,-37.477197],[-73.351734,-37.477149],[-73.351779,-37.47711],[-73.351852,-37.477045],[-73.352088,-37.476846],[-73.352582,-37.476449],[-73.352707,-37.476317],[-73.35285,-37.476075],[-73.3528,-37.476252]]]}, "properties" : {"id" : "28-28.a", "nombre_bloque" : "28.a", "territorio_padre" : 28, "color" : null}}, {"type" : "Feature", "geometry" : {"type":"Polygon","coordinates":[[[-73.3529208,-37.4760428],[-73.3540634,-37.476741],[-73.3540205,-37.4769113],[-73.3540205,-37.4770901],[-73.3540419,-37.4772476],[-73.3541492,-37.4775839],[-73.354176,-37.4777968],[-73.3542565,-37.478197],[-73.3545247,-37.4785631],[-73.3529744,-37.4784609],[-73.3529905,-37.4783502],[-73.3530629,-37.4783034],[-73.3530844,-37.4782672],[-73.353079,-37.4782204],[-73.3530602,-37.4781735],[-73.35302,-37.478148],[-73.3529664,-37.4781267],[-73.3529208,-37.4781033],[-73.3528162,-37.4780501],[-73.3527089,-37.4779586],[-73.3526284,-37.4778521],[-73.3526096,-37.4777968],[-73.3526204,-37.4776606],[-73.3526418,-37.4775243],[-73.3526633,-37.4774158],[-73.3528081,-37.4772476],[-73.3529503,-37.4771412],[-73.3530468,-37.4769858],[-73.3531246,-37.4768283],[-73.3531032,-37.4767602],[-73.3530549,-37.4766963],[-73.3528779,-37.4764643],[-73.352851,-37.4764196],[-73.352847,-37.47636],[-73.3528564,-37.4762621],[-73.3528711,-37.4761982],[-73.3529087,-37.4760684],[-73.3529027,-37.4760295],[-73.3529208,-37.4760428]]]}, "properties" : {"id" : "28-28.b", "nombre_bloque" : "28.b", "territorio_padre" : 28, "color" : null}}, {"type" : "Feature", "geometry" : {"type":"Polygon","coordinates":[[[-73.352981,-37.479211],[-73.352883,-37.479147],[-73.352704,-37.479015],[-73.352614,-37.478907],[-73.352592,-37.478774],[-73.352583,-37.478594],[-73.352505,-37.478536],[-73.352407,-37.478502],[-73.352293,-37.478542],[-73.352236,-37.478616],[-73.352166,-37.478744],[-73.352169,-37.478871],[-73.352186,-37.479002],[-73.352216,-37.479124],[-73.352216,-37.479156],[-73.35221,-37.479216],[-73.352177,-37.479242],[-73.3521,-37.479119],[-73.352012,-37.478961],[-73.351843,-37.478643],[-73.35182,-37.478445],[-73.351798,-37.47778],[-73.351675,-37.477295],[-73.351713,-37.477219],[-73.352348,-37.478373],[-73.352917,-37.47848],[-73.353289,-37.479278],[-73.353161,-37.479429],[-73.352981,-37.479211]]]}, "properties" : {"id" : "28-28.c", "nombre_bloque" : "28.c", "territorio_padre" : 28, "color" : null}}, {"type" : "Feature", "geometry" : {"type":"Polygon","coordinates":[[[-73.352798,-37.480685],[-73.352862,-37.480401],[-73.352832,-37.480144],[-73.352806,-37.480012],[-73.352753,-37.479894],[-73.352645,-37.479765],[-73.352488,-37.479594],[-73.352409,-37.479503],[-73.352403,-37.4794],[-73.352401,-37.479336],[-73.352337,-37.479217],[-73.352284,-37.479111],[-73.352242,-37.478967],[-73.352232,-37.478865],[-73.352255,-37.478783],[-73.352268,-37.478704],[-73.352309,-37.478609],[-73.352384,-37.478567],[-73.352447,-37.478571],[-73.352493,-37.478596],[-73.352506,-37.478672],[-73.352515,-37.478804],[-73.352541,-37.478958],[-73.352735,-37.479122],[-73.352902,-37.479243],[-73.35306,-37.479429],[-73.353184,-37.479653],[-73.353281,-37.479882],[-73.3534,-37.480019],[-73.353613,-37.480124],[-73.353842,-37.480174],[-73.354329,-37.480268],[-73.354492,-37.480327],[-73.354643,-37.480391],[-73.354702,-37.480525],[-73.354788,-37.48068],[-73.35463,-37.48081],[-73.354336,-37.480933],[-73.354018,-37.481099],[-73.353487,-37.481148],[-73.353343,-37.48106],[-73.353171,-37.480925],[-73.35307,-37.480827],[-73.35298,-37.480749],[-73.352877,-37.480713],[-73.352798,-37.480685]]]}, "properties" : {"id" : "28-28.d", "nombre_bloque" : "28.d", "territorio_padre" : 28, "color" : null}}, {"type" : "Feature", "geometry" : {"type":"Polygon","coordinates":[[[-73.353988,-37.481162],[-73.353968,-37.481242],[-73.353975,-37.481342],[-73.353979,-37.481396],[-73.353935,-37.481451],[-73.353843,-37.481511],[-73.353733,-37.481566],[-73.35364,-37.481613],[-73.353543,-37.481708],[-73.35347,-37.481791],[-73.353248,-37.482235],[-73.35258,-37.482305],[-73.352591,-37.481966],[-73.352639,-37.48167],[-73.352652,-37.481507],[-73.352703,-37.481121],[-73.352746,-37.480878],[-73.352763,-37.480766],[-73.35292,-37.480817],[-73.353051,-37.480926],[-73.353229,-37.48107],[-73.353387,-37.481171],[-73.35347,-37.481218],[-73.353988,-37.481162]]]}, "properties" : {"id" : "28-28.e", "nombre_bloque" : "28.e", "territorio_padre" : 28, "color" : null}}, {"type" : "Feature", "geometry" : {"type":"Polygon","coordinates":[[[-73.35484,-37.471146],[-73.354972,-37.471287],[-73.355275,-37.471563],[-73.355024,-37.471759],[-73.354957,-37.471728],[-73.354717,-37.471561],[-73.354727,-37.471542],[-73.354719,-37.471527],[-73.354471,-37.471366],[-73.354332,-37.47127],[-73.354044,-37.470993],[-73.354409,-37.470624],[-73.354475,-37.470657],[-73.354538,-37.470677],[-73.354594,-37.470692],[-73.354672,-37.470699],[-73.35484,-37.471146]]]}, "properties" : {"id" : "29-29.a", "nombre_bloque" : "29.a", "territorio_padre" : 29, "color" : null}}, {"type" : "Feature", "geometry" : {"type":"Polygon","coordinates":[[[-73.354313,-37.471325],[-73.354692,-37.471564],[-73.355015,-37.471773],[-73.354746,-37.472034],[-73.354493,-37.471863],[-73.354504,-37.471854],[-73.354493,-37.471837],[-73.354461,-37.471817],[-73.354085,-37.471562],[-73.354313,-37.471325]]]}, "properties" : {"id" : "29-29.b", "nombre_bloque" : "29.b", "territorio_padre" : 29, "color" : null}}, {"type" : "Feature", "geometry" : {"type":"Polygon","coordinates":[[[-73.354049,-37.4716],[-73.354463,-37.471868],[-73.354472,-37.47187],[-73.354486,-37.471868],[-73.354744,-37.472038],[-73.354508,-37.472262],[-73.354225,-37.472079],[-73.354233,-37.472067],[-73.354226,-37.472051],[-73.35383,-37.471814],[-73.354049,-37.4716]]]}, "properties" : {"id" : "29-29.c", "nombre_bloque" : "29.c", "territorio_padre" : 29, "color" : null}}, {"type" : "Feature", "geometry" : {"type":"Polygon","coordinates":[[[-73.353794,-37.471852],[-73.35419,-37.472089],[-73.354205,-37.472092],[-73.354222,-37.472084],[-73.354505,-37.472267],[-73.354232,-37.47253],[-73.354104,-37.472442],[-73.354112,-37.472434],[-73.354107,-37.47242],[-73.353555,-37.472091],[-73.353794,-37.471852]]]}, "properties" : {"id" : "29-29.d", "nombre_bloque" : "29.d", "territorio_padre" : 29, "color" : null}}, {"type" : "Feature", "geometry" : {"type":"Polygon","coordinates":[[[-73.3541,-37.472446],[-73.354229,-37.472533],[-73.354013,-37.472743],[-73.353659,-37.472708],[-73.353665,-37.472594],[-73.353674,-37.472581],[-73.353663,-37.472571],[-73.353652,-37.472558],[-73.353293,-37.472353],[-73.353516,-37.472129],[-73.354071,-37.472453],[-73.354084,-37.472452],[-73.3541,-37.472446]]]}, "properties" : {"id" : "29-29.e", "nombre_bloque" : "29.e", "territorio_padre" : 29, "color" : null}}, {"type" : "Feature", "geometry" : {"type":"Polygon","coordinates":[[[-73.353258,-37.472383],[-73.353636,-37.472603],[-73.353647,-37.472609],[-73.353658,-37.472602],[-73.353654,-37.472714],[-73.352889,-37.472899],[-73.352882,-37.472854],[-73.352946,-37.472824],[-73.353008,-37.472766],[-73.353031,-37.47274],[-73.353052,-37.472686],[-73.353059,-37.472655],[-73.353045,-37.472609],[-73.353012,-37.472565],[-73.353258,-37.472383]]]}, "properties" : {"id" : "29-29.f", "nombre_bloque" : "29.f", "territorio_padre" : 29, "color" : null}}, {"type" : "Feature", "geometry" : {"type":"Polygon","coordinates":[[[-73.352807,-37.472424],[-73.352967,-37.472605],[-73.352985,-37.472639],[-73.35299,-37.47267],[-73.352968,-37.472718],[-73.352915,-37.472771],[-73.352852,-37.472806],[-73.352794,-37.472831],[-73.352696,-37.472865],[-73.352559,-37.472898],[-73.352432,-37.47293],[-73.352296,-37.472958],[-73.352045,-37.472155],[-73.352574,-37.472028],[-73.352807,-37.472424]]]}, "properties" : {"id" : "29-29.g", "nombre_bloque" : "29.g", "territorio_padre" : 29, "color" : null}}, {"type" : "Feature", "geometry" : {"type":"Polygon","coordinates":[[[-73.352226,-37.472973],[-73.351717,-37.473086],[-73.351466,-37.472287],[-73.351981,-37.472173],[-73.352226,-37.472973]]]}, "properties" : {"id" : "29-29.h", "nombre_bloque" : "29.h", "territorio_padre" : 29, "color" : null}}, {"type" : "Feature", "geometry" : {"type":"Polygon","coordinates":[[[-73.3536019,-37.4706037],[-73.3539291,-37.4708123],[-73.3532532,-37.4714807],[-73.3530226,-37.4710294],[-73.3536019,-37.4706037]]]}, "properties" : {"id" : "30-30.a", "nombre_bloque" : "30.a", "territorio_padre" : 30, "color" : null}}, {"type" : "Feature", "geometry" : {"type":"Polygon","coordinates":[[[-73.353352,-37.470761],[-73.353271,-37.470833],[-73.353163,-37.470912],[-73.352975,-37.47092],[-73.352927,-37.470897],[-73.352907,-37.470877],[-73.352954,-37.470853],[-73.352919,-37.470788],[-73.352713,-37.470322],[-73.352896,-37.47017],[-73.353238,-37.47036],[-73.353555,-37.470545],[-73.353352,-37.470761]]]}, "properties" : {"id" : "30-30.b", "nombre_bloque" : "30.b", "territorio_padre" : 30, "color" : null}}, {"type" : "Feature", "geometry" : {"type":"Polygon","coordinates":[[[-73.3530424,-37.4710974],[-73.3532532,-37.4714807],[-73.3528278,-37.471736],[-73.3521358,-37.4719829],[-73.3519749,-37.4720085],[-73.3518193,-37.4715529],[-73.3530424,-37.4710974]]]}, "properties" : {"id" : "30-30.c", "nombre_bloque" : "30.c", "territorio_padre" : 30, "color" : null}}, {"type" : "Feature", "geometry" : {"type":"Polygon","coordinates":[[[-73.3528654,-37.4708504],[-73.3529619,-37.4710718],[-73.3518247,-37.4714976],[-73.3517657,-37.4712762],[-73.3528654,-37.4708504]]]}, "properties" : {"id" : "30-30.d", "nombre_bloque" : "30.d", "territorio_padre" : 30, "color" : null}}, {"type" : "Feature", "geometry" : {"type":"Polygon","coordinates":[[[-73.351764,-37.471217],[-73.35169,-37.470986],[-73.352056,-37.470879],[-73.352782,-37.470629],[-73.352853,-37.470795],[-73.351764,-37.471217]]]}, "properties" : {"id" : "30-30.e", "nombre_bloque" : "30.e", "territorio_padre" : 30, "color" : null}}, {"type" : "Feature", "geometry" : {"type":"Polygon","coordinates":[[[-73.351656,-37.470937],[-73.35163,-37.47092],[-73.351561,-37.470906],[-73.35151,-37.470746],[-73.351971,-37.470577],[-73.352026,-37.470596],[-73.352648,-37.470355],[-73.352755,-37.470588],[-73.351656,-37.470937]]]}, "properties" : {"id" : "30-30.f", "nombre_bloque" : "30.f", "territorio_padre" : 30, "color" : null}}, {"type" : "Feature", "geometry" : {"type":"Polygon","coordinates":[[[-73.351434,-37.472176],[-73.351252,-37.471664],[-73.351668,-37.471566],[-73.351834,-37.472093],[-73.351434,-37.472176]]]}, "properties" : {"id" : "31-31.a", "nombre_bloque" : "31.a", "territorio_padre" : 31, "color" : null}}, {"type" : "Feature", "geometry" : {"type":"Polygon","coordinates":[[[-73.3515431,-37.4709651],[-73.3516906,-37.4714781],[-73.3511917,-37.4715845],[-73.3510657,-37.4710587],[-73.3515431,-37.4709651]]]}, "properties" : {"id" : "31-31.b", "nombre_bloque" : "31.b", "territorio_padre" : 31, "color" : null}}, {"type" : "Feature", "geometry" : {"type":"Polygon","coordinates":[[[-73.351182,-37.471678],[-73.351358,-37.472188],[-73.351051,-37.472256],[-73.350883,-37.471743],[-73.351182,-37.471678]]]}, "properties" : {"id" : "31-31.c", "nombre_bloque" : "31.c", "territorio_padre" : 31, "color" : null}}, {"type" : "Feature", "geometry" : {"type":"Polygon","coordinates":[[[-73.3509664,-37.4710694],[-73.3511139,-37.4716101],[-73.3508243,-37.4716676],[-73.3506821,-37.4711332],[-73.3509664,-37.4710694]]]}, "properties" : {"id" : "31-31.d", "nombre_bloque" : "31.d", "territorio_padre" : 31, "color" : null}}, {"type" : "Feature", "geometry" : {"type":"Polygon","coordinates":[[[-73.350977,-37.472269],[-73.350489,-37.472365],[-73.350313,-37.471861],[-73.350806,-37.471755],[-73.350977,-37.472269]]]}, "properties" : {"id" : "31-31.e", "nombre_bloque" : "31.e", "territorio_padre" : 31, "color" : null}}, {"type" : "Feature", "geometry" : {"type":"Polygon","coordinates":[[[-73.350792,-37.4717],[-73.350291,-37.471799],[-73.350153,-37.471284],[-73.350172,-37.471258],[-73.350214,-37.471243],[-73.35063,-37.471155],[-73.350792,-37.4717]]]}, "properties" : {"id" : "31-31.f", "nombre_bloque" : "31.f", "territorio_padre" : 31, "color" : null}}, {"type" : "Feature", "geometry" : {"type":"Polygon","coordinates":[[[-73.35151,-37.470746],[-73.351561,-37.470906],[-73.3499797,-37.471211],[-73.3499555,-37.4711472],[-73.35151,-37.470746]]]}, "properties" : {"id" : "31-31.g", "nombre_bloque" : "31.g", "territorio_padre" : 31, "color" : null}}, {"type" : "Feature", "geometry" : {"type":"Polygon","coordinates":[[[-73.351752,-37.473532],[-73.353444,-37.473283],[-73.353535,-37.473399],[-73.35324,-37.473681],[-73.353205,-37.473506],[-73.352313,-37.473632],[-73.352026,-37.473647],[-73.351795,-37.473601],[-73.351752,-37.473532]]]}, "properties" : {"id" : "32-32.a", "nombre_bloque" : "32.a", "territorio_padre" : 32, "color" : null}}, {"type" : "Feature", "geometry" : {"type":"Polygon","coordinates":[[[-73.353192,-37.473703],[-73.353052,-37.473902],[-73.352101,-37.474019],[-73.351834,-37.474055],[-73.351771,-37.473746],[-73.352379,-37.473678],[-73.352954,-37.473604],[-73.353152,-37.473566],[-73.353192,-37.473703]]]}, "properties" : {"id" : "32-32.b", "nombre_bloque" : "32.b", "territorio_padre" : 32, "color" : null}}, {"type" : "Feature", "geometry" : {"type":"Polygon","coordinates":[[[-73.352641,-37.474302],[-73.351875,-37.474395],[-73.351837,-37.474101],[-73.352969,-37.473949],[-73.352641,-37.474302]]]}, "properties" : {"id" : "32-32.c", "nombre_bloque" : "32.c", "territorio_padre" : 32, "color" : null}}, {"type" : "Feature", "geometry" : {"type":"Polygon","coordinates":[[[-73.351807,-37.474441],[-73.352605,-37.474348],[-73.352414,-37.474652],[-73.351849,-37.474728],[-73.351807,-37.474441]]]}, "properties" : {"id" : "32-32.d", "nombre_bloque" : "32.d", "territorio_padre" : 32, "color" : null}}, {"type" : "Feature", "geometry" : {"type":"Polygon","coordinates":[[[-73.352363,-37.474706],[-73.352134,-37.475186],[-73.352043,-37.475305],[-73.352008,-37.475312],[-73.351966,-37.475303],[-73.351908,-37.475308],[-73.351834,-37.475124],[-73.351899,-37.475103],[-73.351844,-37.474783],[-73.352363,-37.474706]]]}, "properties" : {"id" : "32-32.e", "nombre_bloque" : "32.e", "territorio_padre" : 32, "color" : null}}, {"type" : "Feature", "geometry" : {"type":"Polygon","coordinates":[[[-73.35149,-37.472603],[-73.350798,-37.472751],[-73.350709,-37.472445],[-73.351404,-37.472304],[-73.35149,-37.472603]]]}, "properties" : {"id" : "33-33.a", "nombre_bloque" : "33.a", "territorio_padre" : 33, "color" : null}}, {"type" : "Feature", "geometry" : {"type":"Polygon","coordinates":[[[-73.351643,-37.473098],[-73.351295,-37.473162],[-73.351217,-37.472969],[-73.351201,-37.472956],[-73.351177,-37.472955],[-73.351162,-37.472968],[-73.35116,-37.472987],[-73.351233,-37.47318],[-73.350954,-37.473233],[-73.350822,-37.472806],[-73.351516,-37.472662],[-73.351643,-37.473098]]]}, "properties" : {"id" : "33-33.b", "nombre_bloque" : "33.b", "territorio_padre" : 33, "color" : null}}, {"type" : "Feature", "geometry" : {"type":"Polygon","coordinates":[[[-73.351472,-37.473177],[-73.351558,-37.47363],[-73.351334,-37.473664],[-73.35111,-37.473698],[-73.351056,-37.473535],[-73.351207,-37.473506],[-73.35124,-37.473493],[-73.35124,-37.473469],[-73.351225,-37.473458],[-73.351183,-37.473453],[-73.351037,-37.473489],[-73.350964,-37.473272],[-73.351472,-37.473177]]]}, "properties" : {"id" : "33-33.c", "nombre_bloque" : "33.c", "territorio_padre" : 33, "color" : null}}, {"type" : "Feature", "geometry" : {"type":"Polygon","coordinates":[[[-73.35174,-37.474369],[-73.351352,-37.474433],[-73.351128,-37.473752],[-73.351615,-37.473702],[-73.351654,-37.473738],[-73.351775,-37.474321],[-73.35174,-37.474369]]]}, "properties" : {"id" : "33-33.d", "nombre_bloque" : "33.d", "territorio_padre" : 33, "color" : null}}, {"type" : "Feature", "geometry" : {"type":"Polygon","coordinates":[[[-73.351625,-37.475289],[-73.351876,-37.47527],[-73.35193,-37.47543],[-73.351955,-37.475548],[-73.351974,-37.475899],[-73.351988,-37.476076],[-73.351933,-37.476161],[-73.351842,-37.476218],[-73.351743,-37.476261],[-73.35166,-37.476277],[-73.351543,-37.476273],[-73.351464,-37.476261],[-73.351254,-37.476244],[-73.351323,-37.476057],[-73.35148,-37.476044],[-73.351482,-37.476082],[-73.351573,-37.476059],[-73.351214,-37.474962],[-73.351273,-37.474942],[-73.351345,-37.474933],[-73.351422,-37.474905],[-73.351459,-37.474843],[-73.351475,-37.47478],[-73.351365,-37.47449],[-73.351735,-37.47443],[-73.351799,-37.474884],[-73.351766,-37.474973],[-73.351703,-37.474982],[-73.351728,-37.475143],[-73.351605,-37.475165],[-73.351625,-37.475289]]]}, "properties" : {"id" : "33-33.e", "nombre_bloque" : "33.e", "territorio_padre" : 33, "color" : null}}, {"type" : "Feature", "geometry" : {"type":"Polygon","coordinates":[[[-73.350583,-37.47438],[-73.350471,-37.474006],[-73.351069,-37.473874],[-73.351168,-37.474256],[-73.350583,-37.47438]]]}, "properties" : {"id" : "34-34.a", "nombre_bloque" : "34.a", "territorio_padre" : 34, "color" : null}}, {"type" : "Feature", "geometry" : {"type":"Polygon","coordinates":[[[-73.350682,-37.474674],[-73.350587,-37.47442],[-73.351163,-37.474299],[-73.351253,-37.474555],[-73.350682,-37.474674]]]}, "properties" : {"id" : "34-34.b", "nombre_bloque" : "34.b", "territorio_padre" : 34, "color" : null}}, {"type" : "Feature", "geometry" : {"type":"Polygon","coordinates":[[[-73.350778,-37.474973],[-73.350688,-37.474706],[-73.351264,-37.474596],[-73.351347,-37.474856],[-73.350778,-37.474973]]]}, "properties" : {"id" : "34-34.c", "nombre_bloque" : "34.c", "territorio_padre" : 34, "color" : null}}, {"type" : "Feature", "geometry" : {"type":"Polygon","coordinates":[[[-73.350394,-37.475051],[-73.350149,-37.474285],[-73.350475,-37.474208],[-73.350714,-37.47498],[-73.350394,-37.475051]]]}, "properties" : {"id" : "34-34.d", "nombre_bloque" : "34.d", "territorio_padre" : 34, "color" : null}}, {"type" : "Feature", "geometry" : {"type":"Polygon","coordinates":[[[-73.351121,-37.474977],[-73.351195,-37.475249],[-73.350538,-37.475384],[-73.350514,-37.475348],[-73.35048,-37.475244],[-73.350434,-37.475104],[-73.351121,-37.474977]]]}, "properties" : {"id" : "34-34.e", "nombre_bloque" : "34.e", "territorio_padre" : 34, "color" : null}}, {"type" : "Feature", "geometry" : {"type":"Polygon","coordinates":[[[-73.350914,-37.475849],[-73.35088,-37.475751],[-73.35084,-37.475621],[-73.350805,-37.475493],[-73.35077,-37.475364],[-73.351198,-37.475281],[-73.351333,-37.475773],[-73.350914,-37.475849]]]}, "properties" : {"id" : "34-34.f", "nombre_bloque" : "34.f", "territorio_padre" : 34, "color" : null}}, {"type" : "Feature", "geometry" : {"type":"Polygon","coordinates":[[[-73.351258,-37.47615],[-73.351109,-37.476108],[-73.350991,-37.476034],[-73.350861,-37.475945],[-73.350806,-37.475905],[-73.350858,-37.475885],[-73.350966,-37.475866],[-73.351153,-37.475832],[-73.351281,-37.475816],[-73.351331,-37.475996],[-73.351258,-37.47615]]]}, "properties" : {"id" : "34-34.g", "nombre_bloque" : "34.g", "territorio_padre" : 34, "color" : null}}, {"type" : "Feature", "geometry" : {"type":"Polygon","coordinates":[[[-73.350493,-37.474109],[-73.350129,-37.474185],[-73.34962,-37.472656],[-73.350001,-37.472588],[-73.350154,-37.473141],[-73.350204,-37.473328],[-73.3503056,-37.4736101],[-73.350493,-37.474109]]]}, "properties" : {"id" : "35-35.a", "nombre_bloque" : "35.a", "territorio_padre" : 35, "color" : null}}, {"type" : "Feature", "geometry" : {"type":"Polygon","coordinates":[[[-73.3495,-37.472687],[-73.349788,-37.473618],[-73.349577,-37.473645],[-73.349297,-37.47273],[-73.3495,-37.472687]]]}, "properties" : {"id" : "35-35.b", "nombre_bloque" : "35.b", "territorio_padre" : 35, "color" : null}}, {"type" : "Feature", "geometry" : {"type":"Polygon","coordinates":[[[-73.349192,-37.472743],[-73.349504,-37.473718],[-73.3491,-37.473799],[-73.348794,-37.472818],[-73.349192,-37.472743]]]}, "properties" : {"id" : "35-35.c", "nombre_bloque" : "35.c", "territorio_padre" : 35, "color" : null}}, {"type" : "Feature", "geometry" : {"type":"Polygon","coordinates":[[[-73.349976,-37.474031],[-73.349342,-37.474155],[-73.348974,-37.47416],[-73.348546,-37.474196],[-73.348066,-37.474209],[-73.34767,-37.474197],[-73.347125,-37.474132],[-73.347118,-37.474053],[-73.34751,-37.474037],[-73.348481,-37.473965],[-73.348969,-37.473919],[-73.349262,-37.473902],[-73.349613,-37.473831],[-73.349578,-37.473713],[-73.349863,-37.47366],[-73.349976,-37.474031]]]}, "properties" : {"id" : "35-35.d", "nombre_bloque" : "35.d", "territorio_padre" : 35, "color" : null}}, {"type" : "Feature", "geometry" : {"type":"Polygon","coordinates":[[[-73.349627,-37.474182],[-73.349758,-37.474634],[-73.349756,-37.474683],[-73.349452,-37.474537],[-73.349322,-37.47449],[-73.349013,-37.47443],[-73.34899,-37.474338],[-73.349203,-37.47426],[-73.349627,-37.474182]]]}, "properties" : {"id" : "35-35.e", "nombre_bloque" : "35.e", "territorio_padre" : 35, "color" : null}}, {"type" : "Feature", "geometry" : {"type":"Polygon","coordinates":[[[-73.350421,-37.475377],[-73.350108,-37.475004],[-73.349838,-37.47474],[-73.349838,-37.474674],[-73.34968,-37.474171],[-73.349998,-37.474094],[-73.350292,-37.475038],[-73.350385,-37.475141],[-73.350415,-37.475173],[-73.350448,-37.475242],[-73.350474,-37.47537],[-73.350421,-37.475377]]]}, "properties" : {"id" : "35-35.f", "nombre_bloque" : "35.f", "territorio_padre" : 35, "color" : null}}, {"type" : "Feature", "geometry" : {"type":"Polygon","coordinates":[[[-73.348397,-37.471841],[-73.348704,-37.472718],[-73.348486,-37.472762],[-73.348281,-37.472106],[-73.348275,-37.472088],[-73.348264,-37.472079],[-73.348244,-37.472079],[-73.348228,-37.472088],[-73.348221,-37.472105],[-73.348415,-37.472777],[-73.348082,-37.472847],[-73.348039,-37.472804],[-73.347941,-37.472785],[-73.347723,-37.472164],[-73.34743,-37.472239],[-73.347566,-37.472066],[-73.347699,-37.471994],[-73.348397,-37.471841]]]}, "properties" : {"id" : "36-36.a", "nombre_bloque" : "36.a", "territorio_padre" : 36, "color" : null}}, {"type" : "Feature", "geometry" : {"type":"Polygon","coordinates":[[[-73.3499282,-37.4710427],[-73.3499351,-37.4712149],[-73.3483848,-37.471598],[-73.3484599,-37.4718407],[-73.3479235,-37.4719301],[-73.3477357,-37.4719812],[-73.347566,-37.472066],[-73.3475104,-37.4720834],[-73.3477518,-37.4718961],[-73.3479557,-37.4717939],[-73.3481863,-37.4716406],[-73.3483633,-37.4715384],[-73.3486369,-37.4714277],[-73.3490875,-37.4712872],[-73.349447,-37.4711723],[-73.3499282,-37.4710427]]]}, "properties" : {"id" : "36-36.b", "nombre_bloque" : "36.b", "territorio_padre" : 36, "color" : null}}, {"type" : "Feature", "geometry" : {"type":"Polygon","coordinates":[[[-73.349439,-37.471125],[-73.34868,-37.471343],[-73.348349,-37.471456],[-73.348102,-37.471584],[-73.347841,-37.471729],[-73.347543,-37.471895],[-73.347335,-37.47211],[-73.347214,-37.472288],[-73.34696,-37.472654],[-73.346869,-37.472815],[-73.346761,-37.472993],[-73.346745,-37.473115],[-73.346536,-37.473093],[-73.346551,-37.473004],[-73.346618,-37.472852],[-73.346724,-37.47259],[-73.346819,-37.472276],[-73.346951,-37.471981],[-73.34731,-37.471643],[-73.34749,-37.471659],[-73.347619,-37.47153],[-73.347704,-37.471541],[-73.347884,-37.471423],[-73.34803,-37.471345],[-73.348001,-37.471272],[-73.34802,-37.47118],[-73.34822,-37.471142],[-73.348272,-37.47122],[-73.348377,-37.471176],[-73.348592,-37.471117],[-73.34885,-37.471053],[-73.349342,-37.470909],[-73.349439,-37.471125]]]}, "properties" : {"id" : "36-36.c", "nombre_bloque" : "36.c", "territorio_padre" : 36, "color" : null}}, {"type" : "Feature", "geometry" : {"type":"Polygon","coordinates":[[[-73.34864,-37.471035],[-73.348322,-37.471087],[-73.347997,-37.471109],[-73.347633,-37.471455],[-73.347189,-37.471577],[-73.346534,-37.471111],[-73.346651,-37.471035],[-73.34701,-37.470496],[-73.34743,-37.470532],[-73.347921,-37.470666],[-73.348356,-37.470723],[-73.349236,-37.47068],[-73.349311,-37.47087],[-73.34864,-37.471035]]]}, "properties" : {"id" : "36-36.d", "nombre_bloque" : "36.d", "territorio_padre" : 36, "color" : null}}, {"type" : "Feature", "geometry" : {"type":"Polygon","coordinates":[[[-73.346093,-37.472972],[-73.346065,-37.473405],[-73.343585,-37.473536],[-73.3435126,-37.4735368],[-73.3435111,-37.4731939],[-73.344662,-37.473101],[-73.346093,-37.472972]]]}, "properties" : {"id" : "36-36.e", "nombre_bloque" : "36.e", "territorio_padre" : 36, "color" : null}}, {"type" : "Feature", "geometry" : {"type":"Polygon","coordinates":[[[-73.346792,-37.473457],[-73.346584,-37.474297],[-73.345241,-37.474354],[-73.343402,-37.474221],[-73.3434498,-37.4736616],[-73.345663,-37.473549],[-73.346441,-37.473505],[-73.346792,-37.473457]]]}, "properties" : {"id" : "36-36.f", "nombre_bloque" : "36.f", "territorio_padre" : 36, "color" : null}}, {"type" : "Feature", "geometry" : {"type":"Polygon","coordinates":[[[-73.347564,-37.47632],[-73.347188,-37.476298],[-73.346803,-37.476309],[-73.346393,-37.476365],[-73.346404,-37.476341],[-73.346464,-37.476191],[-73.346523,-37.476044],[-73.346599,-37.475834],[-73.347062,-37.475953],[-73.347372,-37.476015],[-73.347684,-37.476068],[-73.347564,-37.47632]]]}, "properties" : {"id" : "37-37.a", "nombre_bloque" : "37.a", "territorio_padre" : 37, "color" : null}}, {"type" : "Feature", "geometry" : {"type":"Polygon","coordinates":[[[-73.347713,-37.476017],[-73.347673,-37.476031],[-73.34668,-37.475777],[-73.346652,-37.475748],[-73.346753,-37.475503],[-73.346902,-37.475099],[-73.347134,-37.475172],[-73.348071,-37.475457],[-73.347713,-37.476017]]]}, "properties" : {"id" : "37-37.b", "nombre_bloque" : "37.b", "territorio_padre" : 37, "color" : null}}, {"type" : "Feature", "geometry" : {"type":"Polygon","coordinates":[[[-73.348448,-37.474686],[-73.348112,-37.475387],[-73.347573,-37.47523],[-73.347683,-37.475023],[-73.347772,-37.474829],[-73.34787,-37.474608],[-73.348149,-37.474625],[-73.348448,-37.474686]]]}, "properties" : {"id" : "37-37.c", "nombre_bloque" : "37.c", "territorio_padre" : 37, "color" : null}}, {"type" : "Feature", "geometry" : {"type":"Polygon","coordinates":[[[-73.347747,-37.474586],[-73.34748,-37.475093],[-73.347448,-37.475194],[-73.34717,-37.475105],[-73.346962,-37.475035],[-73.347141,-37.47458],[-73.347747,-37.474586]]]}, "properties" : {"id" : "37-37.d", "nombre_bloque" : "37.d", "territorio_padre" : 37, "color" : null}}, {"type" : "Feature", "geometry" : {"type":"Polygon","coordinates":[[[-73.348325,-37.475906],[-73.348927,-37.476188],[-73.348828,-37.476318],[-73.349099,-37.476456],[-73.348782,-37.476819],[-73.348461,-37.476647],[-73.348244,-37.476547],[-73.348039,-37.476477],[-73.34788,-37.476438],[-73.347607,-37.476359],[-73.347688,-37.476175],[-73.347824,-37.475955],[-73.347933,-37.475779],[-73.348325,-37.475906]]]}, "properties" : {"id" : "38-38.a", "nombre_bloque" : "38.a", "territorio_padre" : 38, "color" : null}}, {"type" : "Feature", "geometry" : {"type":"Polygon","coordinates":[[[-73.349043,-37.476139],[-73.348558,-37.475917],[-73.348334,-37.475809],[-73.348181,-37.475765],[-73.347971,-37.475718],[-73.348108,-37.475485],[-73.349273,-37.475828],[-73.349043,-37.476139]]]}, "properties" : {"id" : "38-38.b", "nombre_bloque" : "38.b", "territorio_padre" : 38, "color" : null}}, {"type" : "Feature", "geometry" : {"type":"Polygon","coordinates":[[[-73.349699,-37.47541],[-73.349407,-37.475748],[-73.34913,-37.475675],[-73.348826,-37.47559],[-73.348553,-37.475512],[-73.34822,-37.47542],[-73.348372,-37.475085],[-73.348529,-37.474691],[-73.348848,-37.474774],[-73.349134,-37.474914],[-73.349351,-37.475066],[-73.349699,-37.47541]]]}, "properties" : {"id" : "38-38.c", "nombre_bloque" : "38.c", "territorio_padre" : 38, "color" : null}}, {"type" : "Feature", "geometry" : {"type":"Polygon","coordinates":[[[-73.350544,-37.47704],[-73.350294,-37.47704],[-73.350015,-37.477055],[-73.349776,-37.477097],[-73.349427,-37.477171],[-73.349255,-37.477065],[-73.348842,-37.47685],[-73.349204,-37.476477],[-73.349411,-37.476581],[-73.349636,-37.476716],[-73.349857,-37.476667],[-73.350248,-37.476729],[-73.35072,-37.476818],[-73.350732,-37.477053],[-73.350544,-37.47704]]]}, "properties" : {"id" : "39-39.a", "nombre_bloque" : "39.a", "territorio_padre" : 39, "color" : null}}, {"type" : "Feature", "geometry" : {"type":"Polygon","coordinates":[[[-73.3499942,-37.4760948],[-73.3498815,-37.4761799],[-73.349793,-37.4762587],[-73.3497662,-37.4763375],[-73.3497662,-37.4763992],[-73.3497876,-37.476495],[-73.3498413,-37.4765865],[-73.349683,-37.4766674],[-73.3492324,-37.4764482],[-73.349337,-37.4763375],[-73.3495087,-37.4764247],[-73.3495516,-37.4763481],[-73.349168,-37.4761757],[-73.3494389,-37.475816],[-73.3499217,-37.4760288],[-73.3499942,-37.4760948]]]}, "properties" : {"id" : "39-39.b", "nombre_bloque" : "39.b", "territorio_padre" : 39, "color" : null}}, {"type" : "Feature", "geometry" : {"type":"Polygon","coordinates":[[[-73.349973,-37.476012],[-73.349513,-37.475771],[-73.349696,-37.475547],[-73.34978,-37.47543],[-73.350132,-37.475833],[-73.349973,-37.476012]]]}, "properties" : {"id" : "39-39.c", "nombre_bloque" : "39.c", "territorio_padre" : 39, "color" : null}}, {"type" : "Feature", "geometry" : {"type":"Polygon","coordinates":[[[-73.3499942,-37.4760948],[-73.35008,-37.4760267],[-73.3501497,-37.4759586],[-73.3502034,-37.4759075],[-73.3502195,-37.4758479],[-73.3500478,-37.4756691],[-73.3499298,-37.4754988],[-73.3498439,-37.4753838],[-73.3496777,-37.4752561],[-73.3494792,-37.4751114],[-73.3493451,-37.4749794],[-73.3490393,-37.4747921],[-73.3488569,-37.4747027],[-73.3485511,-37.4746303],[-73.3485619,-37.474592],[-73.3488247,-37.4745877],[-73.3492056,-37.4746899],[-73.3494953,-37.4748134],[-73.3497957,-37.4750177],[-73.3499995,-37.4751923],[-73.3501926,-37.4754434],[-73.3503589,-37.4756946],[-73.3504609,-37.4758223],[-73.3504662,-37.4759458],[-73.3503107,-37.4760267],[-73.3499942,-37.4760948]]]}, "properties" : {"id" : "39-39.d", "nombre_bloque" : "39.d", "territorio_padre" : 39, "color" : null}}, {"type" : "Feature", "geometry" : {"type":"Polygon","coordinates":[[[-73.356635,-37.434296],[-73.356859,-37.434807],[-73.357482,-37.435431],[-73.356993,-37.435677],[-73.356744,-37.435782],[-73.356489,-37.435864],[-73.356178,-37.435921],[-73.356113,-37.435441],[-73.356092,-37.435353],[-73.356017,-37.43513],[-73.355974,-37.43492],[-73.355837,-37.434554],[-73.356635,-37.434296]]]}, "properties" : {"id" : "1-1.a", "nombre_bloque" : "1.a", "territorio_padre" : 1, "color" : "#00FF00"}}, {"type" : "Feature", "geometry" : {"type":"Polygon","coordinates":[[[-73.355862,-37.434908],[-73.355285,-37.434958],[-73.355122,-37.434948],[-73.354988,-37.434532],[-73.355001,-37.434532],[-73.355589,-37.434445],[-73.355728,-37.43456],[-73.355862,-37.434908]]]}, "properties" : {"id" : "1-1.b", "nombre_bloque" : "1.b", "territorio_padre" : 1, "color" : "#00FF00"}}, {"type" : "Feature", "geometry" : {"type":"Polygon","coordinates":[[[-73.356081,-37.435904],[-73.355775,-37.435928],[-73.355433,-37.43599],[-73.355285,-37.435514],[-73.355241,-37.435279],[-73.355189,-37.43502],[-73.355195,-37.435026],[-73.355549,-37.435003],[-73.35587,-37.434979],[-73.356038,-37.435395],[-73.356081,-37.435904]]]}, "properties" : {"id" : "1-1.c", "nombre_bloque" : "1.c", "territorio_padre" : 1, "color" : "#00FF00"}}, {"type" : "Feature", "geometry" : {"type":"Polygon","coordinates":[[[-73.356192,-37.436852],[-73.355695,-37.436932],[-73.355465,-37.436061],[-73.355815,-37.435986],[-73.356083,-37.436034],[-73.356192,-37.436852]]]}, "properties" : {"id" : "1-1.d", "nombre_bloque" : "1.d", "territorio_padre" : 1, "color" : "#00FF00"}}, {"type" : "Feature", "geometry" : {"type":"Polygon","coordinates":[[[-73.358622,-37.437666],[-73.358023,-37.43801],[-73.357557,-37.438339],[-73.357232,-37.438503],[-73.356925,-37.438581],[-73.356729,-37.438078],[-73.356663,-37.437853],[-73.356562,-37.437507],[-73.3565,-37.437413],[-73.356402,-37.437207],[-73.356318,-37.436914],[-73.356283,-37.436749],[-73.35623,-37.436425],[-73.356186,-37.435996],[-73.356787,-37.435848],[-73.3575,-37.435511],[-73.358622,-37.437666]]]}, "properties" : {"id" : "1-1.e", "nombre_bloque" : "1.e", "territorio_padre" : 1, "color" : "#00FF00"}}, {"type" : "Feature", "geometry" : {"type":"Polygon","coordinates":[[[-73.354856,-37.436127],[-73.355354,-37.436056],[-73.35551,-37.436534],[-73.355585,-37.436881],[-73.355642,-37.436984],[-73.35568,-37.436999],[-73.356187,-37.436932],[-73.356271,-37.437132],[-73.356358,-37.43731],[-73.356461,-37.437486],[-73.356564,-37.437823],[-73.356632,-37.438053],[-73.356688,-37.438242],[-73.355548,-37.438451],[-73.354856,-37.436127]]]}, "properties" : {"id" : "1-1.f", "nombre_bloque" : "1.f", "territorio_padre" : 1, "color" : "#00FF00"}}, {"type" : "Feature", "geometry" : {"type":"Polygon","coordinates":[[[-73.356966,-37.43866],[-73.357273,-37.43856],[-73.357637,-37.438376],[-73.358025,-37.438098],[-73.358211,-37.437986],[-73.35839,-37.437906],[-73.358806,-37.437738],[-73.358885,-37.437856],[-73.358854,-37.438243],[-73.358645,-37.438828],[-73.358516,-37.439169],[-73.358268,-37.439426],[-73.35794,-37.439594],[-73.357369,-37.439782],[-73.35731,-37.439539],[-73.357267,-37.439422],[-73.357189,-37.439222],[-73.356966,-37.43866]]]}, "properties" : {"id" : "1-1.g", "nombre_bloque" : "1.g", "territorio_padre" : 1, "color" : "#00FF00"}}, {"type" : "Feature", "geometry" : {"type":"Polygon","coordinates":[[[-73.357387,-37.43988],[-73.357405,-37.439879],[-73.357418,-37.439875],[-73.357973,-37.439676],[-73.358509,-37.439457],[-73.359415,-37.440349],[-73.359541,-37.440725],[-73.35921,-37.440795],[-73.358946,-37.440867],[-73.358694,-37.440936],[-73.358582,-37.440971],[-73.358491,-37.441039],[-73.358372,-37.441154],[-73.35825,-37.441275],[-73.358151,-37.441402],[-73.357952,-37.441519],[-73.35783,-37.441205],[-73.357719,-37.44104],[-73.357585,-37.440511],[-73.35747,-37.440259],[-73.357387,-37.43988]]]}, "properties" : {"id" : "1-1.h", "nombre_bloque" : "1.h", "territorio_padre" : 1, "color" : "#00FF00"}}, {"type" : "Feature", "geometry" : {"type":"Polygon","coordinates":[[[-73.3570086,-37.4430844],[-73.3564126,-37.4414484],[-73.3560416,-37.4400794],[-73.3557426,-37.4389804],[-73.3556066,-37.4384634],[-73.3567686,-37.4382464],[-73.3569936,-37.4387984],[-73.3570296,-37.4389184],[-73.3571186,-37.4391864],[-73.3571976,-37.4394164],[-73.3572736,-37.4396734],[-73.3573156,-37.4398964],[-73.3574006,-37.4401564],[-73.3576006,-37.4406784],[-73.3577356,-37.4411094],[-73.3578696,-37.4414094],[-73.3580366,-37.4418644],[-73.3582106,-37.4424394],[-73.3581566,-37.4426774],[-73.3580916,-37.4429884],[-73.3581576,-37.4430134],[-73.3582456,-37.4426854],[-73.3582916,-37.4424384],[-73.3582186,-37.4420434],[-73.3588636,-37.4423054],[-73.3591846,-37.4425874],[-73.3594506,-37.4428174],[-73.3598686,-37.4432084],[-73.3602356,-37.4435424],[-73.3605556,-37.4439104],[-73.3608456,-37.4443144],[-73.3601546,-37.4446064],[-73.3594796,-37.4448714],[-73.3588866,-37.4450124],[-73.3578706,-37.4451064],[-73.3571846,-37.4452594],[-73.3570086,-37.4430844]]]}, "properties" : {"id" : "1-1.i", "nombre_bloque" : "1.i", "territorio_padre" : 1, "color" : "#00FF00"}}, {"type" : "Feature", "geometry" : {"type":"Polygon","coordinates":[[[-73.359772,-37.441195],[-73.359085,-37.441603],[-73.359052,-37.441649],[-73.359332,-37.441807],[-73.359554,-37.441964],[-73.359768,-37.442199],[-73.359241,-37.442601],[-73.358852,-37.442265],[-73.358451,-37.4421],[-73.358769,-37.441635],[-73.358717,-37.441595],[-73.358613,-37.441688],[-73.358533,-37.441826],[-73.358469,-37.441981],[-73.358412,-37.44206],[-73.358352,-37.442089],[-73.358241,-37.442033],[-73.358146,-37.44196],[-73.358071,-37.441881],[-73.358028,-37.441797],[-73.357991,-37.441704],[-73.357988,-37.441578],[-73.358171,-37.441476],[-73.358266,-37.441375],[-73.358371,-37.441261],[-73.358456,-37.441167],[-73.358614,-37.441042],[-73.358774,-37.440996],[-73.35905,-37.440927],[-73.359588,-37.440782],[-73.359772,-37.441195]]]}, "properties" : {"id" : "1-1.j", "nombre_bloque" : "1.j", "territorio_padre" : 1, "color" : "#00FF00"}}, {"type" : "Feature", "geometry" : {"type":"Polygon","coordinates":[[[-73.360999,-37.443448],[-73.36083,-37.443031],[-73.360551,-37.442791],[-73.360114,-37.442407],[-73.359858,-37.442164],[-73.359547,-37.441871],[-73.359407,-37.441755],[-73.359851,-37.441342],[-73.359948,-37.441296],[-73.359992,-37.44123],[-73.359992,-37.440953],[-73.359816,-37.44],[-73.360441,-37.439977],[-73.360416,-37.440222],[-73.360466,-37.440449],[-73.360583,-37.440783],[-73.360766,-37.441099],[-73.360923,-37.441336],[-73.361168,-37.44178],[-73.361391,-37.442219],[-73.361753,-37.442815],[-73.362172,-37.443363],[-73.36205,-37.443386],[-73.361367,-37.443394],[-73.360999,-37.443448]]]}, "properties" : {"id" : "1-1.k", "nombre_bloque" : "1.k", "territorio_padre" : 1, "color" : "#00FF00"}}, {"type" : "Feature", "geometry" : {"type":"Polygon","coordinates":[[[-73.360382,-37.442747],[-73.360733,-37.443092],[-73.360905,-37.443472],[-73.360241,-37.443478],[-73.359752,-37.443023],[-73.359298,-37.442657],[-73.359832,-37.442258],[-73.360382,-37.442747]]]}, "properties" : {"id" : "1-1.l", "nombre_bloque" : "1.l", "territorio_padre" : 1, "color" : "#00FF00"}}, {"type" : "Feature", "geometry" : {"type":"Polygon","coordinates":[[[-73.362324,-37.443865],[-73.361921,-37.44391],[-73.361631,-37.444012],[-73.36125,-37.444163],[-73.360901,-37.444299],[-73.360295,-37.443534],[-73.360456,-37.443531],[-73.360733,-37.443522],[-73.360925,-37.443523],[-73.361104,-37.443516],[-73.361111,-37.443516],[-73.361248,-37.443463],[-73.361362,-37.443434],[-73.36145,-37.44345],[-73.361551,-37.443448],[-73.361722,-37.443441],[-73.362004,-37.443439],[-73.362218,-37.443402],[-73.362666,-37.44391],[-73.362324,-37.443865]]]}, "properties" : {"id" : "1-1.m", "nombre_bloque" : "1.m", "territorio_padre" : 1, "color" : "#00FF00"}}, {"type" : "Feature", "geometry" : {"type":"Polygon","coordinates":[[[-73.362064,-37.445536],[-73.362007,-37.445377],[-73.361971,-37.44528],[-73.360966,-37.444371],[-73.361824,-37.444042],[-73.362021,-37.443984],[-73.36222,-37.443974],[-73.362425,-37.443992],[-73.362566,-37.444047],[-73.362705,-37.444101],[-73.363068,-37.444553],[-73.363976,-37.445575],[-73.364104,-37.445656],[-73.364285,-37.445705],[-73.364461,-37.445734],[-73.364607,-37.445778],[-73.364777,-37.445893],[-73.36499,-37.44607],[-73.365206,-37.446186],[-73.365346,-37.446217],[-73.365543,-37.446248],[-73.365418,-37.446318],[-73.365136,-37.446514],[-73.36497,-37.446649],[-73.364768,-37.446817],[-73.364478,-37.447088],[-73.364068,-37.446586],[-73.363598,-37.4463],[-73.362787,-37.445683],[-73.362064,-37.445536]]]}, "properties" : {"id" : "1-1.n", "nombre_bloque" : "1.n", "territorio_padre" : 1, "color" : "#00FF00"}}, {"type" : "Feature", "geometry" : {"type":"Polygon","coordinates":[[[-73.364723,-37.445673],[-73.364304,-37.445606],[-73.364132,-37.445545],[-73.363966,-37.445369],[-73.363703,-37.445052],[-73.36348,-37.444743],[-73.363703,-37.444765],[-73.363921,-37.444779],[-73.364083,-37.444785],[-73.364294,-37.444762],[-73.364565,-37.444658],[-73.364655,-37.444644],[-73.364772,-37.444658],[-73.36481,-37.444744],[-73.364784,-37.445104],[-73.364723,-37.445673]]]}, "properties" : {"id" : "1-1.ñ", "nombre_bloque" : "1.ñ", "territorio_padre" : 1, "color" : "#00FF00"}}, {"type" : "Feature", "geometry" : {"type":"Polygon","coordinates":[[[-73.360857,-37.444402],[-73.361687,-37.445133],[-73.361924,-37.445391],[-73.361968,-37.445579],[-73.361913,-37.445747],[-73.361857,-37.44586],[-73.361749,-37.445998],[-73.361503,-37.446271],[-73.361386,-37.446438],[-73.361234,-37.446599],[-73.361227,-37.446613],[-73.361066,-37.446783],[-73.360978,-37.446931],[-73.36097,-37.446936],[-73.360857,-37.447109],[-73.360783,-37.447263],[-73.360632,-37.447443],[-73.360467,-37.447718],[-73.360378,-37.447896],[-73.360324,-37.448023],[-73.360262,-37.448158],[-73.360204,-37.448289],[-73.360089,-37.447928],[-73.359053,-37.446154],[-73.359036,-37.445113],[-73.359691,-37.44492],[-73.360857,-37.444402]]]}, "properties" : {"id" : "1-1.o", "nombre_bloque" : "1.o", "territorio_padre" : 1, "color" : "#00FF00"}}, {"type" : "Feature", "geometry" : {"type":"Polygon","coordinates":[[[-73.361079,-37.446982],[-73.361485,-37.446557],[-73.361888,-37.446141],[-73.361943,-37.446064],[-73.362088,-37.445808],[-73.362094,-37.44564],[-73.36278,-37.44576],[-73.363293,-37.446207],[-73.362467,-37.447068],[-73.36195,-37.447579],[-73.361444,-37.448597],[-73.360657,-37.449546],[-73.360413,-37.448851],[-73.360325,-37.448408],[-73.360499,-37.448041],[-73.36093,-37.447244],[-73.361079,-37.446982]]]}, "properties" : {"id" : "1-1.p", "nombre_bloque" : "1.p", "territorio_padre" : 1, "color" : "#00FF00"}}, {"type" : "Feature", "geometry" : {"type":"Polygon","coordinates":[[[-73.357807,-37.445246],[-73.358873,-37.445133],[-73.358835,-37.445557],[-73.358844,-37.445818],[-73.35889,-37.446151],[-73.359122,-37.446546],[-73.359525,-37.447218],[-73.359966,-37.447972],[-73.360148,-37.448406],[-73.360267,-37.448715],[-73.360353,-37.449056],[-73.360516,-37.449407],[-73.360587,-37.44965],[-73.360644,-37.449874],[-73.360724,-37.450136],[-73.360709,-37.450303],[-73.36069,-37.450574],[-73.36056,-37.450597],[-73.360246,-37.450669],[-73.35995,-37.450668],[-73.359665,-37.450585],[-73.359422,-37.450468],[-73.359257,-37.450297],[-73.359108,-37.450115],[-73.357152,-37.445402],[-73.357807,-37.445246]]]}, "properties" : {"id" : "1-1.q", "nombre_bloque" : "1.q", "territorio_padre" : 1, "color" : "#00FF00"}}, {"type" : "Feature", "geometry" : {"type":"Polygon","coordinates":[[[-73.36394,-37.4476],[-73.363231,-37.44826],[-73.361193,-37.450168],[-73.360785,-37.450519],[-73.360798,-37.450117],[-73.360682,-37.449634],[-73.361242,-37.449148],[-73.361463,-37.44884],[-73.362186,-37.447541],[-73.363595,-37.446358],[-73.364056,-37.446627],[-73.364446,-37.447116],[-73.36394,-37.4476]]]}, "properties" : {"id" : "1-1.r", "nombre_bloque" : "1.r", "territorio_padre" : 1, "color" : "#00FF00"}}, {"type" : "Feature", "geometry" : {"type":"Polygon","coordinates":[[[-73.365972,-37.447061],[-73.365779,-37.447308],[-73.365769,-37.44759],[-73.364497,-37.44925],[-73.363117,-37.44856],[-73.364929,-37.446836],[-73.365174,-37.446646],[-73.365972,-37.447061]]]}, "properties" : {"id" : "1-1.s", "nombre_bloque" : "1.s", "territorio_padre" : 1, "color" : "#00FF00"}}, {"type" : "Feature", "geometry" : {"type":"Polygon","coordinates":[[[-73.3655513,-37.4498877],[-73.36555,-37.449887],[-73.365567,-37.449856],[-73.36465,-37.449428],[-73.365912,-37.447772],[-73.366284,-37.447229],[-73.367741,-37.447943],[-73.366701,-37.448809],[-73.36578,-37.44991],[-73.365155,-37.451275],[-73.364781,-37.451926],[-73.364163,-37.452155],[-73.363076,-37.451078],[-73.363207,-37.451014],[-73.363277,-37.451045],[-73.363387,-37.451084],[-73.363561,-37.451063],[-73.363695,-37.450959],[-73.363732,-37.450848],[-73.363708,-37.450728],[-73.36386,-37.450511],[-73.364265,-37.450044],[-73.364593,-37.449527],[-73.365506,-37.449933],[-73.3655513,-37.4498877]],[[-73.365552,-37.449887],[-73.365741,-37.449993],[-73.3655513,-37.4498877],[-73.365552,-37.449887]]]}, "properties" : {"id" : "1-1.t", "nombre_bloque" : "1.t", "territorio_padre" : 1, "color" : "#00FF00"}}, {"type" : "Feature", "geometry" : {"type":"Polygon","coordinates":[[[-73.362916,-37.448763],[-73.364338,-37.449426],[-73.363826,-37.450169],[-73.363444,-37.449988],[-73.363421,-37.450071],[-73.363765,-37.450237],[-73.363447,-37.450677],[-73.363282,-37.45079],[-73.363245,-37.450895],[-73.363257,-37.450998],[-73.363075,-37.451082],[-73.361809,-37.449767],[-73.362916,-37.448763]]]}, "properties" : {"id" : "1-1.u", "nombre_bloque" : "1.u", "territorio_padre" : 1, "color" : "#00FF00"}}, {"type" : "Feature", "geometry" : {"type":"Polygon","coordinates":[[[-73.364147,-37.452148],[-73.363245,-37.452615],[-73.362916,-37.452308],[-73.362619,-37.452135],[-73.362106,-37.45144],[-73.361066,-37.45041],[-73.361786,-37.449785],[-73.364147,-37.452148]]]}, "properties" : {"id" : "1-1.v", "nombre_bloque" : "1.v", "territorio_padre" : 1, "color" : "#00FF00"}}, {"type" : "Feature", "geometry" : {"type":"Polygon","coordinates":[[[-73.361011,-37.450481],[-73.362041,-37.451517],[-73.362579,-37.452247],[-73.362529,-37.45238],[-73.362415,-37.452465],[-73.362254,-37.452663],[-73.362127,-37.452737],[-73.361876,-37.452788],[-73.361643,-37.45292],[-73.361447,-37.453012],[-73.361382,-37.453043],[-73.360545,-37.453073],[-73.360026,-37.452118],[-73.360121,-37.451578],[-73.360305,-37.45127],[-73.361011,-37.450481]]]}, "properties" : {"id" : "1-1.w", "nombre_bloque" : "1.w", "territorio_padre" : 1, "color" : "#00FF00"}}, {"type" : "Feature", "geometry" : {"type":"Polygon","coordinates":[[[-73.362708,-37.452331],[-73.363201,-37.452699],[-73.363572,-37.453027],[-73.363909,-37.453572],[-73.36406,-37.453919],[-73.364616,-37.454621],[-73.365053,-37.454973],[-73.364304,-37.455087],[-73.363753,-37.45504],[-73.363155,-37.455109],[-73.362479,-37.454375],[-73.362303,-37.453928],[-73.361348,-37.453177],[-73.36185,-37.4529],[-73.362101,-37.452864],[-73.362248,-37.452791],[-73.362441,-37.452658],[-73.362529,-37.452549],[-73.362708,-37.452331]]]}, "properties" : {"id" : "1-1.x", "nombre_bloque" : "1.x", "territorio_padre" : 1, "color" : "#00FF00"}}, {"type" : "Feature", "geometry" : {"type":"Polygon","coordinates":[[[-73.360309,-37.45747],[-73.359446,-37.457281],[-73.359941,-37.456236],[-73.360045,-37.456084],[-73.359984,-37.45555],[-73.359927,-37.455199],[-73.359578,-37.454661],[-73.359422,-37.454747],[-73.359017,-37.454365],[-73.358234,-37.453753],[-73.358317,-37.453601],[-73.358429,-37.45355],[-73.358581,-37.453547],[-73.358735,-37.453605],[-73.358845,-37.453541],[-73.358907,-37.453491],[-73.359252,-37.453772],[-73.359406,-37.45392],[-73.359637,-37.454123],[-73.359815,-37.454312],[-73.359976,-37.454497],[-73.360072,-37.45468],[-73.360205,-37.455006],[-73.360317,-37.455352],[-73.36036,-37.455849],[-73.360295,-37.456507],[-73.360309,-37.45747]]]}, "properties" : {"id" : "2-2.a", "nombre_bloque" : "2.a", "territorio_padre" : 2, "color" : null}}, {"type" : "Feature", "geometry" : {"type":"Polygon","coordinates":[[[-73.3588443,-37.453459],[-73.3587243,-37.453528],[-73.3585293,-37.453473],[-73.3583163,-37.453545],[-73.3581683,-37.453759],[-73.3577483,-37.453493],[-73.3574493,-37.453131],[-73.3571573,-37.45283],[-73.3565463,-37.452317],[-73.3561893,-37.452075],[-73.3566233,-37.451712],[-73.3577753,-37.452599],[-73.3588443,-37.453459]]]}, "properties" : {"id" : "2-2.b", "nombre_bloque" : "2.b", "territorio_padre" : 2, "color" : null}}, {"type" : "Feature", "geometry" : {"type":"Polygon","coordinates":[[[-73.356544,-37.451647],[-73.356111,-37.452052],[-73.354243,-37.450558],[-73.354477,-37.450421],[-73.354628,-37.45016],[-73.356544,-37.451647]]]}, "properties" : {"id" : "2-2.c", "nombre_bloque" : "2.c", "territorio_padre" : 2, "color" : null}}, {"type" : "Feature", "geometry" : {"type":"Polygon","coordinates":[[[-73.354545,-37.450103],[-73.354407,-37.450349],[-73.354173,-37.450526],[-73.35314,-37.44973],[-73.352212,-37.448966],[-73.351222,-37.447917],[-73.351526,-37.447859],[-73.351841,-37.447774],[-73.352605,-37.44847],[-73.352912,-37.448769],[-73.353488,-37.449246],[-73.35412,-37.449801],[-73.354545,-37.450103]]]}, "properties" : {"id" : "2-2.d", "nombre_bloque" : "2.d", "territorio_padre" : 2, "color" : null}}, {"type" : "Feature", "geometry" : {"type":"Polygon","coordinates":[[[-73.351385,-37.44774],[-73.351094,-37.447754],[-73.35087,-37.447644],[-73.348843,-37.44589],[-73.347469,-37.444596],[-73.346748,-37.443314],[-73.346978,-37.441641],[-73.347352,-37.439779],[-73.347311,-37.438246],[-73.347347,-37.437533],[-73.348093,-37.436056],[-73.348678,-37.43448],[-73.349344,-37.434485],[-73.349694,-37.434513],[-73.349684,-37.435152],[-73.349483,-37.435522],[-73.348882,-37.436288],[-73.348511,-37.437144],[-73.348459,-37.437236],[-73.348458,-37.437343],[-73.348345,-37.438999],[-73.348206,-37.44057],[-73.348084,-37.441062],[-73.347667,-37.442438],[-73.347585,-37.442965],[-73.347592,-37.443323],[-73.347786,-37.443815],[-73.347971,-37.444123],[-73.348294,-37.44452],[-73.348755,-37.444968],[-73.349441,-37.445619],[-73.350003,-37.446082],[-73.350773,-37.446776],[-73.351659,-37.447657],[-73.351385,-37.44774]]]}, "properties" : {"id" : "2-2.e", "nombre_bloque" : "2.e", "territorio_padre" : 2, "color" : null}}, {"type" : "Feature", "geometry" : {"type":"Polygon","coordinates":[[[-73.348485,-37.438322],[-73.349192,-37.438621],[-73.348959,-37.440527],[-73.349025,-37.440742],[-73.348679,-37.441108],[-73.348683,-37.442058],[-73.348155,-37.442792],[-73.348942,-37.444145],[-73.349534,-37.444682],[-73.35014,-37.445251],[-73.351249,-37.446229],[-73.351546,-37.446611],[-73.352261,-37.447354],[-73.352079,-37.447488],[-73.35188,-37.447609],[-73.351741,-37.447626],[-73.350765,-37.446619],[-73.350136,-37.44605],[-73.349087,-37.445146],[-73.3481,-37.44414],[-73.347832,-37.443636],[-73.347682,-37.443122],[-73.347759,-37.442525],[-73.347892,-37.441956],[-73.348035,-37.441526],[-73.348116,-37.441192],[-73.348308,-37.440514],[-73.348485,-37.438322]]]}, "properties" : {"id" : "2-2.f", "nombre_bloque" : "2.f", "territorio_padre" : 2, "color" : null}}, {"type" : "Feature", "geometry" : {"type":"Polygon","coordinates":[[[-73.353599,-37.449217],[-73.353348,-37.449046],[-73.352744,-37.448492],[-73.352545,-37.448289],[-73.351989,-37.447804],[-73.351948,-37.447707],[-73.352402,-37.447461],[-73.353599,-37.449217]]]}, "properties" : {"id" : "2-2.g", "nombre_bloque" : "2.g", "territorio_padre" : 2, "color" : null}}, {"type" : "Feature", "geometry" : {"type":"Polygon","coordinates":[[[-73.353618,-37.449221],[-73.353813,-37.449079],[-73.354144,-37.449298],[-73.35484,-37.44982],[-73.355291,-37.450069],[-73.35548,-37.450214],[-73.35538,-37.450424],[-73.355212,-37.450464],[-73.354907,-37.450267],[-73.354319,-37.449827],[-73.353618,-37.449221]]]}, "properties" : {"id" : "2-2.h", "nombre_bloque" : "2.h", "territorio_padre" : 2, "color" : null}}, {"type" : "Feature", "geometry" : {"type":"Polygon","coordinates":[[[-73.355582,-37.450623],[-73.355877,-37.450637],[-73.356066,-37.450814],[-73.356502,-37.451194],[-73.356703,-37.451236],[-73.357159,-37.451412],[-73.357377,-37.451568],[-73.357652,-37.451743],[-73.357778,-37.451739],[-73.357935,-37.451655],[-73.357889,-37.451736],[-73.357854,-37.452124],[-73.35818,-37.452466],[-73.358423,-37.452552],[-73.358814,-37.452847],[-73.359364,-37.453238],[-73.359729,-37.453757],[-73.359944,-37.453799],[-73.360227,-37.454472],[-73.360051,-37.454498],[-73.359948,-37.454367],[-73.359752,-37.454129],[-73.359475,-37.453863],[-73.359222,-37.453633],[-73.358894,-37.453388],[-73.357898,-37.452587],[-73.357535,-37.452261],[-73.357142,-37.451982],[-73.356814,-37.451723],[-73.356677,-37.451631],[-73.356444,-37.451407],[-73.35627,-37.451341],[-73.355194,-37.450455],[-73.355582,-37.450623]]]}, "properties" : {"id" : "2-2.i", "nombre_bloque" : "2.i", "territorio_padre" : 2, "color" : null}}, {"type" : "Feature", "geometry" : {"type":"Polygon","coordinates":[[[-73.35563,-37.450164],[-73.355303,-37.449965],[-73.354915,-37.449738],[-73.354568,-37.449418],[-73.35526,-37.449323],[-73.356114,-37.449637],[-73.356436,-37.449654],[-73.356949,-37.449668],[-73.357014,-37.449761],[-73.357185,-37.450005],[-73.357407,-37.45032],[-73.357653,-37.450582],[-73.357911,-37.450841],[-73.358173,-37.451033],[-73.358499,-37.451146],[-73.358117,-37.45148],[-73.357996,-37.451573],[-73.357669,-37.451662],[-73.357566,-37.451575],[-73.357362,-37.451434],[-73.357063,-37.451274],[-73.356848,-37.451199],[-73.356555,-37.451097],[-73.355952,-37.450585],[-73.355714,-37.450558],[-73.355578,-37.450533],[-73.355482,-37.450519],[-73.35563,-37.450164]]]}, "properties" : {"id" : "2-2.j", "nombre_bloque" : "2.j", "territorio_padre" : 2, "color" : null}}, {"type" : "Feature", "geometry" : {"type":"Polygon","coordinates":[[[-73.3628027,-37.4599826],[-73.3629421,-37.4603347],[-73.3626766,-37.4604124],[-73.3625546,-37.4600994],[-73.362395,-37.4601494],[-73.362521,-37.4604603],[-73.3622314,-37.4605369],[-73.3621147,-37.4602335],[-73.361943,-37.4602846],[-73.3620597,-37.4605752],[-73.3617714,-37.4606572],[-73.3616587,-37.4603506],[-73.3614938,-37.4603932],[-73.3616145,-37.4606881],[-73.3613288,-37.4607711],[-73.3612094,-37.4604677],[-73.3609935,-37.4605188],[-73.3609546,-37.4604294],[-73.3611705,-37.4603698],[-73.3612068,-37.4604337],[-73.3614307,-37.4603666],[-73.36142,-37.4603027],[-73.3616332,-37.4602484],[-73.3616601,-37.4603144],[-73.3619001,-37.460258],[-73.3618746,-37.4601899],[-73.3620892,-37.4601367],[-73.3621202,-37.4601924],[-73.3623399,-37.4601393],[-73.3623239,-37.4600696],[-73.362533,-37.4599965],[-73.3625599,-37.4600685],[-73.3628027,-37.4599826]]]}, "properties" : {"id" : "3-3.a", "nombre_bloque" : "3.a", "territorio_padre" : 3, "color" : null}}, {"type" : "Feature", "geometry" : {"type":"Polygon","coordinates":[[[-73.3628027,-37.4599826],[-73.36256,-37.4600608],[-73.362533,-37.4599965],[-73.3623164,-37.4600612],[-73.3623399,-37.4601393],[-73.3621202,-37.4601924],[-73.362095,-37.4601298],[-73.3618694,-37.4601814],[-73.3618846,-37.4602543],[-73.3617811,-37.4602815],[-73.3616686,-37.4603079],[-73.3616396,-37.460238],[-73.3614148,-37.4602962],[-73.3614301,-37.4603588],[-73.3613327,-37.4603949],[-73.3612072,-37.4604244],[-73.3611783,-37.4603603],[-73.3609522,-37.4604205],[-73.3608935,-37.4603015],[-73.3607855,-37.4601065],[-73.3611143,-37.4600235],[-73.361227,-37.4603203],[-73.3613635,-37.4602762],[-73.3612555,-37.4599985],[-73.3615516,-37.4599086],[-73.3616619,-37.4602105],[-73.3618303,-37.4601675],[-73.3617075,-37.4598775],[-73.3620108,-37.4597785],[-73.3621308,-37.4600891],[-73.362292,-37.4600412],[-73.3621595,-37.4597435],[-73.3624365,-37.4596471],[-73.3625658,-37.4599559],[-73.3627621,-37.4598863],[-73.3628027,-37.4599826]]]}, "properties" : {"id" : "3-3.b", "nombre_bloque" : "3.b", "territorio_padre" : 3, "color" : null}}, {"type" : "Feature", "geometry" : {"type":"Polygon","coordinates":[[[-73.3624518,-37.459177],[-73.3622453,-37.4592345],[-73.3623767,-37.4595815],[-73.362087,-37.4596539],[-73.3619663,-37.4593409],[-73.3618403,-37.4593814],[-73.361961,-37.459688],[-73.3616793,-37.4597816],[-73.3615399,-37.4594623],[-73.3613896,-37.4595049],[-73.361505,-37.4598178],[-73.361218,-37.4598966],[-73.3610919,-37.4595773],[-73.3609337,-37.4596198],[-73.3610597,-37.4599562],[-73.3608747,-37.4600052],[-73.3606655,-37.4595496],[-73.3608175,-37.4595081],[-73.3610571,-37.4594516],[-73.3610973,-37.4595368],[-73.3613155,-37.4594646],[-73.3612965,-37.4593961],[-73.361513,-37.4593494],[-73.3615508,-37.4594108],[-73.3617643,-37.4593405],[-73.3617338,-37.4592708],[-73.3619443,-37.4592117],[-73.3619985,-37.459292],[-73.3622024,-37.4592068],[-73.3621726,-37.4591382],[-73.3623901,-37.4590684],[-73.3624518,-37.459177]]]}, "properties" : {"id" : "3-3.c", "nombre_bloque" : "3.c", "territorio_padre" : 3, "color" : null}}, {"type" : "Feature", "geometry" : {"type":"Polygon","coordinates":[[[-73.3608175,-37.4595081],[-73.3606486,-37.4591653],[-73.3609677,-37.4591035],[-73.3610831,-37.4594165],[-73.3612467,-37.4593633],[-73.3611072,-37.4590609],[-73.3613969,-37.4589822],[-73.361539,-37.459293],[-73.3616973,-37.4592526],[-73.3615525,-37.4589524],[-73.3618502,-37.4588587],[-73.3619762,-37.4591546],[-73.3621238,-37.4591227],[-73.3619682,-37.4588182],[-73.3622364,-37.4587267],[-73.3623866,-37.4590546],[-73.3621726,-37.4591382],[-73.3621908,-37.4591929],[-73.3619897,-37.4592664],[-73.3619443,-37.4592117],[-73.3617338,-37.4592708],[-73.3617643,-37.4593405],[-73.3615508,-37.4594108],[-73.3615106,-37.4593357],[-73.3612965,-37.4593961],[-73.3613155,-37.4594646],[-73.3610972,-37.4595219],[-73.3610589,-37.4594378],[-73.3608175,-37.4595081]]]}, "properties" : {"id" : "3-3.d", "nombre_bloque" : "3.d", "territorio_padre" : 3, "color" : null}}, {"type" : "Feature", "geometry" : {"type":"Polygon","coordinates":[[[-73.3631168,-37.4584662],[-73.3631919,-37.4586472],[-73.3632697,-37.4586259],[-73.3633475,-37.4587983],[-73.3632804,-37.4588239],[-73.3633421,-37.4590048],[-73.363436,-37.4589857],[-73.3635111,-37.4591518],[-73.3634145,-37.4591816],[-73.3634843,-37.4593476],[-73.3635889,-37.4593285],[-73.3636613,-37.4595073],[-73.3635781,-37.4595414],[-73.3636613,-37.4597351],[-73.3631785,-37.4598756],[-73.3630632,-37.4596329],[-73.3635379,-37.459518],[-73.363487,-37.45942],[-73.3630444,-37.4595499],[-73.3629183,-37.4593221],[-73.363377,-37.4591752],[-73.3633394,-37.4590666],[-73.3627574,-37.4592454],[-73.3626394,-37.4590048],[-73.3632321,-37.4588239],[-73.3631731,-37.4587174],[-73.3626018,-37.4588941],[-73.3624811,-37.4586535],[-73.3629103,-37.4585194],[-73.3631168,-37.4584662]]]}, "properties" : {"id" : "4-4.a", "nombre_bloque" : "4.a", "territorio_padre" : 4, "color" : null}}, {"type" : "Feature", "geometry" : {"type":"Polygon","coordinates":[[[-73.3632399,-37.4584426],[-73.3633016,-37.4586023],[-73.3636476,-37.4584937],[-73.3637361,-37.4587258],[-73.3634276,-37.4588365],[-73.3634571,-37.4589472],[-73.3640848,-37.458762],[-73.364176,-37.4590068],[-73.3635725,-37.4591921],[-73.3635993,-37.4593028],[-73.3642135,-37.459109],[-73.3642994,-37.459356],[-73.3637254,-37.4595242],[-73.3637871,-37.4597094],[-73.3636851,-37.4597414],[-73.3635966,-37.4595476],[-73.3636613,-37.4595073],[-73.3635889,-37.4593285],[-73.3634843,-37.4593476],[-73.363441,-37.4591963],[-73.3635322,-37.4591601],[-73.363436,-37.4589857],[-73.3633421,-37.4590048],[-73.3632804,-37.4588239],[-73.3633686,-37.4588024],[-73.3632882,-37.4586321],[-73.3631996,-37.4586321],[-73.363138,-37.4584575],[-73.3632399,-37.4584426]]]}, "properties" : {"id" : "4-4.b", "nombre_bloque" : "4.b", "territorio_padre" : 4, "color" : null}}, {"type" : "Feature", "geometry" : {"type":"Polygon","coordinates":[[[-73.3644499,-37.4613009],[-73.3643212,-37.4613478],[-73.3642407,-37.4611775],[-73.3637525,-37.4612882],[-73.3636452,-37.4610455],[-73.3641227,-37.4609135],[-73.3640744,-37.4608113],[-73.3634843,-37.4609773],[-73.3633556,-37.4607133],[-73.363951,-37.46056],[-73.3639027,-37.4604664],[-73.3632965,-37.4606026],[-73.3631893,-37.4603684],[-73.3638008,-37.4602066],[-73.3637579,-37.4601044],[-73.3631678,-37.4602918],[-73.3630605,-37.4600192],[-73.3637042,-37.4598276],[-73.3637793,-37.4600278],[-73.3638759,-37.4600107],[-73.3639671,-37.4601768],[-73.3638759,-37.4602236],[-73.3639403,-37.4603727],[-73.3640207,-37.4603727],[-73.3641227,-37.460543],[-73.3640261,-37.4605771],[-73.3641119,-37.4607644],[-73.3641978,-37.4607389],[-73.3642782,-37.4609135],[-73.3641817,-37.4609433],[-73.3642675,-37.4611051],[-73.3643641,-37.4611051],[-73.3644499,-37.4613009]]]}, "properties" : {"id" : "5-5.a", "nombre_bloque" : "5.a", "territorio_padre" : 5, "color" : "#469990"}}, {"type" : "Feature", "geometry" : {"type":"Polygon","coordinates":[[[-73.3650812,-37.4610796],[-73.3644643,-37.4612861],[-73.3643677,-37.4610839],[-73.3642675,-37.4611051],[-73.3641817,-37.4609433],[-73.3642782,-37.4609135],[-73.3641978,-37.4607389],[-73.3641183,-37.4607496],[-73.3640261,-37.4605771],[-73.3641227,-37.460543],[-73.3640485,-37.4603749],[-73.3639403,-37.4603727],[-73.363893,-37.460211],[-73.3639671,-37.4601768],[-73.3639707,-37.460162],[-73.3638759,-37.4600107],[-73.3637857,-37.4600087],[-73.3637347,-37.4598384],[-73.363842,-37.4598171],[-73.3639171,-37.4599768],[-73.3639493,-37.4599661],[-73.3645528,-37.4598256],[-73.3646628,-37.4600598],[-73.3640217,-37.4602195],[-73.36407,-37.4603472],[-73.3646923,-37.4601641],[-73.3647888,-37.4604047],[-73.3641692,-37.4605772],[-73.3642229,-37.4606921],[-73.3648478,-37.4605154],[-73.3649497,-37.4607581],[-73.3643328,-37.4609391],[-73.3643677,-37.4610328],[-73.3649712,-37.4608518],[-73.3650812,-37.4610796]]]}, "properties" : {"id" : "5-5.b", "nombre_bloque" : "5.b", "territorio_padre" : 5, "color" : "#469990"}}, {"type" : "Feature", "geometry" : {"type":"Polygon","coordinates":[[[-73.3633,-37.461678],[-73.361297,-37.462215],[-73.361149,-37.461876],[-73.361514,-37.461783],[-73.361618,-37.462012],[-73.361675,-37.461994],[-73.361579,-37.461769],[-73.361912,-37.461692],[-73.362015,-37.461927],[-73.362074,-37.46191],[-73.361981,-37.461675],[-73.362357,-37.461581],[-73.362448,-37.461795],[-73.362522,-37.461775],[-73.362435,-37.46156],[-73.362732,-37.461485],[-73.362806,-37.461668],[-73.362864,-37.461653],[-73.362792,-37.46147],[-73.363178,-37.461364],[-73.3633,-37.461678]]]}, "properties" : {"id" : "6-6.a", "nombre_bloque" : "6.a", "territorio_padre" : 6, "color" : "#000075"}}, {"type" : "Feature", "geometry" : {"type":"Polygon","coordinates":[[[-73.3611199,-37.461421],[-73.361077,-37.4613295],[-73.361313,-37.4612604],[-73.3613371,-37.4613359],[-73.3615785,-37.4612763],[-73.361549,-37.4612008],[-73.3617609,-37.4611348],[-73.3617931,-37.4612114],[-73.3620157,-37.4611454],[-73.3619996,-37.4610858],[-73.3622089,-37.4610241],[-73.3622437,-37.4610965],[-73.3624663,-37.461039],[-73.362461,-37.4609803],[-73.3626702,-37.4609134],[-73.3627212,-37.4609815],[-73.3629411,-37.4609335],[-73.3629143,-37.460841],[-73.3629384,-37.4608441],[-73.3631503,-37.4608015],[-73.3631986,-37.4608994],[-73.3630028,-37.4609633],[-73.3631637,-37.4612677],[-73.3628392,-37.461355],[-73.3627158,-37.4610463],[-73.3625307,-37.461091],[-73.3626648,-37.4613912],[-73.3623698,-37.4614572],[-73.3622464,-37.461157],[-73.3620721,-37.4611975],[-73.3622089,-37.4615062],[-73.3619084,-37.4615914],[-73.3617824,-37.4612592],[-73.3616322,-37.4613167],[-73.3617609,-37.4616233],[-73.3614525,-37.4616935],[-73.3613371,-37.4613721],[-73.3611199,-37.461421]]]}, "properties" : {"id" : "6-6.b", "nombre_bloque" : "6.b", "territorio_padre" : 6, "color" : "#000075"}}, {"type" : "Feature", "geometry" : {"type":"Polygon","coordinates":[[[-73.3610609,-37.4613136],[-73.3609241,-37.46099],[-73.361203,-37.4609091],[-73.3613318,-37.4612072],[-73.3614793,-37.4611603],[-73.3613505,-37.460875],[-73.361651,-37.4607877],[-73.361769,-37.4610773],[-73.361938,-37.4610368],[-73.3618065,-37.4607622],[-73.3621043,-37.4606792],[-73.3622169,-37.4609772],[-73.3623966,-37.4609346],[-73.3622571,-37.4606345],[-73.3625736,-37.4605621],[-73.3626836,-37.4608665],[-73.3628392,-37.4608239],[-73.3626943,-37.4605301],[-73.3629813,-37.4604407],[-73.3631503,-37.4607835],[-73.3629143,-37.460841],[-73.3629291,-37.4609272],[-73.3627212,-37.4609815],[-73.3626702,-37.4609134],[-73.3624583,-37.4609666],[-73.3624663,-37.461039],[-73.3622437,-37.4610965],[-73.3622089,-37.4610241],[-73.3619996,-37.4610858],[-73.3620157,-37.4611454],[-73.3617931,-37.4612114],[-73.3617609,-37.4611348],[-73.361549,-37.4612008],[-73.3615571,-37.461271],[-73.3613398,-37.4613221],[-73.361313,-37.4612604],[-73.3610609,-37.4613136]]]}, "properties" : {"id" : "6-6.c", "nombre_bloque" : "6.c", "territorio_padre" : 6, "color" : "#000075"}}, {"type" : "Feature", "geometry" : {"type":"Polygon","coordinates":[[[-73.360265,-37.459658],[-73.358881,-37.459571],[-73.358948,-37.459152],[-73.358964,-37.458194],[-73.35945,-37.457312],[-73.360428,-37.457531],[-73.360271,-37.458463],[-73.360202,-37.458849],[-73.360265,-37.459658]]]}, "properties" : {"id" : "7-7.a", "nombre_bloque" : "7.a", "territorio_padre" : 7, "color" : "#800000"}}, {"type" : "Feature", "geometry" : {"type":"Polygon","coordinates":[[[-73.360867,-37.462738],[-73.360905,-37.463182],[-73.360837,-37.463536],[-73.360716,-37.463852],[-73.360513,-37.464145],[-73.360153,-37.464517],[-73.360028,-37.464369],[-73.360307,-37.464043],[-73.360404,-37.463885],[-73.360531,-37.463625],[-73.360645,-37.46321],[-73.360666,-37.462767],[-73.360523,-37.462123],[-73.360394,-37.4619],[-73.360217,-37.461642],[-73.359559,-37.460769],[-73.359446,-37.460548],[-73.359446,-37.460476],[-73.359599,-37.460079],[-73.359927,-37.460072],[-73.360396,-37.460139],[-73.360867,-37.462738]]]}, "properties" : {"id" : "7-7.b", "nombre_bloque" : "7.b", "territorio_padre" : 7, "color" : "#800000"}}, {"type" : "Feature", "geometry" : {"type":"Polygon","coordinates":[[[-73.359871,-37.459986],[-73.359488,-37.459998],[-73.359334,-37.460122],[-73.359241,-37.460506],[-73.359372,-37.460805],[-73.359646,-37.461235],[-73.359821,-37.461408],[-73.3603,-37.462088],[-73.3604,-37.462503],[-73.36047,-37.463023],[-73.360362,-37.463634],[-73.359924,-37.464309],[-73.359772,-37.464234],[-73.359584,-37.464071],[-73.359844,-37.463683],[-73.360065,-37.463124],[-73.360037,-37.462582],[-73.359847,-37.46206],[-73.359395,-37.46144],[-73.358956,-37.461079],[-73.358858,-37.460838],[-73.358758,-37.460544],[-73.358759,-37.460095],[-73.35891,-37.459838],[-73.359565,-37.459654],[-73.360304,-37.459732],[-73.36038,-37.460065],[-73.359871,-37.459986]]]}, "properties" : {"id" : "7-7.c", "nombre_bloque" : "7.c", "territorio_padre" : 7, "color" : "#800000"}}, {"type" : "Feature", "geometry" : {"type":"Polygon","coordinates":[[[-73.359915,-37.462398],[-73.359989,-37.462793],[-73.359969,-37.463189],[-73.359806,-37.463599],[-73.359547,-37.464058],[-73.359464,-37.463824],[-73.359365,-37.463663],[-73.359183,-37.463294],[-73.359273,-37.463301],[-73.359446,-37.463387],[-73.359526,-37.463487],[-73.359552,-37.463374],[-73.359613,-37.463247],[-73.359553,-37.463228],[-73.359484,-37.46335],[-73.359179,-37.46322],[-73.359046,-37.463036],[-73.359225,-37.462953],[-73.359297,-37.463007],[-73.359419,-37.462902],[-73.35945,-37.462777],[-73.35924,-37.462765],[-73.359233,-37.462607],[-73.358961,-37.462429],[-73.358663,-37.462198],[-73.359119,-37.462266],[-73.359529,-37.462367],[-73.359675,-37.46235],[-73.359833,-37.462205],[-73.359915,-37.462398]]]}, "properties" : {"id" : "8-8.a", "nombre_bloque" : "8.a", "territorio_padre" : 8, "color" : null}}, {"type" : "Feature", "geometry" : {"type":"Polygon","coordinates":[[[-73.359213,-37.462901],[-73.359024,-37.463004],[-73.358869,-37.462771],[-73.358721,-37.462549],[-73.358609,-37.462418],[-73.35838,-37.462175],[-73.358426,-37.462116],[-73.358679,-37.462285],[-73.358925,-37.462466],[-73.359144,-37.462605],[-73.359183,-37.462711],[-73.359213,-37.462901]]]}, "properties" : {"id" : "8-8.b", "nombre_bloque" : "8.b", "territorio_padre" : 8, "color" : null}}, {"type" : "Feature", "geometry" : {"type":"Polygon","coordinates":[[[-73.356726,-37.460816],[-73.357502,-37.460967],[-73.35891,-37.461118],[-73.359088,-37.461297],[-73.359217,-37.461412],[-73.359315,-37.461517],[-73.359497,-37.461718],[-73.359622,-37.461854],[-73.359725,-37.461976],[-73.359762,-37.462093],[-73.359775,-37.46217],[-73.359571,-37.462322],[-73.359443,-37.462287],[-73.358862,-37.462173],[-73.358611,-37.462116],[-73.358398,-37.462048],[-73.358193,-37.461926],[-73.358303,-37.461645],[-73.358537,-37.461681],[-73.358734,-37.461684],[-73.358873,-37.461703],[-73.359008,-37.461717],[-73.35901,-37.461828],[-73.359114,-37.461848],[-73.359163,-37.461735],[-73.359009,-37.461658],[-73.358965,-37.461687],[-73.358612,-37.461633],[-73.358491,-37.461576],[-73.358252,-37.461528],[-73.358017,-37.461509],[-73.3575,-37.461475],[-73.357211,-37.461386],[-73.357206,-37.461443],[-73.357505,-37.461534],[-73.358032,-37.461568],[-73.358245,-37.461598],[-73.358123,-37.461907],[-73.357337,-37.461633],[-73.356903,-37.461531],[-73.356313,-37.461364],[-73.356185,-37.461317],[-73.356094,-37.461247],[-73.356015,-37.461118],[-73.356726,-37.460816]]]}, "properties" : {"id" : "8-8.c", "nombre_bloque" : "8.c", "territorio_padre" : 8, "color" : null}}, {"type" : "Feature", "geometry" : {"type":"Polygon","coordinates":[[[-73.358452,-37.462366],[-73.358661,-37.462614],[-73.358804,-37.46287],[-73.358293,-37.463056],[-73.358322,-37.463092],[-73.358833,-37.462911],[-73.359068,-37.463281],[-73.35835,-37.463542],[-73.357981,-37.463637],[-73.357729,-37.46277],[-73.358452,-37.462366]]]}, "properties" : {"id" : "8-8.d", "nombre_bloque" : "8.d", "territorio_padre" : 8, "color" : null}}, {"type" : "Feature", "geometry" : {"type":"Polygon","coordinates":[[[-73.359241,-37.46362],[-73.358926,-37.463771],[-73.358946,-37.463812],[-73.35927,-37.463668],[-73.359448,-37.464087],[-73.359216,-37.464252],[-73.358941,-37.464388],[-73.358829,-37.464482],[-73.358704,-37.464538],[-73.358587,-37.464667],[-73.358164,-37.464876],[-73.357746,-37.464376],[-73.357867,-37.463749],[-73.358161,-37.463667],[-73.3591,-37.463325],[-73.359241,-37.46362]]]}, "properties" : {"id" : "8-8.e", "nombre_bloque" : "8.e", "territorio_padre" : 8, "color" : null}}, {"type" : "Feature", "geometry" : {"type":"Polygon","coordinates":[[[-73.3598441,-37.4651456],[-73.3604151,-37.4653576],[-73.3605811,-37.4654786],[-73.3604601,-37.4659166],[-73.3604711,-37.4660306],[-73.3605301,-37.4660866],[-73.3608341,-37.4662306],[-73.3608751,-37.4662666],[-73.3608881,-37.4663136],[-73.3610571,-37.4664376],[-73.3611521,-37.4665286],[-73.3610391,-37.4667176],[-73.3607601,-37.4670356],[-73.3604941,-37.4673056],[-73.3589481,-37.4660276],[-73.3598441,-37.4651456]]]}, "properties" : {"id" : "9-9.a", "nombre_bloque" : "9.a", "territorio_padre" : 9, "color" : null}}, {"type" : "Feature", "geometry" : {"type":"MultiPolygon","coordinates":[[[[-73.361257,-37.46641],[-73.361195,-37.466486],[-73.361255,-37.4664088],[-73.361257,-37.46641]]],[[[-73.361255,-37.4664088],[-73.361002,-37.466259],[-73.360979,-37.466192],[-73.36093,-37.466145],[-73.360619,-37.466012],[-73.360578,-37.465976],[-73.360569,-37.465893],[-73.3607,-37.465491],[-73.3607,-37.465414],[-73.360611,-37.465313],[-73.360504,-37.465257],[-73.359923,-37.464982],[-73.360568,-37.46434],[-73.361077,-37.464569],[-73.361536,-37.464735],[-73.361902,-37.464831],[-73.362159,-37.465247],[-73.361255,-37.4664088]]]]}, "properties" : {"id" : "9-9.b", "nombre_bloque" : "9.b", "territorio_padre" : 9, "color" : null}}, {"type" : "Feature", "geometry" : {"type":"Polygon","coordinates":[[[-73.3556312,-37.4674172],[-73.3555847,-37.4673703],[-73.356396,-37.467063],[-73.357044,-37.466549],[-73.357288,-37.466342],[-73.357721,-37.465785],[-73.357892,-37.465549],[-73.358085,-37.465387],[-73.358219,-37.465283],[-73.358871,-37.465026],[-73.359409,-37.464774],[-73.359421,-37.464771],[-73.359427,-37.464769],[-73.359945,-37.464441],[-73.360037,-37.464551],[-73.359769,-37.464879],[-73.359755,-37.465012],[-73.358075,-37.466638],[-73.357565,-37.466292],[-73.35727,-37.466641],[-73.356445,-37.467141],[-73.355832,-37.46743],[-73.3556398,-37.4674652],[-73.3556312,-37.4674172]]]}, "properties" : {"id" : "9-9.c", "nombre_bloque" : "9.c", "territorio_padre" : 9, "color" : null}}, {"type" : "Feature", "geometry" : {"type":"Polygon","coordinates":[[[-73.359514,-37.464191],[-73.359669,-37.464294],[-73.359867,-37.464387],[-73.35928,-37.464758],[-73.35828,-37.465174],[-73.358043,-37.465321],[-73.357819,-37.46551],[-73.357583,-37.465841],[-73.357109,-37.46643],[-73.356555,-37.466897],[-73.356306,-37.46703],[-73.35591,-37.467185],[-73.355633,-37.467272],[-73.355464,-37.466906],[-73.355762,-37.466492],[-73.356391,-37.465972],[-73.357365,-37.465031],[-73.357714,-37.46475],[-73.358158,-37.464952],[-73.358408,-37.464845],[-73.35875,-37.464605],[-73.359514,-37.464191]]]}, "properties" : {"id" : "9-9.d", "nombre_bloque" : "9.d", "territorio_padre" : 9, "color" : null}}, {"type" : "Feature", "geometry" : {"type":"Polygon","coordinates":[[[-73.364398,-37.467686],[-73.364434,-37.467761],[-73.364234,-37.46816],[-73.363349,-37.467301],[-73.363703,-37.467045],[-73.364398,-37.467686]]]}, "properties" : {"id" : "10-10.a", "nombre_bloque" : "10.a", "territorio_padre" : 10, "color" : null}}, {"type" : "Feature", "geometry" : {"type":"Polygon","coordinates":[[[-73.364137,-37.466756],[-73.364672,-37.467261],[-73.364463,-37.467651],[-73.363771,-37.467003],[-73.364137,-37.466756]]]}, "properties" : {"id" : "10-10.b", "nombre_bloque" : "10.b", "territorio_padre" : 10, "color" : null}}, {"type" : "Feature", "geometry" : {"type":"Polygon","coordinates":[[[-73.363305,-37.467256],[-73.362746,-37.46674],[-73.363187,-37.466557],[-73.363668,-37.467029],[-73.363305,-37.467256]]]}, "properties" : {"id" : "10-10.c", "nombre_bloque" : "10.c", "territorio_padre" : 10, "color" : null}}, {"type" : "Feature", "geometry" : {"type":"Polygon","coordinates":[[[-73.363739,-37.466955],[-73.363275,-37.466536],[-73.36372,-37.466357],[-73.364108,-37.466719],[-73.363739,-37.466955]]]}, "properties" : {"id" : "10-10.d", "nombre_bloque" : "10.d", "territorio_padre" : 10, "color" : null}}, {"type" : "Feature", "geometry" : {"type":"Polygon","coordinates":[[[-73.363786,-37.466373],[-73.364183,-37.466161],[-73.364361,-37.466271],[-73.364248,-37.466544],[-73.364826,-37.466879],[-73.364667,-37.467207],[-73.363786,-37.466373]]]}, "properties" : {"id" : "10-10.e", "nombre_bloque" : "10.e", "territorio_padre" : 10, "color" : null}}, {"type" : "Feature", "geometry" : {"type":"Polygon","coordinates":[[[-73.362616,-37.466716],[-73.362509,-37.466554],[-73.362442,-37.466523],[-73.362385,-37.466539],[-73.362042,-37.466638],[-73.361735,-37.466352],[-73.3631706,-37.4661421],[-73.3639304,-37.4658222],[-73.364505,-37.465891],[-73.364389,-37.466115],[-73.364178,-37.466071],[-73.36376,-37.466296],[-73.362616,-37.466716]]]}, "properties" : {"id" : "10-10.f", "nombre_bloque" : "10.f", "territorio_padre" : 10, "color" : null}}, {"type" : "Feature", "geometry" : {"type":"Polygon","coordinates":[[[-73.3649445,-37.466867],[-73.3643276,-37.4665307],[-73.3645958,-37.4658792],[-73.3640647,-37.4657302],[-73.3650625,-37.4652661],[-73.3655668,-37.4650106],[-73.3656741,-37.4649084],[-73.3658833,-37.4649553],[-73.3654327,-37.4658792],[-73.3651215,-37.46576],[-73.3647997,-37.4657728],[-73.3648157,-37.4658366],[-73.3650679,-37.4658452],[-73.3653844,-37.4659644],[-73.3649445,-37.466867]]]}, "properties" : {"id" : "10-10.g", "nombre_bloque" : "10.g", "territorio_padre" : 10, "color" : null}}, {"type" : "Feature", "geometry" : {"type":"Polygon","coordinates":[[[-73.3656841,-37.4648739],[-73.3657787,-37.4646845],[-73.3657983,-37.4644248],[-73.3655584,-37.4639054],[-73.3653254,-37.4632328],[-73.3653725,-37.4629409],[-73.3656535,-37.462284],[-73.3657565,-37.4620024],[-73.3657683,-37.4617633],[-73.365771,-37.46123],[-73.365939,-37.461537],[-73.366078,-37.461999],[-73.366088,-37.462268],[-73.36595,-37.462529],[-73.365833,-37.462656],[-73.365745,-37.462913],[-73.365701,-37.463343],[-73.365855,-37.463596],[-73.365846,-37.463855],[-73.3661811,-37.4643676],[-73.3659132,-37.4649224],[-73.3656841,-37.4648739]]]}, "properties" : {"id" : "10-10.h", "nombre_bloque" : "10.h", "territorio_padre" : 10, "color" : null}}, {"type" : "Feature", "geometry" : {"type":"Polygon","coordinates":[[[-73.365782,-37.461235],[-73.366141,-37.461249],[-73.366582,-37.461826],[-73.367548,-37.462392],[-73.367473,-37.462486],[-73.36709,-37.462277],[-73.367003,-37.462298],[-73.36699,-37.462398],[-73.366984,-37.462514],[-73.366865,-37.462656],[-73.366749,-37.462754],[-73.36656,-37.462812],[-73.366458,-37.462826],[-73.366347,-37.462755],[-73.366266,-37.462915],[-73.366144,-37.462999],[-73.366015,-37.463261],[-73.366004,-37.463479],[-73.365872,-37.463488],[-73.365783,-37.463319],[-73.365859,-37.462929],[-73.365926,-37.462733],[-73.366045,-37.462524],[-73.366183,-37.462298],[-73.366228,-37.462102],[-73.366174,-37.461939],[-73.366015,-37.461552],[-73.366011,-37.461537],[-73.366003,-37.461546],[-73.365949,-37.461549],[-73.365782,-37.461235]]]}, "properties" : {"id" : "10-10.i", "nombre_bloque" : "10.i", "territorio_padre" : 10, "color" : null}}, {"type" : "Feature", "geometry" : {"type":"Polygon","coordinates":[[[-73.367079,-37.462385],[-73.367432,-37.462538],[-73.367258,-37.462736],[-73.366744,-37.463249],[-73.366571,-37.463457],[-73.366182,-37.464237],[-73.365983,-37.463873],[-73.365958,-37.463737],[-73.365979,-37.463519],[-73.366007,-37.463486],[-73.36601,-37.463271],[-73.366149,-37.46299],[-73.366271,-37.462921],[-73.36641,-37.462892],[-73.366572,-37.46286],[-73.366752,-37.462843],[-73.366894,-37.462716],[-73.36703,-37.462546],[-73.367079,-37.462385]]]}, "properties" : {"id" : "10-10.j", "nombre_bloque" : "10.j", "territorio_padre" : 10, "color" : null}}, {"type" : "Feature", "geometry" : {"type":"Polygon","coordinates":[[[-73.364294,-37.468283],[-73.365645,-37.469221],[-73.365804,-37.469374],[-73.365829,-37.46945],[-73.365783,-37.469554],[-73.365665,-37.46965],[-73.365519,-37.469751],[-73.365402,-37.469832],[-73.365302,-37.469829],[-73.363903,-37.468833],[-73.364111,-37.468572],[-73.364294,-37.468283]]]}, "properties" : {"id" : "11-11.a", "nombre_bloque" : "11.a", "territorio_padre" : 11, "color" : "#3cb44b"}}, {"type" : "Feature", "geometry" : {"type":"Polygon","coordinates":[[[-73.364898,-37.467021],[-73.365279,-37.467089],[-73.365466,-37.467137],[-73.365152,-37.467479],[-73.364813,-37.467686],[-73.364756,-37.467942],[-73.364805,-37.468216],[-73.365538,-37.46856],[-73.366002,-37.469137],[-73.366062,-37.469536],[-73.365891,-37.469767],[-73.365615,-37.469953],[-73.365656,-37.470138],[-73.365751,-37.470275],[-73.366053,-37.470536],[-73.366135,-37.470663],[-73.36598,-37.470852],[-73.36585,-37.470973],[-73.365782,-37.470676],[-73.365561,-37.470349],[-73.365443,-37.470099],[-73.365455,-37.469954],[-73.365592,-37.469821],[-73.365811,-37.469634],[-73.365915,-37.46949],[-73.365861,-37.469297],[-73.364312,-37.468178],[-73.364898,-37.467021]]]}, "properties" : {"id" : "11-11.b", "nombre_bloque" : "11.b", "territorio_padre" : 11, "color" : "#3cb44b"}}, {"type" : "Feature", "geometry" : {"type":"Polygon","coordinates":[[[-73.366438,-37.46625],[-73.366362,-37.466524],[-73.366206,-37.466746],[-73.365895,-37.466851],[-73.365788,-37.466989],[-73.365485,-37.467131],[-73.364917,-37.467014],[-73.365054,-37.466749],[-73.365587,-37.466851],[-73.365979,-37.466161],[-73.365437,-37.465974],[-73.365916,-37.464979],[-73.366438,-37.46625]]]}, "properties" : {"id" : "11-11.c", "nombre_bloque" : "11.c", "territorio_padre" : 11, "color" : "#3cb44b"}}, {"type" : "Feature", "geometry" : {"type":"Polygon","coordinates":[[[-73.365522,-37.466793],[-73.365097,-37.466658],[-73.365405,-37.466046],[-73.365873,-37.466181],[-73.365522,-37.466793]]]}, "properties" : {"id" : "11-11.d", "nombre_bloque" : "11.d", "territorio_padre" : 11, "color" : "#3cb44b"}}, {"type" : "Feature", "geometry" : {"type":"Polygon","coordinates":[[[-73.364146,-37.468185],[-73.364201,-37.468244],[-73.364164,-37.468332],[-73.36412,-37.468401],[-73.364032,-37.468537],[-73.363976,-37.46862],[-73.363817,-37.468802],[-73.363426,-37.468411],[-73.363985,-37.468018],[-73.364146,-37.468185]]]}, "properties" : {"id" : "12-12.a", "nombre_bloque" : "12.a", "territorio_padre" : 12, "color" : null}}, {"type" : "Feature", "geometry" : {"type":"Polygon","coordinates":[[[-73.363638,-37.4677],[-73.363937,-37.467999],[-73.363384,-37.468364],[-73.363084,-37.468076],[-73.363638,-37.4677]]]}, "properties" : {"id" : "12-12.b", "nombre_bloque" : "12.b", "territorio_padre" : 12, "color" : null}}, {"type" : "Feature", "geometry" : {"type":"Polygon","coordinates":[[[-73.363596,-37.467639],[-73.362456,-37.46841],[-73.362223,-37.468262],[-73.363317,-37.467367],[-73.363596,-37.467639]]]}, "properties" : {"id" : "12-12.c", "nombre_bloque" : "12.c", "territorio_padre" : 12, "color" : null}}, {"type" : "Feature", "geometry" : {"type":"Polygon","coordinates":[[[-73.362936,-37.467045],[-73.363256,-37.467335],[-73.362161,-37.468234],[-73.361823,-37.468006],[-73.362936,-37.467045]]]}, "properties" : {"id" : "12-12.d", "nombre_bloque" : "12.d", "territorio_padre" : 12, "color" : null}}, {"type" : "Feature", "geometry" : {"type":"Polygon","coordinates":[[[-73.361444,-37.46778],[-73.361581,-37.467488],[-73.36173,-37.467192],[-73.361829,-37.467115],[-73.362274,-37.466909],[-73.36228,-37.46691],[-73.362642,-37.46677],[-73.362903,-37.467008],[-73.361757,-37.467972],[-73.361444,-37.46778]]]}, "properties" : {"id" : "12-12.e", "nombre_bloque" : "12.e", "territorio_padre" : 12, "color" : null}}, {"type" : "Feature", "geometry" : {"type":"Polygon","coordinates":[[[-73.361153,-37.466962],[-73.361735,-37.466352],[-73.36209,-37.46669],[-73.362441,-37.466588],[-73.362541,-37.466743],[-73.362083,-37.466913],[-73.361678,-37.467104],[-73.361526,-37.467251],[-73.361282,-37.467799],[-73.360639,-37.467567],[-73.361153,-37.466962]]]}, "properties" : {"id" : "12-12.f", "nombre_bloque" : "12.f", "territorio_padre" : 12, "color" : null}}, {"type" : "Feature", "geometry" : {"type":"Polygon","coordinates":[[[-73.364991,-37.469688],[-73.365263,-37.469935],[-73.365399,-37.469925],[-73.365371,-37.470032],[-73.365391,-37.470114],[-73.365454,-37.470271],[-73.365592,-37.470499],[-73.365701,-37.470681],[-73.365665,-37.470818],[-73.365737,-37.470848],[-73.365756,-37.471025],[-73.365847,-37.470972],[-73.36589,-37.471209],[-73.365377,-37.471696],[-73.365287,-37.471689],[-73.365287,-37.471615],[-73.365352,-37.471413],[-73.365385,-37.47134],[-73.365329,-37.471304],[-73.365281,-37.470829],[-73.365269,-37.470454],[-73.365149,-37.470096],[-73.364977,-37.469963],[-73.363684,-37.469051],[-73.363844,-37.468887],[-73.364991,-37.469688]]]}, "properties" : {"id" : "13-13.a", "nombre_bloque" : "13.a", "territorio_padre" : 13, "color" : null}}, {"type" : "Feature", "geometry" : {"type":"Polygon","coordinates":[[[-73.363957,-37.469237],[-73.364432,-37.469589],[-73.364671,-37.469769],[-73.364991,-37.469998],[-73.365147,-37.470091],[-73.365261,-37.470467],[-73.365266,-37.471134],[-73.365119,-37.470904],[-73.365133,-37.470688],[-73.365097,-37.470555],[-73.365016,-37.470443],[-73.364979,-37.470327],[-73.364914,-37.47022],[-73.364793,-37.470115],[-73.364718,-37.470009],[-73.364531,-37.46984],[-73.364294,-37.469665],[-73.36406,-37.469559],[-73.36394,-37.469605],[-73.363777,-37.46968],[-73.363626,-37.46974],[-73.363488,-37.469851],[-73.36325,-37.469975],[-73.363039,-37.470105],[-73.362849,-37.470312],[-73.36284,-37.470649],[-73.362946,-37.470965],[-73.363116,-37.471414],[-73.363008,-37.471441],[-73.362955,-37.471419],[-73.362882,-37.47138],[-73.362786,-37.471341],[-73.362645,-37.471298],[-73.362502,-37.471244],[-73.362376,-37.471178],[-73.362291,-37.471123],[-73.362196,-37.471041],[-73.362104,-37.471007],[-73.361971,-37.470975],[-73.36167,-37.47094],[-73.361607,-37.470707],[-73.361542,-37.470698],[-73.36147,-37.47072],[-73.3614,-37.470773],[-73.361307,-37.470812],[-73.361195,-37.470819],[-73.36109,-37.470769],[-73.360785,-37.470542],[-73.36124,-37.470413],[-73.361291,-37.470455],[-73.361445,-37.470409],[-73.361679,-37.470372],[-73.361909,-37.470302],[-73.362088,-37.470216],[-73.362363,-37.470032],[-73.362727,-37.469792],[-73.362909,-37.46967],[-73.363058,-37.469566],[-73.363197,-37.469453],[-73.363651,-37.469055],[-73.363957,-37.469237]]]}, "properties" : {"id" : "13-13.b", "nombre_bloque" : "13.b", "territorio_padre" : 13, "color" : null}}, {"type" : "Feature", "geometry" : {"type":"Polygon","coordinates":[[[-73.36424,-37.47041],[-73.364187,-37.470477],[-73.364121,-37.470579],[-73.364063,-37.470684],[-73.363989,-37.470788],[-73.363933,-37.470862],[-73.363785,-37.47095],[-73.363679,-37.471042],[-73.363591,-37.471106],[-73.36345,-37.471241],[-73.363346,-37.471319],[-73.363203,-37.471386],[-73.363171,-37.471271],[-73.363125,-37.471189],[-73.363064,-37.471054],[-73.363014,-37.470929],[-73.362953,-37.470787],[-73.362911,-37.470628],[-73.36291,-37.470517],[-73.36292,-37.470395],[-73.36295,-37.470295],[-73.363021,-37.4702],[-73.36315,-37.470126],[-73.363241,-37.470075],[-73.363374,-37.469995],[-73.363524,-37.469887],[-73.363683,-37.469792],[-73.363836,-37.469729],[-73.363962,-37.469679],[-73.364053,-37.469649],[-73.364186,-37.469688],[-73.364273,-37.469746],[-73.364457,-37.469861],[-73.364684,-37.470076],[-73.36424,-37.47041]]]}, "properties" : {"id" : "13-13.c", "nombre_bloque" : "13.c", "territorio_padre" : 13, "color" : null}}, {"type" : "Feature", "geometry" : {"type":"MultiPolygon","coordinates":[[[[-73.3640147,-37.4713522],[-73.3640991,-37.4711975],[-73.364098,-37.471204],[-73.3640147,-37.4713522]]],[[[-73.3640887,-37.4709052],[-73.3640797,-37.4708262],[-73.3642127,-37.4706502],[-73.3640887,-37.4709052]]],[[[-73.364098,-37.471204],[-73.3642035,-37.4710163],[-73.3642127,-37.4706502],[-73.3642427,-37.4705182],[-73.3647017,-37.4701942],[-73.3648677,-37.4703052],[-73.3650527,-37.4706442],[-73.3650547,-37.4709272],[-73.3652087,-37.4711702],[-73.3652717,-37.4713652],[-73.3653087,-37.4713952],[-73.3652537,-37.4715422],[-73.3652407,-37.4717052],[-73.3644137,-37.4718382],[-73.3639937,-37.4718282],[-73.364098,-37.471204]]]]}, "properties" : {"id" : "13-13.d", "nombre_bloque" : "13.d", "territorio_padre" : 13, "color" : null}}, {"type" : "Feature", "geometry" : {"type":"Polygon","coordinates":[[[-73.361297,-37.470924],[-73.361464,-37.470966],[-73.361684,-37.471002],[-73.361979,-37.471034],[-73.362112,-37.471074],[-73.362236,-37.471152],[-73.36236,-37.471239],[-73.362525,-37.471314],[-73.362706,-37.471376],[-73.362846,-37.471424],[-73.362956,-37.471478],[-73.363003,-37.471535],[-73.363007,-37.471604],[-73.362991,-37.471705],[-73.362869,-37.471903],[-73.362648,-37.472286],[-73.362541,-37.472428],[-73.36227,-37.47275],[-73.362098,-37.472939],[-73.362053,-37.472973],[-73.361997,-37.472955],[-73.361922,-37.47282],[-73.361826,-37.472688],[-73.361768,-37.472582],[-73.361757,-37.472534],[-73.361702,-37.472389],[-73.361688,-37.472263],[-73.361676,-37.472111],[-73.361677,-37.47201],[-73.361677,-37.471912],[-73.361669,-37.471832],[-73.361677,-37.471768],[-73.361702,-37.471723],[-73.36171,-37.471636],[-73.361638,-37.471589],[-73.361537,-37.471506],[-73.36144,-37.471432],[-73.361354,-37.471393],[-73.361199,-37.471325],[-73.361093,-37.471321],[-73.361025,-37.471301],[-73.361002,-37.471259],[-73.361007,-37.471186],[-73.361032,-37.471103],[-73.361047,-37.470995],[-73.361119,-37.470846],[-73.361297,-37.470924]]]}, "properties" : {"id" : "13-13.e", "nombre_bloque" : "13.e", "territorio_padre" : 13, "color" : null}}, {"type" : "Feature", "geometry" : {"type":"Polygon","coordinates":[[[-73.362823,-37.468879],[-73.360932,-37.470162],[-73.360796,-37.469653],[-73.362432,-37.468537],[-73.362823,-37.468879]]]}, "properties" : {"id" : "14-14.a", "nombre_bloque" : "14.a", "territorio_padre" : 14, "color" : null}}, {"type" : "Feature", "geometry" : {"type":"Polygon","coordinates":[[[-73.36236,-37.468482],[-73.361619,-37.468977],[-73.36112,-37.468625],[-73.361414,-37.467889],[-73.36236,-37.468482]]]}, "properties" : {"id" : "14-14.b", "nombre_bloque" : "14.b", "territorio_padre" : 14, "color" : null}}, {"type" : "Feature", "geometry" : {"type":"Polygon","coordinates":[[[-73.360681,-37.469458],[-73.360682,-37.469574],[-73.360708,-37.469707],[-73.360833,-37.470209],[-73.360602,-37.47043],[-73.360311,-37.470231],[-73.360015,-37.469504],[-73.360088,-37.469408],[-73.360238,-37.469232],[-73.360273,-37.468966],[-73.36031,-37.468492],[-73.360372,-37.46836],[-73.360486,-37.468048],[-73.360676,-37.467696],[-73.361269,-37.467872],[-73.360681,-37.469458]]]}, "properties" : {"id" : "14-14.c", "nombre_bloque" : "14.c", "territorio_padre" : 14, "color" : null}}, {"type" : "Feature", "geometry" : {"type":"Polygon","coordinates":[[[-73.358199,-37.470426],[-73.358879,-37.469918],[-73.359626,-37.469632],[-73.359953,-37.46953],[-73.36008,-37.469797],[-73.360195,-37.470074],[-73.360256,-37.470258],[-73.360577,-37.4705],[-73.360026,-37.470637],[-73.359833,-37.470592],[-73.35967,-37.470598],[-73.359186,-37.470638],[-73.35873,-37.470616],[-73.358293,-37.470587],[-73.358199,-37.470426]]]}, "properties" : {"id" : "14-14.d", "nombre_bloque" : "14.d", "territorio_padre" : 14, "color" : null}}, {"type" : "Feature", "geometry" : {"type":"Polygon","coordinates":[[[-73.35887,-37.466404],[-73.358988,-37.466261],[-73.360247,-37.467278],[-73.360128,-37.467372],[-73.360052,-37.467388],[-73.360034,-37.467322],[-73.35887,-37.466404]]]}, "properties" : {"id" : "15-15.a", "nombre_bloque" : "15.a", "territorio_padre" : 15, "color" : null}}, {"type" : "Feature", "geometry" : {"type":"Polygon","coordinates":[[[-73.360038,-37.467454],[-73.36034,-37.467643],[-73.360111,-37.467928],[-73.359807,-37.467704],[-73.360038,-37.467454]]]}, "properties" : {"id" : "15-15.b", "nombre_bloque" : "15.b", "territorio_padre" : 15, "color" : null}}, {"type" : "Feature", "geometry" : {"type":"Polygon","coordinates":[[[-73.3593899,-37.4673945],[-73.3594542,-37.4673256],[-73.3595078,-37.4673631],[-73.3597007,-37.4671615],[-73.3599475,-37.4673296],[-73.3596793,-37.4676031],[-73.3593899,-37.4673945]]]}, "properties" : {"id" : "15-15.c", "nombre_bloque" : "15.c", "territorio_padre" : 15, "color" : null}}, {"type" : "Feature", "geometry" : {"type":"Polygon","coordinates":[[[-73.3591216,-37.4672146],[-73.3591847,-37.4671476],[-73.3592128,-37.4671699],[-73.3594408,-37.4669485],[-73.3596474,-37.4671124],[-73.3593899,-37.4673945],[-73.3591216,-37.4672146]]]}, "properties" : {"id" : "15-15.d", "nombre_bloque" : "15.d", "territorio_padre" : 15, "color" : null}}, {"type" : "Feature", "geometry" : {"type":"Polygon","coordinates":[[[-73.3591592,-37.4667431],[-73.3594033,-37.466924],[-73.3591109,-37.4672306],[-73.3588481,-37.4670454],[-73.3591592,-37.4667431]]]}, "properties" : {"id" : "15-15.e", "nombre_bloque" : "15.e", "territorio_padre" : 15, "color" : null}}, {"type" : "Feature", "geometry" : {"type":"Polygon","coordinates":[[[-73.3585745,-37.4668334],[-73.3588615,-37.466529],[-73.3591297,-37.4667078],[-73.358832,-37.4670356],[-73.3585745,-37.4668334]]]}, "properties" : {"id" : "15-15.f", "nombre_bloque" : "15.f", "territorio_padre" : 15, "color" : null}}, {"type" : "Feature", "geometry" : {"type":"Polygon","coordinates":[[[-73.359764,-37.467752],[-73.360076,-37.467981],[-73.359885,-37.468181],[-73.35954,-37.467945],[-73.359764,-37.467752]]]}, "properties" : {"id" : "16-16.a", "nombre_bloque" : "16.a", "territorio_padre" : 16, "color" : null}}, {"type" : "Feature", "geometry" : {"type":"Polygon","coordinates":[[[-73.3593899,-37.4673945],[-73.3596685,-37.4675946],[-73.359436,-37.4678292],[-73.3591826,-37.4676674],[-73.3593545,-37.4674873],[-73.3593178,-37.4674628],[-73.3593899,-37.4673945]]]}, "properties" : {"id" : "16-16.b", "nombre_bloque" : "16.b", "territorio_padre" : 16, "color" : null}}, {"type" : "Feature", "geometry" : {"type":"Polygon","coordinates":[[[-73.3591216,-37.4672146],[-73.3593899,-37.4673945],[-73.3591531,-37.4676376],[-73.3589036,-37.4674971],[-73.3590971,-37.4673005],[-73.3590611,-37.4672714],[-73.3591216,-37.4672146]]]}, "properties" : {"id" : "16-16.c", "nombre_bloque" : "16.c", "territorio_padre" : 16, "color" : null}}, {"type" : "Feature", "geometry" : {"type":"Polygon","coordinates":[[[-73.3591216,-37.4672146],[-73.3588533,-37.4674706],[-73.3586106,-37.4673173],[-73.358793,-37.4671332],[-73.3587568,-37.4671055],[-73.358832,-37.4670356],[-73.3591216,-37.4672146]]]}, "properties" : {"id" : "16-16.d", "nombre_bloque" : "16.d", "territorio_padre" : 16, "color" : null}}, {"type" : "Feature", "geometry" : {"type":"Polygon","coordinates":[[[-73.358832,-37.4670356],[-73.3585711,-37.4672929],[-73.3583096,-37.4671289],[-73.3585597,-37.4668515],[-73.358832,-37.4670356]]]}, "properties" : {"id" : "16-16.e", "nombre_bloque" : "16.e", "territorio_padre" : 16, "color" : null}}, {"type" : "Feature", "geometry" : {"type":"Polygon","coordinates":[[[-73.359803,-37.468339],[-73.358141,-37.467299],[-73.35826,-37.467196],[-73.359477,-37.467985],[-73.359832,-37.468232],[-73.359803,-37.468339]]]}, "properties" : {"id" : "16-16.f", "nombre_bloque" : "16.f", "territorio_padre" : 16, "color" : null}}, {"type" : "Feature", "geometry" : {"type":"Polygon","coordinates":[[[-73.359303,-37.4680397],[-73.3598,-37.468351],[-73.359495,-37.468666],[-73.359408,-37.468614],[-73.359649,-37.468371],[-73.359592,-37.468342],[-73.359348,-37.468588],[-73.359055,-37.468384],[-73.359297,-37.4681331],[-73.359243,-37.4681056],[-73.359303,-37.4680397]]]}, "properties" : {"id" : "17-17.a", "nombre_bloque" : "17.a", "territorio_padre" : 17, "color" : null}}, {"type" : "Feature", "geometry" : {"type":"Polygon","coordinates":[[[-73.359303,-37.4680397],[-73.3590214,-37.4683612],[-73.3587639,-37.4682058],[-73.3589865,-37.4679397],[-73.3589302,-37.4679013],[-73.3589892,-37.4678375],[-73.359303,-37.4680397]]]}, "properties" : {"id" : "17-17.b", "nombre_bloque" : "17.b", "territorio_padre" : 17, "color" : null}}, {"type" : "Feature", "geometry" : {"type":"Polygon","coordinates":[[[-73.3589892,-37.4678375],[-73.3586915,-37.4681722],[-73.3584608,-37.4680146],[-73.3586969,-37.4677549],[-73.3586473,-37.4677208],[-73.358713,-37.4676612],[-73.3589892,-37.4678375]]]}, "properties" : {"id" : "17-17.c", "nombre_bloque" : "17.c", "territorio_padre" : 17, "color" : null}}, {"type" : "Feature", "geometry" : {"type":"Polygon","coordinates":[[[-73.358713,-37.4676612],[-73.3583924,-37.4679744],[-73.3581362,-37.4678126],[-73.358387,-37.4675699],[-73.3583119,-37.4675252],[-73.3583843,-37.467457],[-73.358713,-37.4676612]]]}, "properties" : {"id" : "17-17.d", "nombre_bloque" : "17.d", "territorio_padre" : 17, "color" : null}}, {"type" : "Feature", "geometry" : {"type":"Polygon","coordinates":[[[-73.3583843,-37.467457],[-73.3580558,-37.4677643],[-73.357809,-37.4676228],[-73.358141,-37.467299],[-73.3583843,-37.467457]]]}, "properties" : {"id" : "17-17.e", "nombre_bloque" : "17.e", "territorio_padre" : 17, "color" : null}}, {"type" : "Feature", "geometry" : {"type":"Polygon","coordinates":[[[-73.358893,-37.469077],[-73.359309,-37.468675],[-73.359459,-37.468768],[-73.359054,-37.469168],[-73.358893,-37.469077]]]}, "properties" : {"id" : "17-17.f", "nombre_bloque" : "17.f", "territorio_padre" : 17, "color" : null}}, {"type" : "Feature", "geometry" : {"type":"Polygon","coordinates":[[[-73.358864,-37.469035],[-73.35866,-37.468913],[-73.358591,-37.468914],[-73.359031,-37.468487],[-73.359284,-37.468651],[-73.358864,-37.469035]]]}, "properties" : {"id" : "17-17.g", "nombre_bloque" : "17.g", "territorio_padre" : 17, "color" : null}}, {"type" : "Feature", "geometry" : {"type":"Polygon","coordinates":[[[-73.3589108,-37.4684207],[-73.3588223,-37.4685101],[-73.3576583,-37.4677969],[-73.3577521,-37.4677033],[-73.3589108,-37.4684207]]]}, "properties" : {"id" : "18-18.a", "nombre_bloque" : "18.a", "territorio_padre" : 18, "color" : null}}, {"type" : "Feature", "geometry" : {"type":"Polygon","coordinates":[[[-73.3588223,-37.4685101],[-73.3584683,-37.4688443],[-73.3583315,-37.4688443],[-73.3582068,-37.468756],[-73.3585139,-37.468442],[-73.3584736,-37.4684186],[-73.3585461,-37.4683462],[-73.3588223,-37.4685101]]]}, "properties" : {"id" : "18-18.b", "nombre_bloque" : "18.b", "territorio_padre" : 18, "color" : null}}, {"type" : "Feature", "geometry" : {"type":"Polygon","coordinates":[[[-73.3585461,-37.4683462],[-73.3581357,-37.4687262],[-73.3579023,-37.4685729],[-73.3582108,-37.4682248],[-73.3581652,-37.4681908],[-73.3582135,-37.4681371],[-73.3585461,-37.4683462]]]}, "properties" : {"id" : "18-18.c", "nombre_bloque" : "18.c", "territorio_padre" : 18, "color" : null}}, {"type" : "Feature", "geometry" : {"type":"Polygon","coordinates":[[[-73.3582135,-37.4681371],[-73.3578192,-37.4685448],[-73.3575644,-37.468384],[-73.3578983,-37.4680338],[-73.357846,-37.4679977],[-73.3578983,-37.4679434],[-73.3582135,-37.4681371]]]}, "properties" : {"id" : "18-18.d", "nombre_bloque" : "18.d", "territorio_padre" : 18, "color" : null}}, {"type" : "Feature", "geometry" : {"type":"Polygon","coordinates":[[[-73.3578983,-37.4679434],[-73.3575174,-37.4683447],[-73.3572452,-37.4681903],[-73.3576583,-37.4677969],[-73.3578983,-37.4679434]]]}, "properties" : {"id" : "18-18.e", "nombre_bloque" : "18.e", "territorio_padre" : 18, "color" : null}}, {"type" : "Feature", "geometry" : {"type":"Polygon","coordinates":[[[-73.358458,-37.468958],[-73.358596,-37.468957],[-73.358728,-37.468977],[-73.35888,-37.469056],[-73.358837,-37.469098],[-73.358219,-37.469079],[-73.357046,-37.468343],[-73.35715,-37.468249],[-73.358232,-37.468926],[-73.3583,-37.468958],[-73.358458,-37.468958]]]}, "properties" : {"id" : "18-18.f", "nombre_bloque" : "18.f", "territorio_padre" : 18, "color" : null}}, {"type" : "Feature", "geometry" : {"type":"Polygon","coordinates":[[[-73.357974,-37.4667673],[-73.357746,-37.4670014],[-73.3572633,-37.4666842],[-73.3573384,-37.4666523],[-73.3574913,-37.4664671],[-73.357974,-37.4667673]]]}, "properties" : {"id" : "19-19.a", "nombre_bloque" : "19.a", "territorio_padre" : 19, "color" : null}}, {"type" : "Feature", "geometry" : {"type":"Polygon","coordinates":[[[-73.3577032,-37.4670269],[-73.3574644,-37.4672527],[-73.3569092,-37.4668886],[-73.3572016,-37.4667204],[-73.3577032,-37.4670269]]]}, "properties" : {"id" : "19-19.b", "nombre_bloque" : "19.b", "territorio_padre" : 19, "color" : null}}, {"type" : "Feature", "geometry" : {"type":"Polygon","coordinates":[[[-73.3574322,-37.4673058],[-73.3572204,-37.4675336],[-73.356574,-37.4670929],[-73.3568771,-37.4669162],[-73.3574322,-37.4673058]]]}, "properties" : {"id" : "19-19.c", "nombre_bloque" : "19.c", "territorio_padre" : 19, "color" : null}}, {"type" : "Feature", "geometry" : {"type":"Polygon","coordinates":[[[-73.3571896,-37.4675853],[-73.3570726,-37.4677124],[-73.356712,-37.4674676],[-73.3564077,-37.4672441],[-73.3565499,-37.4671249],[-73.3570971,-37.467523],[-73.3571896,-37.4675853]]]}, "properties" : {"id" : "19-19.d", "nombre_bloque" : "19.d", "territorio_padre" : 19, "color" : null}}, {"type" : "Feature", "geometry" : {"type":"MultiPolygon","coordinates":[[[[-73.330426,-37.478414],[-73.329725,-37.478314],[-73.329595,-37.478323],[-73.329518,-37.478352],[-73.329376,-37.478408],[-73.329298,-37.478434],[-73.329228,-37.478453],[-73.329077,-37.478447],[-73.328951,-37.478419],[-73.328785,-37.478402],[-73.328785,-37.478643],[-73.328587,-37.478646],[-73.328577,-37.478579],[-73.328556,-37.478494],[-73.328502,-37.478414],[-73.32848763,-37.478297786],[-73.328502242,-37.47810355],[-73.328509549,-37.477889019],[-73.329101,-37.477964],[-73.32979,-37.478003],[-73.330465,-37.478028],[-73.330426,-37.478414]]]]}, "properties" : {"id" : "92-92.a", "nombre_bloque" : "92.a", "territorio_padre" : 92, "color" : null}}, {"type" : "Feature", "geometry" : {"type":"MultiPolygon","coordinates":[[[[-73.33571,-37.477488],[-73.3357293,-37.4775656],[-73.335571,-37.477618],[-73.335073,-37.477636],[-73.334442,-37.477717],[-73.334181,-37.477711],[-73.334165,-37.477391],[-73.334161,-37.477339],[-73.334127,-37.477312],[-73.334088,-37.477289],[-73.333982,-37.477283],[-73.333716,-37.477303],[-73.333359,-37.477343],[-73.332848,-37.477386],[-73.332361,-37.477438],[-73.331969,-37.477479],[-73.331251,-37.47753],[-73.330749592,-37.477573472],[-73.330675,-37.477562],[-73.330619,-37.477572],[-73.330565,-37.477598],[-73.330522,-37.47763],[-73.330475,-37.477919],[-73.329313234,-37.477857129],[-73.329294968,-37.477610708],[-73.330753444,-37.477472594],[-73.333667,-37.476922],[-73.3356632,-37.477142],[-73.3356959,-37.4773134],[-73.3357228,-37.4774054],[-73.33571,-37.477488]]]]}, "properties" : {"id" : "89-89.a", "nombre_bloque" : "89.a", "territorio_padre" : 89, "color" : null}}]}

